Symbol,Security Name
AACB,"Artius II Acquisition Inc. - Class A Ordinary Shares"
AACBR,"Artius II Acquisition Inc. - Rights"
AACBU,"Artius II Acquisition Inc. - Units"
AACG,"ATA Creativity Global - American Depositary Shares, each representing two common shares"
AACI,"Armada Acquisition Corp. II - Class A Ordinary Shares"
AACIU,"Armada Acquisition Corp. II - Units"
AACIW,"Armada Acquisition Corp. II - Warrant"
AADR,"AdvisorShares Dorsey Wright ADR ETF"
AALG,"Leverage Shares 2X Long AAL Daily ETF"
AAM,"AA Mission Acquisition Corp. Class A Ordinary Shares"
AAM.U,"AA Mission Acquisition Corp. Units, each consisting of one Class A Ordinary Share and one"
AAM.W,"AA Mission Acquisition Corp. Warrants, each whole warrant entitles the holder to purchase one Class A ordinary share at a price of $11.50 per share"
AAME,"Atlantic American Corporation - Common Stock"
AAMI,"Acadian Asset Management Inc. Common Stock"
AAOI,"Applied Optoelectronics, Inc. - Common Stock"
AAPB,"GraniteShares 2x Long AAPL Daily ETF"
AAPD,"Direxion Daily AAPL Bear 1X Shares"
AAPU,"Direxion Daily AAPL Bull 2X Shares"
AARD,"Aardvark Therapeutics, Inc. - Common Stock"
AAT,"American Assets Trust, Inc. Common Stock"
AAUS,"Alpha Architect US Equity ETF"
AAVM,"Alpha Architect Global Factor Equity ETF"
AAXJ,"iShares MSCI All Country Asia ex Japan ETF"
ABAT,"American Battery Technology Company - Common Stock"
ABCL,"AbCellera Biologics Inc. - Common Shares"
ABCS,"Alpha Blue Capital US Small-Mid Cap Dynamic ETF"
ABEO,"Abeona Therapeutics Inc. - Common Stock"
ABEV,"Ambev S.A. American Depositary Shares (Each representing 1 Common Share)"
ABI,"VictoryShares Pioneer Asset-Based Income ETF"
ABIG,"Argent Large Cap ETF"
ABL,"Abacus Global Management, Inc. - Class A Common Stock"
ABLLL,"Abacus Global Management, Inc. - 9.875% Fixed Rate Senior Notes due 2028"
ABLV,"Able View Global Inc. - Class B Ordinary Shares"
ABLVW,"Able View Global Inc. - Warrant"
ABOS,"Acumen Pharmaceuticals, Inc. - Common Stock"
ABP,"Abpro Holdings, Inc - Common Stock"
ABPWW,"Abpro Holdings, Inc - Warrant"
ABR$D,"Arbor Realty Trust 6.375% Series D Cumulative Redeemable Preferred Stock, Liquidation Preference $25.00 per Share"
ABR$E,"Arbor Realty Trust 6.25% Series E Cumulative Redeemable Preferred Stock"
ABR$F,"Arbor Realty Trust 6.25% Series F Fixed"
ABSI,"Absci Corporation - Common Stock"
ABTS,"Abits Group Inc - Ordinary Shares"
ABUS,"Arbutus Biopharma Corporation - Common Stock"
ABVC,"ABVC BioPharma, Inc. - Common Stock"
ABVE,"Above Food Ingredients Inc. - Common Stock"
ABVEW,"Above Food Ingredients Inc. - Warrant"
ACB,"Aurora Cannabis Inc. - Common Shares"
ACCO,"Acco Brands Corporation Common Stock"
ACDC,"ProFrac Holding Corp. - Class A Common Stock"
ACEL,"Accel Entertainment, Inc."
ACET,"Adicet Bio, Inc. - Common Stock"
ACFN,"Acorn Energy, Inc. - Common Stock"
ACGLN,"Arch Capital Group Ltd. - Depositary Shares, each Representing a 1/1,000th Interest in a 4.550% Non-Cumulative Preferred Share, Series G"
ACGLO,"Arch Capital Group Ltd. - Depositary Shares Each Representing 1/1,000th Interest in a Share of5.45% Non-Cumulative Preferred Shares, Series F"
ACHR.W,"Archer Aviation Inc. Redeemable Warrants, each whole warrant exercisable for one Class A common stock at an exercise price of $11.50"
ACHV,"Achieve Life Sciences, Inc.  - Common Shares"
ACIC,"American Coastal Insurance Corporation - Common Stock"
ACIU,"AC Immune SA - Common Stock"
ACLO,"TCW AAA CLO ETF"
ACM,"AECOM Common Stock"
ACNB,"ACNB Corporation - Common Stock"
ACNT,"Ascent Industries Co. - Common Stock"
ACOG,"Alpha Cognition Inc. - Common Stock"
ACON,"Aclarion, Inc. - Common Stock"
ACONW,"Aclarion, Inc. - Warrant"
ACP,"abrdn Income Credit Strategies Fund Common Shares"
ACP$A,"abrdn Income Credit Strategies Fund 5.250% Series A Perpetual Preferred Stock"
ACR,"ACRES Commercial Realty Corp. Common Stock"
ACR$C,"ACRES Commercial Realty Corp. 8.625% Fixed"
ACR$D,"ACRES Commercial Realty Corp. 7.875% Series D Cumulative Redeemable Preferred Stock"
ACRE,"Ares Commercial Real Estate Corporation Common Stock"
ACRS,"Aclaris Therapeutics, Inc. - Common Stock"
ACRV,"Acrivon Therapeutics, Inc. - Common Stock"
ACTG,"Acacia Research Corporation - Common Stock"
ACTU,"Actuate Therapeutics, Inc. - Common stock"
ACV,"Virtus Diversified Income & Convertible Fund Common Shares of Beneficial Interest"
ACVA,"ACV Auctions Inc. Class A Common Stock"
ACWI,"iShares MSCI ACWI ETF"
ACWX,"iShares MSCI ACWI ex U.S. ETF"
ACXP,"Acurx Pharmaceuticals, Inc. - Common Stock"
ADAG,"Adagene Inc. - ADS, each representing 1.25 ordinary shares"
ADAP,"Adaptimmune Therapeutics plc - American Depositary Shares"
ADBG,"Leverage Shares 2X Long ADBE Daily ETF"
ADC$A,"Agree Realty Corporation Depositary Shares, each representing 1/1,000th of a 4.250% Series A Cumulative Redeemable Preferred Stock"
ADCT,"ADC Therapeutics SA Common Shares"
ADEA,"Adeia Inc.  - Common Stock"
ADGM,"Adagio Medical Holdings, Inc - Common Stock"
ADIL,"Adial Pharmaceuticals, Inc - Common Stock"
ADN,"Advent Technologies Holdings, Inc. - Class A Common Stock"
ADNT,"Adient plc Ordinary Shares"
ADNWW,"Advent Technologies Holdings, Inc. - Warrant"
ADSE,"ADS-TEC ENERGY PLC - Ordinary Shares"
ADSEW,"ADS-TEC ENERGY PLC - Warrant"
ADTN,"ADTRAN Holdings, Inc. - Common Stock"
ADTX,"Aditxt, Inc. - Common Stock"
ADUR,"Aduro Clean Technologies Inc. - Common Stock"
ADV,"Advantage Solutions Inc.  - Class A Common Stock"
ADVB,"Advanced Biomed Inc. - Common Stock"
ADVM,"Adverum Biotechnologies, Inc. - Common Stock"
ADVWW,"Advantage Solutions Inc.  - Warrant"
ADX,"Adams Diversified Equity Fund Inc."
ADXN,"Addex Therapeutics Ltd - American Depositary Shares"
AEBI,"Aebi Schmidt Holding AG - Common Stock"
AEFC,"Aegon Funding Company LLC 5.10% Subordinated Notes due 2049"
AEG,"Aegon Ltd. New York Registry Shares"
AEHL,"Antelope Enterprise Holdings Limited - Class A Ordinary Shares"
AEHR,"Aehr Test Systems - Common Stock"
AEI,"Alset Inc. - Common Stock"
AEM,"Agnico Eagle Mines Limited Common Stock"
AEMD,"Aethlon Medical, Inc. - Common Stock"
AENT,"Alliance Entertainment Holding Corporation - common stock"
AENTW,"Alliance Entertainment Holding Corporation - Warrants"
AER,"AerCap Holdings N.V. Ordinary Shares"
AERT,"Aeries Technology, Inc. - Class A Ordinary Share"
AERTW,"Aeries Technology, Inc. - Warrant"
AESI,"Atlas Energy Solutions Inc. Common Stock"
AEVA,"Aeva Technologies, Inc. - Common Stock"
AEVAW,"Aeva Technologies, Inc. - Redeemable Warrants"
AEXA,"American Exceptionalism Acquisition Corp. A Class A Ordinary Shares"
AEYE,"AudioEye, Inc. - Common Stock"
AFB,"AllianceBernstein National Municipal Income Fund Inc"
AFBI,"Affinity Bancshares, Inc. - Common Stock"
AFCG,"Advanced Flower Capital Inc. - Common Stock"
AFG,"American Financial Group, Inc. Common Stock"
AFGB,"American Financial Group, Inc. 5.875% Subordinated Debentures due 2059"
AFGC,"American Financial Group, Inc. 5.125% Subordinated Debentures due 2059"
AFGD,"American Financial Group, Inc. 5.625% Subordinated Debentures due 2060"
AFGE,"American Financial Group, Inc. 4.500% Subordinated Debentures due 2060"
AFJK,"Aimei Health Technology Co., Ltd - Ordinary Share"
AFJKR,"Aimei Health Technology Co., Ltd - Right"
AFJKU,"Aimei Health Technology Co., Ltd - Unit"
AFOS,"ARS Focused Opportunity Strategy ETF"
AFRI,"Forafric Global PLC - Ordinary Shares"
AFRIW,"Forafric Global PLC - Warrants"
AFRM,"Affirm Holdings, Inc. - Class A Common Stock"
AFSC,"abrdn Focused U.S. Small Cap Active ETF"
AFYA,"Afya Limited - Class A Common Shares"
AGAE,"Allied Gaming & Entertainment Inc. - Common Stock"
AGD,"abrdn Global Dynamic Dividend Fund Common Shares of Beneficial Interest"
AGEM,"abrdn Emerging Markets Dividend Active ETF"
AGEN,"Agenus Inc. - Common Stock"
AGFY,"Agrify Corporation - Common Stock"
AGGA,"EA Astoria Dynamic Core US Fixed Income ETF"
AGH,"Aureus Greenway Holdings Inc. - Common Stock"
AGI,"Alamos Gold Inc. Class A Common Shares"
AGIX,"KraneShares Artificial Intelligence & Technology ETF"
AGL,"agilon health, inc. Common Stock"
AGM,"Federal Agricultural Mortgage Corporation Common Stock"
AGM$D,"Federal Agricultural Mortgage Corporation 5.700% Non"
AGM$E,"Federal Agricultural Mortgage Corporation 5.750% Non"
AGM$F,"Federal Agricultural Mortgage Corporation 5.250% Non"
AGM$G,"Federal Agricultural Mortgage Corporation 4.875% Non"
AGM$H,"Federal Agricultural Mortgage Corporation 6.500% Non"
AGM.A,"Federal Agricultural Mortgage Corporation Common Stock"
AGMH,"AGM Group Holdings Inc. - Class A Ordinary Shares"
AGMI,"Themes Silver Miners ETF"
AGNC,"AGNC Investment Corp. - Common Stock"
AGNCL,"AGNC Investment Corp. - Depositary Shares Each Representing a 1/1,000th Interest in a Share of 7.75% Series G Fixed-Rate Reset Cumulative Redeemable Preferred Stock"
AGNCM,"AGNC Investment Corp. - Depositary Shares rep 6.875% Series D Fixed-to-Floating Cumulative Redeemable Preferred Stock"
AGNCN,"AGNC Investment Corp. - Depositary Shares Each Representing a 1/1,000th Interest in a Share of 7.00% Series C Fixed-To-Floating Rate Cumulative Redeemable Preferred Stock"
AGNCO,"AGNC Investment Corp. - Depositary Shares, each representing a 1/1,000th interest in a share of Series E Fixed-to-Floating Cumulative Redeemable Preferred Stock"
AGNCP,"AGNC Investment Corp. - Depositary Shares Each Representing a 1/1,000th Interest in a Share of 6.125% Series F Fixed-to-Floating Rate Cumulative Redeemable Preferred Stock"
AGNG,"Global X Aging Population ETF"
AGRI,"AgriFORCE  Growing Systems Ltd. - Common Shares"
AGRO,"Adecoagro S.A. Common Shares"
AGZD,"WisdomTree Interest Rate Hedged U.S. Aggregate Bond Fund"
AHCO,"AdaptHealth Corp.  - Common Stock"
AHG,"Akso Health Group - American Depositary Shares"
AHH,"Armada Hoffler Properties, Inc. Common Stock"
AHH$A,"Armada Hoffler Properties, Inc. 6.75% Series A Cumulative Redeemable Perpetual Preferred Stock"
AHL$D,"Aspen Insurance Holdings Limited 5.625% Perpetual Non"
AHL$E,"Aspen Insurance Holdings Limited Depositary Shares, each representing a 1/1000th interest in a share of 5.625% Perpetual Non"
AHL$F,"Aspen Insurance Holdings Limited Depositary Shares, each representing a 1/1,000th Interest in a 7.00% Perpetual Non"
AHT,"Ashford Hospitality Trust Inc Common Stock"
AHT$D,"Ashford Hospitality Trust Inc 8.45% Series D Cumulative Preferred Stock"
AHT$F,"Ashford Hospitality Trust Inc 7.375% Series F Cumulative Preferred Stock"
AHT$G,"Ashford Hospitality Trust Inc 7.375% Series G Cumulative Preferred Stock"
AHT$H,"Ashford Hospitality Trust Inc 7.50% Series H Cumulative Preferred Stock"
AHT$I,"Ashford Hospitality Trust Inc 7.50% Series I Cumulative Preferred Stock"
AIA,"iShares Asia 50 ETF"
AIFD,"TCW Artificial Intelligence ETF"
AIFF,"Firefly Neuroscience, Inc.  - Common Stock"
AIFU,"AIFU Inc. - Class A Ordinary Share"
AIHS,"Senmiao Technology Limited - Common Stock"
AII,"American Integrity Insurance Group, Inc. Common Stock"
AIIO,"Robo.ai Inc. - Class B Ordinary Shares"
AIIOW,"Robo.ai Inc. - Warrant"
AIMD,"Ainos, Inc. - Common Stock"
AIMDW,"Ainos, Inc. - warrants"
AIN,"Albany International Corporation Common Stock"
AIO,"Virtus Artificial Intelligence & Technology Opportunities Fund Common Shares of Beneficial Interest"
AIOT,"PowerFleet, Inc. - Common Stock"
AIP,"Arteris, Inc.  - Common Stock"
AIPI,"REX AI Equity Premium Income ETF"
AIPO,"Defiance AI & Power Infrastructure ETF"
AIQ,"Global X Artificial Intelligence & Technology ETF"
AIRE,"reAlpha Tech Corp. - Common Stock"
AIRG,"Airgain, Inc. - Common Stock"
AIRJ,"AirJoule Technologies Corporation - Class A Common Stock"
AIRJW,"AirJoule Technologies Corporation - Warrant"
AIRL,"Themes Airlines ETF"
AIRO,"AIRO Group Holdings, Inc. - Common Stock"
AIRR,"First Trust RBA American Industrial Renaissance ETF"
AIRS,"AirSculpt Technologies, Inc. - Common Stock"
AIRT,"Air T, Inc. - Common Stock"
AIRTP,"Air T, Inc. - Trust Preferred Securities"
AISP,"Airship AI Holdings, Inc - Class A Common Stock"
AISPW,"Airship AI Holdings, Inc - Warrants"
AIV,"Apartment Investment and Management Company Common Stock"
AIXI,"XIAO-I Corporation - American Depositary Shares"
AIZN,"Assurant, Inc. 5.25% Subordinated Notes due 2061"
AKA,"a.k.a. Brands Holding Corp. Common Stock"
AKAF,"ETF Series Solutions The Frontier Economic Fund"
AKAN,"Akanda Corp. - Common Shares"
AKBA,"Akebia Therapeutics, Inc. - Common Stock"
AKTX,"Akari Therapeutics Plc - American Depositary Shares"
ALAB,"Astera Labs, Inc. - Common Stock"
ALAR,"Alarum Technologies Ltd. - American Depositary Shares"
ALB$A,"Albemarle Corporation Depositary Shares each representing a 1/20th of 7.25% Series A Mandatory Convertible Preferred Stock"
ALBT,"Avalon GloboCare Corp. - Common Stock"
ALC,"Alcon Inc. Ordinary Shares"
ALCO,"Alico, Inc. - Common Stock"
ALCY,"Alchemy Investments Acquisition Corp 1 - Class A Ordinary Shares"
ALCYU,"Alchemy Investments Acquisition Corp 1 - Units"
ALCYW,"Alchemy Investments Acquisition Corp 1 - Warrants"
ALDF,"Aldel Financial II Inc. - Class A Ordinary Shares"
ALDFU,"Aldel Financial II Inc. - Units"
ALDFW,"Aldel Financial II Inc. - Warrants"
ALDX,"Aldeyra Therapeutics, Inc. - Common Stock"
ALEC,"Alector, Inc. - Common Stock"
ALEX,"Alexander & Baldwin, Inc. Common Stock REIT Holding Company"
ALF,"Centurion Acquisition Corp. - Class A Ordinary Shares"
ALFUU,"Centurion Acquisition Corp. - Unit"
ALFUW,"Centurion Acquisition Corp. - Warrant"
ALGS,"Aligos Therapeutics, Inc. - Common stock"
ALGT,"Allegiant Travel Company - Common Stock"
ALIL,"Argent Focused Small Cap ETF"
ALIT,"Alight, Inc. Class A Common Stock"
ALK,"Alaska Air Group, Inc. Common Stock"
ALL$B,"Allstate Corporation (The) 5.100% Fixed"
ALL$H,"Allstate Corporation (The) Depositary Shares each representing a 1/1,000th interest in a share of Fixed Rate Noncumulative Perpetual Preferred Stock, Series H"
ALL$I,"Allstate Corporation (The) Depositary Shares each representing a 1/1,000th interest in a share of Fixed Rate Noncumulative Perpetual Preferred Stock, Series I"
ALL$J,"Allstate Corporation (The) Depositary Shares each representing a 1/1,000th interest in a share of Fixed Rate Noncumulative Perpetual Preferred Stock, Series J"
ALLO,"Allogene Therapeutics, Inc. - Common Stock"
ALLR,"Allarity Therapeutics, Inc. - Common stock"
ALLT,"Allot Ltd. - Ordinary Shares"
ALLW,"SPDR Bridgewater All Weather ETF"
ALLY,"Ally Financial Inc. Common Stock"
ALM,"Almonty Industries Inc. - Common Shares"
ALMS,"Alumis Inc. - Common Stock"
ALMU,"Aeluma, Inc. - Common Stock"
ALNT,"Allient Inc. - Common Stock"
ALNY,"Alnylam Pharmaceuticals, Inc. - Common Stock"
ALOT,"AstroNova, Inc. - Common Stock"
ALRS,"Alerus Financial Corporation - Common Stock"
ALT,"Altimmune, Inc. - Common Stock"
ALTG,"Alta Equipment Group Inc. Class A Common Stock"
ALTG$A,"Alta Equipment Group Inc. Depositary Shares (each representing 1/1000th in a share of 10% Series A Cumulative Perpetual Preferred Stock)"
ALTI,"AlTi Global, Inc. - Class A Common Stock"
ALTO,"Alto Ingredients, Inc. - Common Stock"
ALTS,"ALT5 Sigma Corporation - Common Stock"
ALTY,"Global X Alternative Income ETF"
ALUR,"Allurion Technologies, Inc. Common Stock"
ALUR.W,"Allurion Technologies, Inc. Warrants, each whole warrant exercisable to purchase 1.420455 shares of common stock at an exercise price of $8.10 per share of common stock"
ALVOW,"Alvotech - Warrant"
ALX,"Alexander's, Inc. Common Stock"
ALXO,"ALX Oncology Holdings Inc. - Common Stock"
ALZN,"Alzamend Neuro, Inc. - Common Stock"
AMAL,"Amalgamated Financial Corp. - Common Stock"
AMBC,"Ambac Financial Group, Inc. Common Stock"
AMBP.W,"Ardagh Metal Packaging S.A. Warrants, each exercisable for one Share at an exercise price of $11.50 per share"
AMBQ,"Ambiq Micro, Inc. Common Stock"
AMBR,"Amber International Holding Limited - American Depositary Shares"
AMC,"AMC Entertainment Holdings, Inc. Class A Common Stock"
AMCX,"AMC Networks Inc. - Class A Common Stock"
AMDD,"Direxion Daily AMD Bear 1X Shares"
AMDG,"Leverage Shares 2X Long AMD Daily ETF"
AMDL,"GraniteShares 2x Long AMD Daily ETF"
AMDU,"Defiance Leveraged Long + Income AMD ETF"
AMH,"American Homes 4 Rent Common Shares of Beneficial Interest"
AMH$G,"American Homes 4 Rent Series G cumulative redeemable perpetual preferred shares of beneficial interest"
AMH$H,"American Homes 4 Rent Series H cumulative redeemable perpetual Preferred Shares of Beneficial Interest"
AMID,"Argent Mid Cap ETF"
AMIX,"Autonomix Medical, Inc. - Common Stock"
AMLX,"Amylyx Pharmaceuticals, Inc. - Common Stock"
AMN,"AMN Healthcare Services Inc"
AMOD,"Alpha Modus Holdings, Inc. - Class A Common Stock"
AMODW,"Alpha Modus Holdings, Inc. - Warrant"
AMPG,"Amplitech Group, Inc. - Common Stock"
AMPGW,"Amplitech Group, Inc. - Warrants"
AMPH,"Amphastar Pharmaceuticals, Inc. - Common Stock"
AMPL,"Amplitude, Inc. - Class A Common Stock"
AMPX,"Amprius Technologies, Inc. Common Stock"
AMPX.W,"Amprius Technologies, Inc. Warrants to purchase one share of Common Stock at an exercise price of $11.50 per share"
AMPY,"Amplify Energy Corp. Common Stock"
AMRK,"A-Mark Precious Metals, Inc. - Common Stock"
AMRN,"Amarin Corporation plc - American Depositary Shares"
AMRZ,"Amrize Ltd Ordinary Shares"
AMSF,"AMERISAFE, Inc. - Common Stock"
AMST,"Amesite Inc. - Common Stock"
AMTB,"Amerant Bancorp Inc. Class A Common Stock"
AMTD,"AMTD IDEA Group American Depositary Shares, each representing six (6) Class A Ordinary Shares"
AMTX,"Aemetis, Inc - Common Stock"
AMUU,"Direxion Daily AMD Bull 2X Shares"
AMWD,"American Woodmark Corporation - Common Stock"
AMWL,"American Well Corporation Class A Common Stock"
AMX,"America Movil, S.A.B. de C.V. American Depositary Shares (each representing the right to receive twenty (20) Series B Shares"
AMZD,"Direxion Daily AMZN Bear 1X Shares"
AMZU,"Direxion Daily AMZN Bull 2X Shares"
AMZZ,"GraniteShares 2x Long AMZN Daily ETF"
ANAB,"AnaptysBio, Inc. - Common Stock"
ANDE,"The Andersons, Inc. - Common Stock"
ANEB,"Anebulo Pharmaceuticals, Inc. - Common Stock"
ANG$B,"American National Group Inc. Depositary Shares, each representing a 1/1,000th interest in a share of 6.625% Fixed"
ANG$D,"American National Group Inc. Depositary Shares, each representing a 1/1000th interest in a share of 7.375% Fixed"
ANGH,"Anghami Inc. - Ordinary Shares"
ANGHW,"Anghami Inc. - Warrants"
ANGI,"Angi Inc. - Class A Common Stock"
ANGL,"VanEck Fallen Angel High Yield Bond ETF"
ANGO,"AngioDynamics, Inc. - Common Stock"
ANGX,"Angel Studios, Inc. Class A Common Stock"
ANIK,"Anika Therapeutics Inc. - Common Stock"
ANIP,"ANI Pharmaceuticals, Inc. - Common Stock"
ANIX,"Anixa Biosciences, Inc. - Common Stock"
ANL,"Adlai Nortye Ltd. - American Depositary Shares"
ANNA,"AleAnna, Inc. - Class A Common Stock"
ANNAW,"AleAnna, Inc. - Warrant"
ANNX,"Annexon, Inc. - common stock"
ANPA,"Rich Sparkle Holdings Limited - Ordinary Shares"
ANRO,"Alto Neuroscience, Inc. Common Stock"
ANSC,"Agriculture & Natural Solutions Acquisition Corporation - Class A Ordinary Shares"
ANSCU,"Agriculture & Natural Solutions Acquisition Corporation - Unit"
ANSCW,"Agriculture & Natural Solutions Acquisition Corporation - Warrant"
ANTA,"Antalpha Platform Holding Company - Class A Ordinary Shares"
ANTE,"AirNet Technology Inc. - Ordinary Share"
ANTX,"AN2 Therapeutics, Inc. - Common Stock"
ANVS,"Annovis Bio, Inc. Common Stock"
ANY,"Sphere 3D Corp. - Common Shares"
AOD,"abrdn Total Dynamic Dividend Fund Common Shares of Beneficial Interest"
AOHY,"Angel Oak High Yield Opportunities ETF"
AOMD,"Angel Oak Mortgage REIT, Inc. 9.750% Senior Notes due 2030"
AOMN,"Angel Oak Mortgage REIT, Inc. 9.500% Senior Notes due 2029"
AOMR,"Angel Oak Mortgage REIT, Inc. Common Stock"
AORT,"Artivion, Inc. Common Stock"
AOSL,"Alpha and Omega Semiconductor Limited - Common Shares"
AOTG,"AOT Growth and Innovation ETF"
AOUT,"American Outdoor Brands, Inc. - Common Stock"
AP,"Ampco"
APAD,"A Paradise Acquisition Corp. - Class A Ordinary Shares"
APADR,"A Paradise Acquisition Corp. - Rights"
APADU,"A Paradise Acquisition Corp. - Unit"
APDN,"Applied DNA Sciences, Inc. - Common Stock"
APED,"STKd 100% MSTR & 100% COIN ETF"
APEI,"American Public Education, Inc. - Common Stock"
APG,"APi Group Corporation Common Stock"
API,"Agora, Inc. - ADS"
APLM,"Apollomics Inc. - Class A Ordinary Shares"
APLMW,"Apollomics Inc. - Warrant"
APLT,"Applied Therapeutics, Inc. - Common Stock"
APM,"Aptorum Group Limited - Class A Ordinary Shares"
APO$A,"Apollo Global Management, Inc. 6.75% Series A Mandatory Convertible Preferred Stock"
APOG,"Apogee Enterprises, Inc. - Common Stock"
APOS,"Apollo Global Management, Inc. 7.625% Fixed"
APPS,"Digital Turbine, Inc. - Common Stock"
APPX,"Tradr 2X Long APP Daily ETF"
APRE,"Aprea Therapeutics, Inc. - Common Stock"
APVO,"Aptevo Therapeutics Inc. - Common Stock"
APWC,"Asia Pacific Wire & Cable Corporation Limited  - Common shares, Par value .01 per share"
APYX,"Apyx Medical Corporation - Common Stock"
AQB,"AquaBounty Technologies, Inc. - Common Stock"
AQMS,"Aqua Metals, Inc. - Common Stock"
AQNB,"Algonquin Power & Utilities Corp. 6.20% Fixed"
AQST,"Aquestive Therapeutics, Inc. - Common Stock"
AQWA,"Global X Clean Water ETF"
ARAI,"Arrive AI Inc. - Common Stock"
ARAY,"Accuray Incorporated - Common Stock"
ARBB,"ARB IOT Group Limited - Ordinary Shares"
ARBE,"Arbe Robotics Ltd. - Ordinary Shares"
ARBEW,"Arbe Robotics Ltd. - Warrant"
ARBK,"Argo Blockchain plc - American Depositary Shares"
ARBKL,"Argo Blockchain plc - 8.75% Senior Notes due 2026"
ARCB,"ArcBest Corporation - Common Stock"
ARCC,"Ares Capital Corporation - Closed End Fund"
ARCO,"Arcos Dorados Holdings Inc. Class A Shares"
ARCT,"Arcturus Therapeutics Holdings Inc. - Common Stock"
ARDC,"Ares Dynamic Credit Allocation Fund, Inc. Common Shares"
ARDX,"Ardelyx, Inc. - Common Stock"
AREB,"American Rebel Holdings, Inc. - Common Stock"
AREBW,"American Rebel Holdings, Inc. - warrants"
AREC,"American Resources Corporation - Class A Common Stock"
ARES,"Ares Management Corporation Class A Common Stock"
ARES$B,"Ares Management Corporation 6.75% Series B Mandatory Convertible Preferred Stock"
ARGX,"argenx SE - American Depositary Shares"
ARHS,"Arhaus, Inc. - Class A Common Stock"
ARI,"Apollo Commercial Real Estate Finance, Inc"
ARIS,"Aris Water Solutions, Inc. Class A Common Stock"
ARKO,"ARKO Corp. - Common Stock"
ARKOW,"ARKO Corp. - Warrant"
ARKR,"Ark Restaurants Corp. - Common Stock"
ARL,"American Realty Investors, Inc. Common Stock"
ARLO,"Arlo Technologies, Inc. Common Stock"
ARM,"Arm Holdings plc - American Depositary Shares"
ARMG,"Leverage Shares 2X Long ARM Daily ETF"
ARMK,"Aramark Common Stock"
AROW,"Arrow Financial Corporation - Common Stock"
ARQ,"Arq, Inc. - Common Stock"
ARQQ,"Arqit Quantum Inc. - Ordinary Shares"
ARQQW,"Arqit Quantum Inc. - Warrants"
ARR,"ARMOUR Residential REIT, Inc."
ARR$C,"ARMOUR Residential REIT, Inc. 7% Series C Cumulative Redeemable Preferred Stock (liquidation preference $25.00 per share)"
ARRY,"Array Technologies, Inc. - Common Stock"
ARTL,"Artelo Biosciences, Inc. - Common Stock"
ARTNA,"Artesian Resources Corporation - Class A Non-Voting Common Stock"
ARTV,"Artiva Biotherapeutics, Inc. - Common Stock"
ARTW,"Art's-Way Manufacturing Co., Inc. - Common Stock"
ARVN,"Arvinas, Inc. - Common Stock"
ARVR,"First Trust Indxx Metaverse ETF"
ARW,"Arrow Electronics, Inc. Common Stock"
AS,"Amer Sports, Inc. Ordinary Shares"
ASA,"ASA  Gold and Precious Metals Limited"
ASB$E,"Associated Banc"
ASB$F,"Associated Banc"
ASBA,"Associated Banc"
ASBP,"Aspire Biopharma Holdings, Inc.  - Common Stock"
ASBPW,"Aspire Biopharma Holdings, Inc.  - Warrant"
ASC,"Ardmore Shipping Corporation Common Stock"
ASET,"FlexShares Real Assets Allocation Index Fund"
ASG,"Liberty All"
ASGI,"abrdn Global Infrastructure Income Fund Common Shares of Beneficial Interest"
ASGN,"ASGN Incorporated Common Stock"
ASIC,"Ategrity Specialty Insurance Company Holdings Common Stock"
ASIX,"AdvanSix Inc. Common Stock"
ASLE,"AerSale Corporation - Common Stock"
ASMB,"Assembly Biosciences, Inc. - Common Stock"
ASMG,"Leverage Shares 2X Long ASML Daily ETF"
ASML,"ASML Holding N.V. - New York Registry Shares"
ASND,"Ascendis Pharma A/S - American Depositary Shares"
ASNS,"Actelis Networks, Inc. - Common Stock"
ASPC,"A SPAC III Acquisition Corp. - Class A Ordinary Shares"
ASPCR,"A SPAC III Acquisition Corp. - Right"
ASPCU,"A SPAC III Acquisition Corp. - Unit"
ASPI,"ASP Isotopes Inc. - Common Stock"
ASPN,"Aspen Aerogels, Inc. Common Stock"
ASPS,"Altisource Portfolio Solutions S.A. - Common Stock"
ASPSW,"Altisource Portfolio Solutions S.A. - Net Settle Stakeholder Warrants"
ASPSZ,"Altisource Portfolio Solutions S.A. - Cash Exercise Stakeholder Warrants"
ASRT,"Assertio Holdings, Inc. - Common Stock"
ASRV,"AmeriServ Financial Inc. - Common Stock"
ASST,"Asset Entities Inc. - Class B Common Stock"
ASTC,"Astrotech Corporation - Common Stock"
ASTE,"Astec Industries, Inc. - Common Stock"
ASTH,"Astrana Health Inc. - Common Stock"
ASTI,"Ascent Solar Technologies, Inc - Common Stock"
ASTL,"Algoma Steel Group Inc. - Common Shares"
ASTLW,"Algoma Steel Group Inc. - Warrant"
ASTS,"AST SpaceMobile, Inc. - Class A Common Stock"
ASUR,"Asure Software Inc - Common Stock"
ASX,"ASE Technology Holding Co., Ltd. American Depositary Shares (each representing Two Common Shares)"
ASYS,"Amtech Systems, Inc. - Common Stock"
ATAI,"ATAI Life Sciences N.V. - Common Shares"
ATCO$H,"Atlas Corp. 7.875% Series H"
ATEC,"Alphatec Holdings, Inc. - Common Stock"
ATEN,"A10 Networks, Inc. Common Stock"
ATER,"Aterian, Inc. - Common Stock"
ATEX,"Anterix Inc. - Common Stock"
ATGL,"Alpha Technology Group Limited - Class A Ordinary Shares"
ATH$A,"Athene Holding Ltd. Depositary Shares, Each Representing a 1/1,000th Interest in a 6.35% Fixed"
ATH$B,"Athene Holding Ltd. Depositary Shares, Each Representing a 1/1,000th Interest in a 5.625% Fixed Rate Perpetual Non"
ATH$D,"Athene Holding Ltd. Depositary Shares, Each Representing a 1/1,000th Interest in a 4.875% Fixed"
ATH$E,"Athene Holding Ltd. Depositary Shares, Each Representing a 1/1,000th Interest in a 7.750% Fixed"
ATHA,"Athira Pharma, Inc. - Common Stock"
ATHE,"Alterity Therapeutics Limited - American Depositary Shares"
ATHR,"Aether Holdings, Inc. - Common Stock"
ATHS,"Athene Holding Ltd. 7.250% Fixed"
ATI,"ATI Inc. Common Stock"
ATII,"Archimedes Tech SPAC Partners II Co. - Ordinary Shares"
ATIIU,"Archimedes Tech SPAC Partners II Co. - Unit"
ATIIW,"Archimedes Tech SPAC Partners II Co. - Warrant"
ATLC,"Atlanticus Holdings Corporation - Common Stock"
ATLCL,"Atlanticus Holdings Corporation - 6.125% Senior Notes due 2026"
ATLCP,"Atlanticus Holdings Corporation - 7.625% Series B Cumulative Perpetual Preferred Stock, no par value per share"
ATLCZ,"Atlanticus Holdings Corporation - 9.25% Senior Notes due 2029"
ATLN,"Atlantic International Corp. - Common Stock"
ATLO,"Ames National Corporation - Common Stock"
ATLX,"Atlas Lithium Corporation - Common Stock"
ATMC,"AlphaTime Acquisition Corp - Ordinary Shares"
ATMCR,"AlphaTime Acquisition Corp - Right"
ATMCU,"AlphaTime Acquisition Corp - Unit"
ATMCW,"AlphaTime Acquisition Corp - Warrant"
ATMV,"AlphaVest Acquisition Corp - Ordinary Shares"
ATMVR,"AlphaVest Acquisition Corp - Right"
ATMVU,"AlphaVest Acquisition Corp - Unit"
ATNI,"ATN International, Inc. - Common Stock"
ATOM,"Atomera Incorporated - Common Stock"
ATOS,"Atossa Therapeutics, Inc. - Common Stock"
ATPC,"Agape ATP Corporation - Common Stock"
ATRA,"Atara Biotherapeutics, Inc. - Common Stock"
ATRC,"AtriCure, Inc. - Common Stock"
ATRO,"Astronics Corporation - Common Stock"
ATUS,"Altice USA, Inc. Class A Common Stock"
ATXG,"Addentax Group Corp. - Common Stock"
ATXS,"Astria Therapeutics, Inc. - Common Stock"
ATYR,"aTyr Pharma, Inc. - Common Stock"
AU,"AngloGold Ashanti PLC Ordinary Shares"
AUB$A,"Atlantic Union Bankshares Corporation Depositary Shares each representing a 1/400th ownership interest in a share of 6.875% Perpetual Non"
AUBN,"Auburn National Bancorporation, Inc. - Common Stock"
AUDC,"AudioCodes Ltd. - Ordinary Shares"
AUID,"authID Inc. - Common Stock"
AUMI,"Themes Gold Miners ETF"
AUNA,"Auna SA Class A Ordinary Shares"
AUPH,"Aurinia Pharmaceuticals Inc - Common Shares"
AURA,"Aura Biosciences, Inc. - Common Stock"
AUROW,"Aurora Innovation, Inc.  - Warrant"
AUTL,"Autolus Therapeutics plc - American Depositary Shares"
AUUD,"Auddia Inc. - Common Stock"
AUUDW,"Auddia Inc. - Warrants"
AVAH,"Aveanna Healthcare Holdings Inc. - Common Stock"
AVAV,"AeroVironment, Inc. - Common Stock"
AVBC,"Avidia Bancorp, Inc. Common Stock"
AVBH,"Avidbank Holdings, Inc. - Common Stock"
AVBP,"ArriVent BioPharma, Inc. - Common Stock"
AVD,"American Vanguard Corporation Common Stock ($0.10 Par Value)"
AVDL,"Avadel Pharmaceuticals plc - Ordinary Share"
AVGB,"Avantis Credit ETF"
AVGG,"Leverage Shares 2X Long AVGO Daily ETF"
AVGU,"GraniteShares 2x Long AVGO Daily ETF"
AVGX,"Defiance Daily Target 2X Long AVGO ETF"
AVIR,"Atea Pharmaceuticals, Inc. - common stock"
AVK,"Advent Convertible and Income Fund"
AVL,"Direxion Daily AVGO Bull 2X Shares"
AVNS,"Avanos Medical, Inc. Common Stock"
AVNW,"Aviat Networks, Inc. - Common Stock"
AVO,"Mission Produce, Inc. - Common Stock"
AVR,"Anteris Technologies Global Corp. - Common Stock"
AVS,"Direxion Daily AVGO Bear 1X Shares"
AVTX,"Avalo Therapeutics, Inc. - Common Stock"
AVUQ,"Avantis U.S. Quality ETF"
AVXC,"Avantis Emerging Markets ex-China Equity ETF"
AVXL,"Anavex Life Sciences Corp. - Common Stock"
AWF,"Alliancebernstein Global High Income Fund"
AWP,"abrdn Global Premier Properties Fund Common Shares of Beneficial Interest"
AWRE,"Aware, Inc. - Common Stock"
AXGN,"Axogen, Inc. - Common Stock"
AXIN,"Axiom Intelligence Acquisition Corp 1 - Class A Ordinary Shares"
AXINR,"Axiom Intelligence Acquisition Corp 1 - Right"
AXINU,"Axiom Intelligence Acquisition Corp 1 - Units"
AXL,"American Axle & Manufacturing Holdings, Inc. Common Stock"
AXR,"AMREP Corporation Common Stock"
AXS$E,"Axis Capital Holdings Limited Depositary Shares, each representing 1/100th interest in a share of a 5.50% Series E Preferred Shares"
AXSM,"Axsome Therapeutics, Inc. - Common Stock"
AXTA,"Axalta Coating Systems Ltd. Common Shares"
AXTI,"AXT Inc - Common Stock"
AYI,"Acuity Inc. Common Stock"
AYTU,"Aytu BioPharma, Inc.  - Common Stock"
AZ,"A2Z Cust2Mate Solutions Corp. - Common Shares"
AZI,"Autozi Internet Technology (Global) Ltd. - Class A Ordinary Shares"
AZN,"AstraZeneca PLC - American Depositary Shares"
AZTA,"Azenta, Inc. - Common Stock"
B,"Barrick Mining Corporation Common Shares"
BA$A,"Boeing Company (The) Depositary Shares, each representing a 1/20th interest in a share of 6.00% Series A Mandatory Convertible Preferred Stock, par value $1.00"
BABA,"Alibaba Group Holding Limited American Depositary Shares each representing eight Ordinary share"
BABX,"GraniteShares 2x Long BABA Daily ETF"
BAC$B,"Bank of America Corporation Depositary Shares, each representing a 1/1,000th interest in a share of 6.000% Non"
BAC$E,"Bank of America Corporation Depositary Sh repstg 1/1000th Perp Pfd Ser E"
BAC$K,"Bank of America Corporation Depositary Shares, each representing a 1/1,000th interest in a share of 5.875% Non"
BAC$L,"Bank of America Corporation Non Cumulative Perpetual Conv Pfd Ser L"
BAC$M,"Bank of America Corporation Depositary Shares, each representing a 1/1,000th interest in a share of 5.375% Non"
BAC$N,"Bank of America Corporation Depositary shares, each representing 1/1,000th interest in a share of 5.000% Non"
BAC$O,"Bank of America Corporation Depositary shares, each representing 1/1,000th interest in a share of 4.375% Non"
BAC$P,"Bank of America Corporation Depositary Shares, each representing a 1/1,000th interest in a share of 4.125% Non"
BAC$Q,"Bank of America Corporation Depositary shares, each representing 1/1,000th interest in a share of 4.250% Non"
BAC$S,"Bank of America Corporation Depositary shares, each representing 1/1,000th interest in a share of 4.750% Non"
BACC,"Blue Acquisition Corp. - Class A Ordinary Shares"
BACCR,"Blue Acquisition Corp. - Right"
BACCU,"Blue Acquisition Corp. - Unit"
BACQ,"Bleichroeder Acquisition Corp. I - Class A Ordinary Shares"
BACQR,"Bleichroeder Acquisition Corp. I - Right"
BACQU,"Bleichroeder Acquisition Corp. I - Unit"
BAER,"Bridger Aerospace Group Holdings, Inc. - Common Stock"
BAERW,"Bridger Aerospace Group Holdings, Inc. - Warrant"
BAFE,"Brown Advisory Flexible Equity ETF"
BAFN,"BayFirst Financial Corp. - Common Stock"
BAH,"Booz Allen Hamilton Holding Corporation Common Stock"
BAIG,"Leverage Shares 2X Long BBAI Daily ETF"
BAK,"Braskem SA ADR"
BALY,"Bally's Corporation Common Stock"
BAM,"Brookfield Asset Management Inc Class A Limited Voting Shares"
BANC$F,"Banc of California, Inc. Depositary Shares, each representing a 1/40th interest in a share of 7.75% non"
BAND,"Bandwidth Inc. - Class A Common Stock"
BANFP,"BancFirst Corporation - 7.2% Cumulative Trust Preferred Securities"
BANL,"CBL International Limited - Ordinary Shares"
BANX,"ArrowMark Financial Corp. - Closed End Fund"
BAOS,"Baosheng Media Group Holdings Limited - Ordinary shares"
BAP,"Credicorp Ltd. Common Stock"
BARK,"BARK, Inc. Class A Common Stock"
BARK.W,"BARK, Inc. Redeemable Warrants, each whole warrant exercisable for shares of Common Stock at an exercise price of $11.50 per share"
BASE,"Couchbase, Inc. - Common Stock"
BASG,"Brown Advisory Sustainable Growth ETF"
BASV,"Brown Advisory Sustainable Value ETF"
BATRK,"Atlanta Braves Holdings, Inc. - Series C Common Stock"
BAYA,"Bayview Acquisition Corp - Ordinary Share"
BAYAR,"Bayview Acquisition Corp - Right"
BAYAU,"Bayview Acquisition Corp - Unit"
BBAI.W,"BigBear.ai, Inc. Redeemable Warrants, each exercisable for one share of Common Stock at an exercise price of $11.50 per share"
BBAR,"Banco BBVA Argentina S.A. ADS"
BBBY,"Bed Bath & Beyond, Inc. Common Stock"
BBCP,"Concrete Pumping Holdings, Inc.  - Common Stock"
BBD,"Banco Bradesco Sa American Depositary Shares"
BBDC,"Barings BDC, Inc. Common Stock"
BBDO,"Banco Bradesco Sa American Depositary Shares (each representing one Common Share)"
BBGI,"Beasley Broadcast Group, Inc. - Class A Common Stock"
BBH,"VanEck Biotech ETF"
BBIO,"BridgeBio Pharma, Inc. - Common Stock"
BBLG,"Bone Biologics Corp - Common Stock"
BBLGW,"Bone Biologics Corp - warrants"
BBN,"BlackRock Taxable Municipal Bond Trust Common Shares of Beneficial Interest"
BBNX,"Beta Bionics, Inc. - Common Stock"
BBOT,"BridgeBio Oncology Therapeutics, Inc. - Common Stock"
BBSI,"Barrett Business Services, Inc. - Common Stock"
BBVA,"Banco Bilbao Vizcaya Argentaria S.A. Common Stock"
BBW,"Build"
BC$A,"Brunswick Corporation 6.500% Senior Notes due 2048"
BC$C,"Brunswick Corporation 6.375% Notes due 2049"
BCAB,"BioAtla, Inc. - Common Stock"
BCAL,"California BanCorp - Common Stock"
BCAR,"D. Boral ARC Acquisition I Corp. - Class A Ordinary Shares"
BCARU,"D. Boral ARC Acquisition I Corp. - Units"
BCARW,"D. Boral ARC Acquisition I Corp. - Warrant"
BCAT,"BlackRock Capital Allocation Term Trust Common Shares of Beneficial Interest"
BCAX,"Bicara Therapeutics Inc. - Common Stock"
BCBP,"BCB Bancorp, Inc. (NJ) - Common Stock"
BCDA,"BioCardia, Inc. - Common Stock"
BCE,"BCE, Inc. Common Stock"
BCG,"Binah Capital Group, Inc. - Common Stock"
BCGWW,"Binah Capital Group, Inc. - Warrants"
BCH,"Banco De Chile ADS"
BCIC,"BCP Investment Corporation - Closed End Fund"
BCLO,"iShares BBB-B CLO Active ETF"
BCML,"BayCom Corp - Common Stock"
BCRX,"BioCryst Pharmaceuticals, Inc. - Common Stock"
BCS,"Barclays PLC Common Stock"
BCSF,"Bain Capital Specialty Finance, Inc. Common Stock"
BCTX,"BriaCell Therapeutics Corp. - Common Shares"
BCTXW,"BriaCell Therapeutics Corp. - Warrant"
BCTXZ,"BriaCell Therapeutics Corp. - Warrant"
BCX,"BlackRock Resources Common Shares of Beneficial Interest"
BCYC,"Bicycle Therapeutics plc - American Depositary Shares"
BDGS,"Bridges Capital Tactical ETF"
BDJ,"Blackrock Enhanced Equity Dividend Trust"
BDMD,"Baird Medical Investment Holdings Ltd - Ordinary Share"
BDMDW,"Baird Medical Investment Holdings Ltd - Warrant"
BDN,"Brandywine Realty Trust Common Stock"
BDRX,"Biodexa Pharmaceuticals plc - American Depositary Shares"
BDSX,"Biodesix, Inc. - Common Stock"
BDTX,"Black Diamond Therapeutics, Inc. - Common Stock"
BE,"Bloom Energy Corporation Class A Common Stock"
BEAG,"Bold Eagle Acquisition Corp. - Class A Ordinary Shares"
BEAGR,"Bold Eagle Acquisition Corp. - Right"
BEAGU,"Bold Eagle Acquisition Corp. - Units"
BEAT,"Heartbeam, Inc. - Common Stock"
BEATW,"Heartbeam, Inc. - Warrant"
BEDU,"Bright Scholar Education Holdings Limited American Depositary Shares, each  representing four Class A Ordinary Share"
BEEM,"Beam Global - Common Stock"
BEEP,"Mobile Infrastructure Corporation - Common Stock"
BEEX,"The Beehive ETF"
BEEZ,"Honeytree U.S. Equity ETF"
BEKE,"KE Holdings Inc American Depositary Shares (each representing three Class A Ordinary Shares)"
BELFA,"Bel Fuse Inc. - Class A Common Stock"
BELFB,"Bel Fuse Inc. - Class B Common Stock"
BELT,"iShares U.S. Select Equity Active ETF"
BENF,"Beneficient - Class A Common Stock"
BENFW,"Beneficient - Warrant"
BEP,"Brookfield Renewable Partners L.P. Limited Partnership Units"
BEP$A,"Brookfield Renewable Partners L.P. 5.25% Class A Preferred Limited Partnership Units, Series 17"
BEPC,"Brookfield Renewable Corporation Brookfield Renewable Corporation Class A Subordinate Voting Shares"
BEPH,"Brookfield BRP Holdings (Canada) Inc. 4.625% Perpetual Subordinated Notes"
BEPI,"Brookfield BRP Holdings (Canada) Inc. 4.875% Perpetual Subordinated Notes"
BEPJ,"Brookfield BRP Holdings (Canada) Inc. 7.250% Perpetual Subordinated Notes"
BETR,"Better Home & Finance Holding Company - Class A Common Stock"
BETRW,"Better Home & Finance Holding Company - Warrant"
BF.A,"Brown Forman Inc Class A Common Stock"
BFAM,"Bright Horizons Family Solutions Inc. Common Stock"
BFC,"Bank First Corporation - Common Stock"
BFIN,"BankFinancial Corporation - Common Stock"
BFK,"BlackRock Municipal Income Trust"
BFLY,"Butterfly Network, Inc. Class A Common Stock"
BFLY.W,"Butterfly Network, Inc. Warrants"
BFRG,"Bullfrog AI Holdings, Inc. - Common Stock"
BFRGW,"Bullfrog AI Holdings, Inc. - Warrants"
BFRI,"Biofrontera Inc. - Common Stock"
BFRIW,"Biofrontera Inc. - Warrants"
BFS,"Saul Centers, Inc. Common Stock"
BFS$D,"Saul Centers, Inc. Depositary Shares, each representing 1/100th of a share of 6.125% Series D Cumulative Redeemable Preferred Stock"
BFS$E,"Saul Centers, Inc. Depositary shares, each representing a 1/100th fractional interest in a share of 6.000% Series E Cumulative Redeemable Preferred Stock"
BFST,"Business First Bancshares, Inc. - Common Stock"
BFZ,"BlackRock California Municipal Income Trust"
BGB,"Blackstone Strategic Credit 2027 Term Fund Common Shares of Beneficial Interest"
BGFV,"Big 5 Sporting Goods Corporation - Common Stock"
BGH,"Barings Global Short Duration High Yield Fund Common Shares of Beneficial Interests"
BGL,"Blue Gold Limited - Class A ordinary shares"
BGLC,"BioNexus Gene Lab Corp - Common stock"
BGLWW,"Blue Gold Limited - Warrant"
BGM,"BGM Group Ltd. - Class A Ordinary Shares"
BGR,"BlackRock Energy and Resources Trust"
BGRN,"iShares USD Green Bond ETF"
BGRO,"iShares Large Cap Growth Active ETF"
BGS,"B&G Foods, Inc. Common Stock"
BGSF,"BGSF, Inc. Common Stock"
BGT,"BlackRock Floating Rate Income Trust"
BGX,"Blackstone Long Short Credit Income Fund Common Shares"
BGY,"Blackrock Enhanced International Dividend Trust"
BH,"Biglari Holdings Inc. Class B Common Stock"
BH.A,"Biglari Holdings Inc. Class A Common Stock"
BHAT,"Blue Hat Interactive Entertainment Technology - Ordinary Shares"
BHE,"Benchmark Electronics, Inc. Common Stock"
BHFAL,"Brighthouse Financial, Inc. - Junior Subordinated Debentures due 2058"
BHFAM,"Brighthouse Financial, Inc. - Depositary shares each representing a 1/1,000th Interest in a Share of 4.625% Non-Cumulative Preferred Stock, Series D"
BHFAN,"Brighthouse Financial, Inc. - depositary shares, each representing a 1/1,000th interest in a share of 5.375% Non-Cumulative Preferred Stock, Series C"
BHFAO,"Brighthouse Financial, Inc. - Depositary Shares, each representing a 1/1,000th interest in a share of 6.750% Non-Cumulative Preferred Stock, Series B"
BHFAP,"Brighthouse Financial, Inc. - Depositary Shares 6.6% Non-Cumulative Preferred Stock, Series A"
BHK,"Blackrock Core Bond Trust"
BHP,"BHP Group Limited American Depositary Shares (Each representing two Ordinary Shares)"
BHR,"Braemar Hotels & Resorts Inc. Common Stock"
BHR$B,"Braemar Hotels & Resorts Inc. 5.50% Series B Cumulative Convertible Preferred Stock, par value $0.01 per share"
BHR$D,"Braemar Hotels & Resorts Inc. 8.25% Series D Cumulative Preferred Stock,  par value $0.01 per share"
BHRB,"Burke & Herbert Financial Services Corp. - Common Stock"
BHST,"BioHarvest Sciences Inc. - Common Stock"
BHV,"BlackRock Virginia Municipal Bond Trust"
BHVN,"Biohaven Ltd. Common Shares"
BIAF,"bioAffinity Technologies, Inc. - Common Stock"
BIAFW,"bioAffinity Technologies, Inc. - Warrant"
BIB,"ProShares Ultra Nasdaq Biotechnology"
BIDU,"Baidu, Inc. - American Depositary Shares, each representing 8 ordinary share"
BILI,"Bilibili Inc. - American Depositary Shares"
BINI,"Bollinger Innovations, Inc. - Common Stock"
BIO.B,"Bio"
BIOA,"BioAge Labs, Inc. - Common Stock"
BIOX,"Bioceres Crop Solutions Corp. - Ordinary Shares"
BIP,"Brookfield Infrastructure Partners LP Limited Partnership Units"
BIP$A,"Brookfield Infrastructure Partners LP 5.125% Class A Preferred Limited Partnership Units, Series 13"
BIP$B,"Brookfield Infrastructure Partners LP 5.000% Class A Preferred Limited Partnership Units, Series 14"
BIPH,"Brookfield Infrastructure Corporation 5.000% Subordinated Notes due 2081"
BIPI,"BIP Bermuda Holdings I Limited 5.125% Perpetual Subordinated Notes"
BIPJ,"Brookfield Infrastructure Corporation 7.250% Subordinated Notes due 2084"
BIRD,"Allbirds, Inc. - Class A Common Stock"
BIS,"ProShares UltraShort Nasdaq Biotechnology"
BIT,"BlackRock Multi"
BITS,"Global X Blockchain & Bitcoin Strategy ETF"
BIVI,"BioVie Inc. - Common stock"
BIVIW,"BioVie Inc. - Warrant"
BIYA,"Baiya International Group Inc.  - Ordinary Shares"
BJ,"BJ's Wholesale Club Holdings, Inc. Common Stock"
BJDX,"Bluejay Diagnostics, Inc. - Common Stock"
BJK,"VanEck Gaming ETF"
BJRI,"BJ's Restaurants, Inc. - Common Stock"
BK$K,"The Bank Of New York Mellon Corporation  Depositary Shares, each representing a 1/4,000th interest in a share of Series K Noncumulative Perpetual Preferred Stock"
BKCH,"Global X Blockchain ETF"
BKHA,"Black Hawk Acquisition Corporation - Class A Ordinary Shares"
BKHAR,"Black Hawk Acquisition Corporation - Rights"
BKHAU,"Black Hawk Acquisition Corporation - Units"
BKIV,"BNY Mellon Innovators ETF"
BKKT,"Bakkt Holdings, Inc. Class A Common Stock"
BKKT.W,"Bakkt Holdings, Inc. Warrant"
BKN,"BlackRock Investment Quality Municipal Trust Inc. (The)"
BKSY,"BlackSky Technology Inc. Class A Common Stock"
BKSY.W,"BlackSky Technology Inc. Redeemable Warrants, each whole Warrant exercisable for one share of Class A Common Stock"
BKT,"BlackRock Income Trust Inc. (The)"
BKT.V,"BlackRock Income Trust Inc. (The) Rights (expiring October 20, 2025) Rights when issued"
BKV,"BKV Corporation Common Stock"
BKWO,"BNY Mellon Women's Opportunities ETF"
BKYI,"BIO-key International, Inc. - Common Stock"
BLBD,"Blue Bird Corporation - Common Stock"
BLBX,"Blackboxstocks Inc. - Common Stock"
BLCN,"Siren Nasdaq NexGen Economy ETF"
BLCR,"iShares Large Cap Core Active ETF"
BLD,"TopBuild Corp. Common Stock"
BLDP,"Ballard Power Systems, Inc. - Common Shares"
BLE,"BlackRock Municipal Income Trust II"
BLFS,"BioLife Solutions, Inc. - Common Stock"
BLFY,"Blue Foundry Bancorp - Common Stock"
BLIN,"Bridgeline Digital, Inc. - Common Stock"
BLIV,"BeLive Holdings - ordinary shares"
BLMN,"Bloomin' Brands, Inc. - Common Stock"
BLMZ,"Harrison Global Holdings Inc. - Ordinary Shares"
BLND,"Blend Labs, Inc. Class A Common Stock"
BLNE,"Beeline Holdings, Inc. - Common Stock"
BLNK,"Blink Charging Co. - Common Stock"
BLRX,"BioLineRx Ltd. - American Depositary Shares"
BLUW,"Blue Water Acquisition Corp. III - Class A Ordinary Shares"
BLUWU,"Blue Water Acquisition Corp. III - Unit."
BLUWW,"Blue Water Acquisition Corp. III - Warrant."
BLW,"Blackrock Limited Duration Income Trust"
BLX,"Banco Latinoamericano de Comercio Exterior, S.A."
BLZE,"Backblaze, Inc. - Common Stock"
BMAX,"REX Bitcoin Corporate Treasury Convertible Bond ETF"
BMBL,"Bumble Inc. - common stock"
BMDL,"VictoryShares WestEnd Economic Cycle Bond ETF"
BME,"Blackrock Health Sciences Trust"
BMEA,"Biomea Fusion, Inc. - Common Stock"
BMEZ,"BlackRock Health Sciences Term Trust Common Shares of Beneficial Interest"
BMGL,"Basel Medical Group Ltd - ordinary shares"
BMHL,"Bluemount Holdings Limited - Class B Ordinary Shares"
BML$G,"Bank of America Corporation Depositary Shares (Each representing a 1/1200th interest in a share of Floating Rate Non"
BML$H,"Bank of America Corporation Depositary Shares (Each representing a 1/1200th interest in a Share of Floating Rate Non"
BML$J,"Bank of America Corporation Depositary Shares (Each representing a 1/1200th interest in a Share of Floating Rate Non"
BML$L,"Bank of America Corporation Depositary Shares (Each representing a 1/1200th Interest in a Share of Floating Rate Non"
BMN,"BlackRock 2037 Municipal Target Term Trust Common Shares of Beneficial Interest"
BMO,"Bank Of Montreal Common Stock"
BMR,"Beamr Imaging Ltd. - Ordinary Share"
BMRA,"Biomerica, Inc. - Common Stock"
BMRC,"Bank of Marin Bancorp - Common Stock"
BMRN,"BioMarin Pharmaceutical Inc. - Common Stock"
BN,"Brookfield Corporation Class A Limited Voting Shares"
BNAI,"Brand Engagement Network Inc. - Common Stock"
BNAIW,"Brand Engagement Network Inc. - Warrant"
BNC,"CEA Industries Inc. - Common Stock"
BNCWW,"CEA Industries Inc. - Warrant"
BND,"Vanguard Total Bond Market ETF"
BNDW,"Vanguard Total World Bond ETF"
BNDX,"Vanguard Total International Bond ETF"
BNED,"Barnes & Noble Education, Inc Common Stock"
BNGO,"Bionano Genomics, Inc. - Common Stock"
BNH,"Brookfield Finance Inc. 4.625% Subordinated Notes due October 16, 2080"
BNJ,"Brookfield Finance Inc. 4.50% Perpetual Subordinated Notes"
BNR,"Burning Rock Biotech Limited - American Depositary Shares"
BNRG,"Brenmiller Energy Ltd - Ordinary Shares"
BNS,"Bank Nova Scotia Halifax Pfd 3 Ordinary Shares"
BNT,"Brookfield Wealth Solutions Ltd. Class A Exchangeable Limited Voting Shares"
BNTC,"Benitec Biopharma Inc. - Common Stock"
BNTX,"BioNTech SE - American Depositary Shares"
BNY,"BlackRock New York Municipal Income Trust"
BNZI,"Banzai International, Inc. - Class A Common Stock"
BNZIW,"Banzai International, Inc. - Warrant"
BOC,"Boston Omaha Corporation Class A Common Stock"
BOE,"Blackrock Enhanced Global Dividend Trust Common Shares of Beneficial Interest"
BOED,"Direxion Daily BA Bear 1X Shares"
BOEG,"Leverage Shares 2X Long BA Daily ETF"
BOEU,"Direxion Daily BA Bull 2X Shares"
BOF,"BranchOut Food Inc. - Common Stock"
BOH$A,"Bank of Hawaii Corporation Depositary Shares Each Representing a 1/40th Interest in a Share of 4.375% Fixed Rate Non"
BOH$B,"Bank of Hawaii Corporation Depositary Shares, Each Representing a 1/40th Interest in a Share of 8.000% Fixed Rate Non"
BOLD,"Boundless Bio, Inc. - Common Stock"
BOLT,"Bolt Biotherapeutics, Inc. - Common Stock"
BON,"Bon Natural Life Limited - Class A Ordinary Shares"
BOND,"PIMCO Active Bond Exchange"
BOOM,"DMC Global Inc. - Common Stock"
BORR,"Borr Drilling Limited Common Shares"
BOSC,"B.O.S. Better Online Solutions - Ordinary Shares"
BOTJ,"Bank of the James Financial Group, Inc. - Common Stock"
BOTT,"Themes Humanoid Robotics ETF"
BOTZ,"Global X Robotics & Artificial Intelligence ETF"
BOW,"Bowhead Specialty Holdings Inc. Common Stock"
BOWN,"Bowen Acquisition Corp - Ordinary Shares"
BOWNR,"Bowen Acquisition Corp - Rights"
BOWNU,"Bowen Acquisition Corp - Unit"
BOXL,"Boxlight Corporation - Class A Common Stock"
BP,"BP p.l.c. Common Stock"
BPOPM,"Popular, Inc. - Popular Capital Trust II - 6.125% Cumulative Monthly Income Trust Preferred Securities"
BPRN,"Princeton Bancorp, Inc. - Common Stock"
BPYPM,"Brookfield Property Partners L.P. - 6.25% Class A Cumulative Redeemable Preferred Units, Series 1"
BPYPN,"Brookfield Property Partners L.P. - 5.750% Class A Cumulative Redeemable Perpetual Preferred Units, Series 3"
BPYPO,"Brookfield Property Partners L.P. - 6.375% Class A Cumulative Redeemable Perpetual Preferred Units, Series 2"
BPYPP,"Brookfield Property Partners L.P. - 6.50% Class A Cumulative Redeemable Perpetual Preferred Units"
BRAG,"Bragg Gaming Group Inc. - Common Shares"
BRCC,"BRC Inc. Class A Common Stock"
BREA,"Brera Holdings PLC - Class B Ordinary Shares"
BRFH,"Barfresh Food Group Inc. - Common Stock"
BRHY,"iShares High Yield Active ETF"
BRID,"Bridgford Foods Corporation - Common Stock"
BRK.A,"Berkshire Hathaway Inc. Common Stock"
BRKD,"Direxion Daily BRKB Bear 1X Shares"
BRKL,"Brookline Bancorp, Inc. - Common Stock"
BRKU,"Direxion Daily BRKB Bull 2X Shares"
BRLS,"Borealis Foods Inc. - Class A Common Shares"
BRLSW,"Borealis Foods Inc. - Warrant"
BRLT,"Brilliant Earth Group, Inc. - Class A Common Stock"
BRNS,"Barinthus Biotherapeutics plc - American Depositary Shares"
BRNY,"Burney U.S. Factor Rotation ETF"
BRR,"Columbus Circle Capital Corp I - Class A Ordinary Shares"
BRRR,"Coinshares Bitcoin ETF"
BRRWU,"Columbus Circle Capital Corp I - Units"
BRRWW,"Columbus Circle Capital Corp I - Warrant."
BRSP,"BrightSpire Capital, Inc. Class A Common Stock"
BRT,"BRT Apartments Corp. (MD) Common Stock"
BRTR,"iShares Total Return Active ETF"
BRTX,"BioRestorative Therapies, Inc. - Common Stock"
BRW,"Saba Capital Income & Opportunities Fund SBI"
BRY,"Berry Corporation (bry) - Common Stock"
BSAA,"BEST SPAC I Acquisition Corp. - Class A Ordinary Shares"
BSAAR,"BEST SPAC I Acquisition Corp. - Rights"
BSAAU,"BEST SPAC I Acquisition Corp. - Unit"
BSAC,"Banco Santander"
BSBK,"Bogota Financial Corp. - Common Stock"
BSBR,"Banco Santander Brasil SA American Depositary Shares, each representing one unit"
BSCP,"Invesco BulletShares 2025 Corporate Bond ETF"
BSCQ,"Invesco BulletShares 2026 Corporate Bond ETF"
BSCR,"Invesco BulletShares 2027 Corporate Bond ETF"
BSCS,"Invesco BulletShares 2028 Corporate Bond ETF"
BSCT,"Invesco BulletShares 2029 Corporate Bond ETF"
BSCU,"Invesco BulletShares 2030 Corporate Bond ETF"
BSCV,"Invesco BulletShares 2031 Corporate Bond ETF"
BSCW,"Invesco BulletShares 2032 Corporate Bond ETF"
BSCX,"Invesco BulletShares 2033 Corporate Bond ETF"
BSCY,"Invesco BulletShares 2034 Corporate Bond ETF"
BSCZ,"Invesco BulletShares 2035 Corporate Bond ETF"
BSET,"Bassett Furniture Industries, Incorporated - Common Stock"
BSGM,"BioSig Technologies, Inc. - Common Stock"
BSJP,"Invesco BulletShares 2025 High Yield Corporate Bond ETF"
BSJQ,"Invesco BulletShares 2026 High Yield Corporate Bond ETF"
BSJR,"Invesco BulletShares 2027 High Yield Corporate Bond ETF"
BSJS,"Invesco BulletShares 2028 High Yield Corporate Bond ETF"
BSJT,"Invesco BulletShares 2029 High Yield Corporate Bond ETF"
BSJU,"Invesco BulletShares 2030 High Yield Corporate Bond ETF"
BSJV,"Invesco BulletShares 2031 High Yield Corporate Bond ETF"
BSJW,"Invesco BulletShares 2032 High Yield Corporate Bond ETF"
BSJX,"Invesco BulletShares 2033 High Yield Corporate Bond ETF"
BSL,"Blackstone Senior Floating Rate 2027 Term Fund Common Shares of Beneficial Interest"
BSLK,"Bolt Projects Holdings, Inc. - Common Stock"
BSLKW,"Bolt Projects Holdings, Inc. - Warrant"
BSMP,"Invesco BulletShares 2025 Municipal Bond ETF"
BSMQ,"Invesco BulletShares 2026 Municipal Bond ETF"
BSMR,"Invesco BulletShares 2027 Municipal Bond ETF"
BSMS,"Invesco BulletShares 2028 Municipal Bond ETF"
BSMT,"Invesco BulletShares 2029 Municipal Bond ETF"
BSMU,"Invesco BulletShares 2030 Municipal Bond ETF"
BSMV,"Invesco BulletShares 2031 Municipal Bond ETF"
BSMW,"Invesco BulletShares 2032 Municipal Bond ETF"
BSMY,"Invesco BulletShares 2034 Municipal Bond ETF"
BSRR,"Sierra Bancorp - Common Stock"
BSSX,"Invesco BulletShares 2033 Municipal Bond ETF"
BST,"BlackRock Science and Technology Trust Common Shares of Beneficial Interest"
BSTZ,"BlackRock Science and Technology Term Trust Common Shares of Beneficial Interest"
BSVN,"Bank7 Corp. - Common stock"
BSVO,"EA Bridgeway Omni Small-Cap Value ETF"
BSY,"Bentley Systems, Incorporated - Class B Common Stock"
BTA,"BlackRock Long"
BTAI,"BioXcel Therapeutics, Inc. - Common Stock"
BTBD,"BT Brands, Inc. - Common Stock"
BTBDW,"BT Brands, Inc. - Warrant"
BTBT,"Bit Digital, Inc. - Ordinary Share"
BTCM,"BIT Mining Limited ADS"
BTCS,"BTCS Inc. - Common Stock"
BTCT,"BTC Digital Ltd. - Ordinary Shares"
BTE,"Baytex Energy Corp Common Shares"
BTF,"CoinShares Bitcoin and Ether ETF"
BTFX,"CoinShares Bitcoin Leverage ETF"
BTGD,"STKd 100% Bitcoin & 100% Gold ETF"
BTI,"British American Tobacco  Industries, p.l.c. Common Stock ADR"
BTM,"Bitcoin Depot Inc. - Class A Common Stock"
BTMD,"Biote Corp. - Class A common stock"
BTMWW,"Bitcoin Depot Inc. - Warrant"
BTO,"John Hancock Financial Opportunities Fund Common Stock"
BTOC,"Armlogi Holding Corp. - common stock"
BTOG,"Bit Origin Limited - Class A Ordinary Shares"
BTSG,"BrightSpring Health Services, Inc. - Common Stock"
BTSGU,"BrightSpring Health Services, Inc. - Tangible Equity Unit"
BTT,"BlackRock Municipal 2030 Target Term Trust"
BTX,"BlackRock Technology and Private Equity Term Trust Common Shares of Beneficial Interest"
BTZ,"BlackRock Credit Allocation Income Trust"
BUD,"Anheuser"
BUFC,"AB Conservative Buffer ETF"
BUFI,"AB International Buffer ETF"
BUFM,"AB Moderate Buffer ETF"
BUG,"Global X Cybersecurity ETF"
BUI,"BlackRock Utility, Infrastructure & Power Opportunities Trust"
BULD,"Pacer BlueStar Engineering the Future ETF"
BULG,"Leverage Shares 2X Long BULL Daily ETF"
BULL,"Webull Corporation - Class A Ordinary Shares"
BULLW,"Webull Corporation - Warrants"
BURL,"Burlington Stores, Inc. Common Stock"
BUSEP,"First Busey Corporation - Depositary Shares, Each Representing a 1/40th Interest in a Share of 8.25% Fixed-Rate Series B Non-Cumulative Perpetual Preferred Stock, $0.001 par value"
BUUU,"BUUU Group Limited - Class A Ordinary Share"
BUXX,"EA Series Trust Strive Enhanced Income Short Maturity ETF"
BV,"BrightView Holdings, Inc. Common Stock"
BVFL,"BV Financial, Inc. - Common Stock"
BVS,"Bioventus Inc. - Class A Common Stock"
BW,"Babcock & Wilcox Enterprises, Inc. Common Stock"
BW$A,"Babcock & Wilcox Enterprises, Inc. 7.75% Series A Cumulative Perpetual Preferred Stock"
BWAY,"BrainsWay Ltd. - American Depositary Shares"
BWB,"Bridgewater Bancshares, Inc. - Common Stock"
BWBBP,"Bridgewater Bancshares, Inc. - Depositary Shares, Each Representing a 1/100th Interest in a Share of 5.875% Non-Cumulative Perpetual Preferred Stock, Series A"
BWEN,"Broadwind, Inc. - Common Stock"
BWFG,"Bankwell Financial Group, Inc. - Common Stock"
BWG,"BrandywineGLOBAL Global Income Opportunities Fund Inc."
BWLP,"BW LPG Limited Common Shares"
BWMN,"Bowman Consulting Group Ltd. - Common Stock"
BWMX,"Betterware de Mexico, S.A.P.I. de C.V. Ordinary Shares"
BWNB,"Babcock & Wilcox Enterprises, Inc. 6.50% Senior Notes due 2026"
BWSN,"Babcock & Wilcox Enterprises, Inc. 8.125% Senior Notes due 2026"
BWXT,"BWX Technologies, Inc. Common Stock"
BXC,"Bluelinx Holdings Inc. Common Stock"
BXMX,"Nuveen S&P 500 Buy"
BXSL,"Blackstone Secured Lending Fund Common Shares of Beneficial Interest"
BY,"Byline Bancorp, Inc. Common Stock"
BYFC,"Broadway Financial Corporation - Class A Common Stock"
BYM,"Blackrock Municipal Income Quality Trust Common Shares of Beneficial Interest"
BYND,"Beyond Meat, Inc. - Common stock"
BYRN,"Byrna Technologies, Inc. - Common Stock"
BYSI,"BeyondSpring, Inc. - Ordinary Shares"
BZ,"KANZHUN LIMITED - American Depository Shares"
BZAI,"Blaize Holdings, Inc. - Common Stock"
BZAIW,"Blaize Holdings, Inc. - Warrant"
BZFD,"BuzzFeed, Inc. - Class A Common Stock"
BZFDW,"BuzzFeed, Inc. - Warrant"
BZH,"Beazer Homes USA, Inc. Common Stock"
BZUN,"Baozun Inc. - American Depositary Shares"
C$N,"Citigroup Capital XIII 7.875% Fixed rate Floating Rate trust Preferred Securities (TruPS)"
CA,"Xtrackers California Municipal Bonds ETF"
CAAS,"China Automotive Systems, Inc. - Common Stock"
CABA,"Cabaletta Bio, Inc. - Common Stock"
CABO,"Cable One, Inc. Common Stock"
CAC,"Camden National Corporation - Common Stock"
CACI,"CACI International, Inc. Class A Common Stock"
CADE$A,"Cadence Bank 5.50% Series A"
CADL,"Candel Therapeutics, Inc. - Common Stock"
CAEP,"Cantor Equity Partners III, Inc. - Class A Ordinary Shares"
CAF,"Morgan Stanley China A Share Fund Inc. Common Stock"
CAFG,"Pacer US Small Cap Cash Cows Growth Leaders ETF"
CAL,"Caleres, Inc. Common Stock"
CALC,"CalciMedica, Inc. - Common Stock"
CALI,"iShares Short-Term California Muni Active ETF"
CAMP,"CAMP4 Therapeutics Corporation - Common Stock"
CAN,"Canaan Inc. - American Depositary Shares"
CANC,"Tema Oncology ETF"
CANG,"Cango Inc. American Depositary Shares,  each representing two (2) Class A Ordinary Shares"
CANQ,"Calamos Nasdaq Equity & Income ETF"
CAPL,"CrossAmerica Partners LP Common Units representing limited partner interests"
CAPN,"Cayson Acquisition Corp - Ordinary Shares"
CAPNR,"Cayson Acquisition Corp - Right"
CAPNU,"Cayson Acquisition Corp - Units"
CAPR,"Capricor Therapeutics, Inc. - Common Stock"
CAPS,"Capstone Holding Corp. - Common Stock"
CAPT,"Captivision Inc. - Ordinary Shares"
CAPTW,"Captivision Inc. - Warrant"
CARE,"Carter Bankshares, Inc. - Common Stock"
CARL,"Carlsmed, Inc. - Common Stock"
CARM,"Carisma Therapeutics, Inc. - Common Stock"
CARS,"Cars.com Inc. Common Stock"
CART,"Maplebear Inc. - Common Stock"
CARV,"Carver Bancorp, Inc. - Common Stock"
CARY,"Angel Oak Income ETF"
CARZ,"First Trust S-Network Future Vehicles & Technology ETF"
CASH,"Pathward Financial, Inc. - Common Stock"
CASI,"CASI Pharmaceuticals, Inc. - Ordinary Shares"
CASK,"Heritage Distilling Holding Company, Inc. - Common Stock"
CASS,"Cass Information Systems, Inc - Common Stock"
CASY,"Caseys General Stores, Inc. - Common Stock"
CATH,"Global X S&P 500 Catholic Values ETF"
CATO,"Cato Corporation (The) Class A Common Stock"
CBAN,"Colony Bankcorp, Inc. Common Stock"
CBAT,"CBAK Energy Technology, Inc. - Common Stock"
CBFV,"CB Financial Services, Inc. - Common Stock"
CBIO,"Crescent Biopharma, Inc. - Common Stock"
CBL,"CBL & Associates Properties, Inc. Common Stock"
CBLL,"CeriBell, Inc. - Common Stock"
CBNA,"Chain Bridge Bancorp, Inc. Class A Common Stock"
CBNK,"Capital Bancorp, Inc. - Common Stock"
CBRL,"Cracker Barrel Old Country Store, Inc. - Common Stock"
CBUS,"Cibus, Inc. - Class A Common Stock"
CC,"Chemours Company (The) Common Stock"
CCAP,"Crescent Capital BDC, Inc. - Common Stock"
CCB,"Coastal Financial Corporation - Common Stock"
CCBG,"Capital City Bank Group - Common Stock"
CCCC,"C4 Therapeutics, Inc. - Common Stock"
CCCS,"CCC Intelligent Solutions Holdings Inc. - Common Stock"
CCCX,"Churchill Capital Corp X - Class A Ordinary Shares"
CCCXU,"Churchill Capital Corp X - Unit"
CCCXW,"Churchill Capital Corp X - Warrants"
CCD,"Calamos Dynamic Convertible & Income Fund - Closed End Fund"
CCEC,"Capital Clean Energy Carriers Corp. - Common Share"
CCEP,"Coca-Cola Europacific Partners plc - Ordinary Shares"
CCFE,"Concourse Capital Focused Equity ETF"
CCG,"Cheche Group Inc. - Class A Ordinary Shares"
CCGWW,"Cheche Group Inc. - Warrant"
CCIA,"Carlyle Credit Income Fund 8.75% Series A Preferred Shares due 2028"
CCIF,"Carlyle Credit Income Fund Shares of Beneficial Interest"
CCII,"Cohen Circle Acquisition Corp. II - Class A Ordinary Shares"
CCIIU,"Cohen Circle Acquisition Corp. II - Unit"
CCIIW,"Cohen Circle Acquisition Corp. II - Warrant"
CCIX,"Churchill Capital Corp IX - Ordinary Shares"
CCIXU,"Churchill Capital Corp IX - Unit"
CCIXW,"Churchill Capital Corp IX - Warrant"
CCJ,"Cameco Corporation Common Stock"
CCK,"Crown Holdings, Inc."
CCLD,"CareCloud, Inc. - Common Stock"
CCLDO,"CareCloud, Inc. - 8.75% Series B Cumulative Redeemable Perpetual Preferred Stock"
CCM,"Concord Medical Services Holdings Limited American Depositary Shares (Each represents thirty (30) Class A ordinary shares)"
CCNE,"CNB Financial Corporation - Common Stock"
CCNEP,"CNB Financial Corporation - Depositary shares, each representing a 1/40th ownership interest in a share of 7.125% Series A Fixed- Rate Non-Cumulative Perpetual Preferred Stock"
CCNR,"ALPS/CoreCommodity Natural Resources ETF"
CCO,"Clear Channel Outdoor Holdings, Inc. Common Stock"
CCOI,"Cogent Communications Holdings, Inc. - Common Stock"
CCRD,"CoreCard Corporation Common Stock"
CCRN,"Cross Country Healthcare, Inc. - Common Stock"
CCS,"Century Communities, Inc. Common Stock"
CCSB,"Carbon Collective Short Duration Green Bond ETF"
CCSI,"Consensus Cloud Solutions, Inc. - Common Stock"
CCSO,"Carbon Collective Climate Solutions U.S. Equity ETF"
CCTG,"CCSC Technology International Holdings Limited - Class A Ordinary Shares"
CCZ,"Comcast Holdings ZONES"
CDC,"VictoryShares US EQ Income Enhanced Volatility Wtd ETF"
CDE,"Coeur Mining, Inc. Common Stock"
CDIO,"Cardio Diagnostics Holdings Inc. - Common stock"
CDIOW,"Cardio Diagnostics Holdings Inc. - Warrant"
CDL,"VictoryShares US Large Cap High Div Volatility Wtd ETF"
CDLR,"Cadeler A/S American Depositary Share (each representing four (4) Ordinary Shares)"
CDLX,"Cardlytics, Inc. - Common Stock"
CDNA,"CareDx, Inc. - Common Stock"
CDR$B,"Cedar Realty Trust, Inc. 7.25% Series B Cumulative Redeemable Preferred Stock"
CDR$C,"Cedar Realty Trust, Inc. 6.50% Series C Cumulative Redeemable Preferred Stock"
CDRE,"Cadre Holdings, Inc. Common Stock"
CDRO,"Codere Online Luxembourg, S.A. - Ordinary Shares"
CDROW,"Codere Online Luxembourg, S.A. - Warrants"
CDT,"CDT Equity Inc. - Common Stock"
CDTG,"CDT Environmental Technology Investment Holdings Limited - ordinary shares"
CDTTW,"CDT Equity Inc. - Warrant"
CDXS,"Codexis, Inc. - Common Stock"
CDZI,"Cadiz, Inc. - Common Stock"
CDZIP,"Cadiz, Inc. - Depositary Shares"
CECO,"CECO Environmental Corp. - Common Stock"
CEE,"The Central and Eastern Europe Fund, Inc. (The) Common Stock"
CEFA,"Global X S&P Catholic Values Developed ex-U.S. ETF"
CELC,"Celcuity Inc. - Common Stock"
CELG.R,"Bristol"
CELH,"Celsius Holdings, Inc. - Common Stock"
CELU,"Celularity Inc. - Class A Common Stock"
CELUW,"Celularity Inc. - Warrant"
CELZ,"Creative Medical Technology Holdings, Inc. - Common Stock"
CENN,"Cenntro Inc. - Common Stock"
CENT,"Central Garden & Pet Company - Common Stock"
CENTA,"Central Garden & Pet Company - Class A Common Stock Nonvoting"
CEP,"Cantor Equity Partners, Inc. - Class A ordinary shares"
CEPF,"Cantor Equity Partners IV, Inc. - Class A Ordinary Shares"
CEPI,"REX Crypto Equity Premium Income ETF"
CEPO,"Cantor Equity Partners I, Inc. - Class A Ordinary Shares"
CEPT,"Cantor Equity Partners II, Inc. - Class A ordinary share"
CEPU,"Central Puerto S.A. American Depositary Shares (each represents ten Common Shares)"
CERO,"CERo Therapeutics Holdings, Inc. - Common Stock"
CEROW,"CERo Therapeutics Holdings, Inc. - Warrants"
CERS,"Cerus Corporation - Common Stock"
CERT,"Certara, Inc. - Common Stock"
CETX,"Cemtrex Inc. - Common Stock"
CETY,"Clean Energy Technologies, Inc. - Common Stock"
CEVA,"CEVA, Inc. - Common Stock"
CFA,"VictoryShares US 500 Volatility Wtd ETF"
CFBK,"CF Bankshares Inc. - Common Stock"
CFFI,"C&F Financial Corporation - Common Stock"
CFFN,"Capitol Federal Financial, Inc. - Common Stock"
CFG$E,"Citizens Financial Group, Inc. Depositary Shares Each Representing 1/40th Interest in a Share of 5.000% Fixed"
CFG$H,"Citizens Financial Group, Inc. Depositary Shares Each Representing a 1/40th Interest in a Share of 7.375% Fixed"
CFG$I,"Citizens Financial Group, Inc. Depositary Shares, Each Representing a 1/40th Interest in a Share of 6.500% Fixed"
CFND,"C1 Fund Inc. Common Stock"
CFO,"VictoryShares US 500 Enhanced Volatility Wtd ETF"
CFR$B,"Cullen/Frost Bankers, Inc. Depositary Shares, each representing a 1/40th ownership interest in a share of 4.450% non"
CFSB,"CFSB Bancorp, Inc. - Common Stock"
CG,"The Carlyle Group Inc. - Common Stock"
CGABL,"The Carlyle Group Inc. - 4.625% Subordinated Notes due 2061"
CGBD,"Carlyle Secured Lending, Inc. - Closed End Fund"
CGBDL,"Carlyle Secured Lending, Inc. - 8.20% Notes due 2028"
CGC,"Canopy Growth Corporation - Common Shares"
CGCT,"Cartesian Growth Corporation III - Class A Ordinary Shares"
CGCTU,"Cartesian Growth Corporation III - unit"
CGCTW,"Cartesian Growth Corporation III - Warrant"
CGEM,"Cullinan Therapeutics, Inc. - Common Stock"
CGEN,"Compugen Ltd. - Ordinary Shares"
CGNT,"Cognyte Software Ltd. - Ordinary Shares"
CGO,"Calamos Global Total Return Fund - Closed End Fund"
CGTL,"Creative Global Technology Holdings Limited - Class A Ordinary Shares"
CGTX,"Cognition Therapeutics, Inc. - Common Stock"
CGV,"Two Roads Shared Trust Conductor Global Equity Value ETF"
CHAC,"Crane Harbor Acquisition Corp. - Class A Ordinary Shares"
CHACR,"Crane Harbor Acquisition Corp. - Rights"
CHACU,"Crane Harbor Acquisition Corp. - Units"
CHAR,"Charlton Aria Acquisition Corporation - Class A Ordinary Shares"
CHARR,"Charlton Aria Acquisition Corporation - Rights"
CHARU,"Charlton Aria Acquisition Corporation - Units"
CHCI,"Comstock Holding Companies, Inc. - Class A Common Stock"
CHCO,"City Holding Company - Common Stock"
CHCT,"Community Healthcare Trust Incorporated Common Stock"
CHE,"Chemed Corp"
CHEK,"Check-Cap Ltd. - Ordinary Share"
CHGG,"Chegg, Inc. Common Stock"
CHGX,"Stance Sustainable Beta ETF"
CHI,"Calamos Convertible Opportunities and Income Fund - Closed End Fund"
CHKP,"Check Point Software Technologies Ltd. - Ordinary Shares"
CHMG,"Chemung Financial Corp  - Common Stock"
CHMI,"Cherry Hill Mortgage Investment Corporation Common Stock"
CHMI$A,"Cherry Hill Mortgage Investment Corporation 8.20% Series A Cumulative Redeemable Preferred Stock"
CHMI$B,"Cherry Hill Mortgage Investment Corporation 8.250% Series B Fixed"
CHN,"China Fund, Inc. (The) Common Stock"
CHNR,"China Natural Resources, Inc. - Common Shares"
CHPG,"ChampionsGate Acquisition Corporation - Class A Ordinary Share"
CHPGR,"ChampionsGate Acquisition Corporation - Rights"
CHPGU,"ChampionsGate Acquisition Corporation - Unit"
CHPS,"Xtrackers Semiconductor Select Equity ETF"
CHPT,"ChargePoint Holdings, Inc. Common Stock"
CHR,"Cheer Holding, Inc.  - Class A Ordinary Share"
CHRS,"Coherus Oncology, Inc. - Common Stock"
CHSCL,"CHS Inc - Class B Cumulative Redeemable Preferred Stock, Series 4"
CHSCM,"CHS Inc - Class B Reset Rate Cumulative Redeemable Preferred Stock, Series 3"
CHSCN,"CHS Inc - Preferred Class B Series 2 Reset Rate"
CHSCO,"CHS Inc - Class B Cumulative Redeemable Preferred Stock"
CHSCP,"CHS Inc - 8%  Cumulative Redeemable Preferred Stock"
CHSN,"Chanson International Holding - Class A Ordinary Shares"
CHT,"Chunghwa Telecom Co., Ltd."
CHW,"Calamos Global Dynamic Income Fund - Closed End Fund"
CHWY,"Chewy, Inc. Class A Common Stock"
CHY,"Calamos Convertible and High Income Fund - Closed End Fund"
CIA,"Citizens, Inc. Class A Common Stock ($1.00 Par)"
CIB,"Grupo Cibest S.A. American Depositary Shares each representing four Preferred Shares"
CIBR,"First Trust NASDAQ Cybersecurity ETF"
CICB,"CION Investment Corporation 7.50% Notes due 2029"
CIEN,"Ciena Corporation Common Stock"
CIF,"MFS Intermediate High Income Fund Common Stock"
CIFRW,"Cipher Mining Inc. - Warrant"
CIG,"Comp En De Mn Cemig ADS American Depositary Shares"
CIG.C,"Comp En De Mn Cemig ADS American Depositary Receipts"
CIGL,"Concorde International Group Ltd - Class A Ordinary Shares"
CII,"BlackRock Enhanced Large Cap Core Fund, Inc. Common Stock"
CIIT,"Tianci International, Inc. - Common Stock"
CIL,"VictoryShares International Volatility Wtd ETF"
CIM,"Chimera Investment Corporation Common Stock"
CIM$A,"Chimera Investment Corporation 8.00% Series A Cumulative Redeemable Preferred Stock"
CIM$B,"Chimera Investment Corporation 8.00% Series B Fixed"
CIM$C,"Chimera Investment Corporation 7.75% Series C Fixed"
CIM$D,"Chimera Investment Corporation 8.00% Series D Fixed"
CIMN,"Chimera Investment Corporation 9.000% Senior Notes due 2029"
CIMO,"Chimera Investment Corporation 9.250% Senior Notes due 2029"
CIMP,"Chimera Investment Corporation 8.875% Senior Notes due 2030"
CING,"Cingulate Inc. - Common Stock"
CINGW,"Cingulate Inc. - Warrants"
CINT,"CI&T Inc Class A Common Shares"
CIO,"City Office REIT, Inc. Common Stock"
CIO$A,"City Office REIT, Inc. 6.625% Series A Cumulative Redeemable Preferred Stock"
CION,"CION Investment Corporation Common Stock"
CISO,"CISO Global, Inc. - Common Stock"
CISS,"C3is Inc. - Common Stock"
CIVB,"Civista Bancshares, Inc.  - Common Stock"
CJET,"Chijet Motor Company, Inc. - Ordinary Shares"
CJMB,"Callan JMB Inc. - Common Stock"
CLAR,"Clarus Corporation - Common Stock"
CLB,"Core Laboratories Inc. Common Stock"
CLBK,"Columbia Financial, Inc. - Common Stock"
CLCO,"Cool Company Ltd. Common Shares"
CLDT,"Chatham Lodging Trust (REIT) Common Shares of Beneficial Interest"
CLDT$A,"Chatham Lodging Trust (REIT) 6.625% Series A Cumulative Redeemable Preferred Shares of Beneficial Interest"
CLDX,"Celldex Therapeutics, Inc. - Common Stock"
CLFD,"Clearfield, Inc. - Common Stock"
CLGN,"CollPlant Biotechnologies Ltd. - Ordinary Shares"
CLH,"Clean Harbors, Inc. Common Stock"
CLIK,"Click Holdings Limited - Ordinary Share"
CLIR,"ClearSign Technologies Corporation - Common Stock"
CLLS,"Cellectis S.A. - American Depositary Shares"
CLMB,"Climb Global Solutions, Inc. - Common Stock"
CLMT,"Calumet, Inc - Common Stock"
CLNE,"Clean Energy Fuels Corp. - Common Stock"
CLNN,"Clene Inc. - Common Stock"
CLNNW,"Clene Inc. - Warrant"
CLOA,"iShares AAA CLO Active ETF"
CLOD,"Themes Cloud Computing ETF"
CLOU,"Global X Cloud Computing ETF"
CLOV,"Clover Health Investments, Corp.  - Class A Common stock"
CLPR,"Clipper Realty Inc. Common Stock"
CLPS,"CLPS Incorporation - Common Stock"
CLPT,"ClearPoint Neuro Inc. - Common Stock"
CLRB,"Cellectar Biosciences, Inc. - Common Stock"
CLRO,"ClearOne, Inc. - Common Stock"
CLS,"Celestica, Inc. Common Stock"
CLSD,"Clearside Biomedical, Inc. - Common Stock"
CLSK,"CleanSpark, Inc. - Common Stock"
CLSKW,"CleanSpark, Inc. - Warrant"
CLSM,"ETC Cabana Target Leading Sector Moderate ETF"
CLST,"Catalyst Bancorp, Inc. - common stock"
CLW,"Clearwater Paper Corporation Common Stock"
CLWT,"Euro Tech Holdings Company Limited - Ordinary Shares"
CLYM,"Climb Bio, Inc. - Common Stock"
CM,"Canadian Imperial Bank of Commerce Common Stock"
CMA$B,"Comerica Incorporated Depositary Shares, each representing a 1/40th interest in a share of 6.875% Fixed"
CMBM,"Cambium Networks Corporation - Ordinary Shares"
CMCM,"Cheetah Mobile Inc. American Depositary Shares, each representing fifty (50) Class A Ordinary Shares"
CMCO,"Columbus McKinnon Corporation - Common Stock"
CMCT,"Creative Media  - Common Stock"
CMDB,"Costamare Bulkers Holdings Limited Common Stock"
CMMB,"Chemomab Therapeutics Ltd.  - American Depositary Shares"
CMND,"Clearmind Medicine Inc. - Common Shares"
CMP,"Compass Minerals Intl Inc Common Stock"
CMPOW,"CompoSecure, Inc.  - Warrant"
CMPR,"Cimpress plc - Ordinary Shares"
CMPS,"COMPASS Pathways Plc - American Depository Shares"
CMPX,"Compass Therapeutics, Inc. - Common Stock"
CMRC,"Commerce.com, Inc. - Series 1 Common Stock"
CMRE,"Costamare Inc. Common Stock $0.0001 par value"
CMRE$B,"Costamare Inc. Perpetual Preferred Stock Series B (Marshall Islands)"
CMRE$C,"Costamare Inc. Perpetual Preferred Series C (Marshall Islands)"
CMRE$D,"Costamare Inc. 8.75% Series D Cumulative Redeemable Perpetual Preferred Stock"
CMS$B,"CMS Energy Corporation Preferred Stock"
CMS$C,"CMS Energy Corporation Depositary Shares, each representing a 1/1,000th interest in a share of 4.200% Cumulative Redeemable Perpetual Preferred Stock, Series C"
CMSA,"CMS Energy Corporation 5.625% Junior Subordinated Notes due 2078"
CMSC,"CMS Energy Corporation 5.875% Junior Subordinated Notes due 2078"
CMSD,"CMS Energy Corporation 5.875% Junior Subordinated Notes due 2079"
CMTG,"Claros Mortgage Trust, Inc. Common Stock"
CMTL,"Comtech Telecommunications Corp. - Common Stock"
CMU,"MFS Municipal Income Trust Common Stock"
CNA,"CNA Financial Corporation Common Stock"
CNCK,"Coincheck Group N.V. - Ordinary Shares"
CNCKW,"Coincheck Group N.V. - Warrants"
CNDT,"Conduent Incorporated - Common Stock"
CNET,"ZW Data Action Technologies Inc. - Common Stock"
CNEY,"CN Energy Group Inc. - Class A Ordinary Shares"
CNF,"CNFinance Holdings Limited American Depositary Shares, each representing two hundred (200) Ordinary Shares"
CNFR,"Conifer Holdings, Inc. - Common Stock"
CNFRZ,"Conifer Holdings, Inc. - 9.75% Senior Unsecured Notes due 2028"
CNH,"CNH Industrial N.V. Common Shares"
CNI,"Canadian National Railway Company Common Stock"
CNMD,"CONMED Corporation Common Stock"
CNNE,"Cannae Holdings, Inc. Common Stock"
CNO$A,"CNO Financial Group, Inc. 5.125% Subordinated Debentures due 2060"
CNOB,"ConnectOne Bancorp, Inc. - Common Stock"
CNOBP,"ConnectOne Bancorp, Inc. - Depositary Shares (each representing a 1/40th interest in a share of 5.25% Fixed-Rate Reset Non-Cumulative Perpetual Preferred Stock, Series A, par value $0.00 per share)"
CNQ,"Canadian Natural Resources Limited Common Stock"
CNSP,"CNS Pharmaceuticals, Inc. - Common Stock"
CNTB,"Connect Biopharma Holdings Limited - American Depositary Shares"
CNTX,"Context Therapeutics Inc. - Common Stock"
CNTY,"Century Casinos, Inc. - Common Stock"
CNVS,"Cineverse Corp. - Class A Common Stock"
CNXN,"PC Connection, Inc. - Common Stock"
COCH,"Envoy Medical, Inc. - Class A Common Stock"
COCHW,"Envoy Medical, Inc. - Warrant"
COCP,"Cocrystal Pharma, Inc. - Common Stock"
CODA,"Coda Octopus Group, Inc. - Common stock"
CODI,"D/B/A Compass Diversified Holdings Shares of Beneficial Interest"
CODI$A,"Compass Diversified Holdings 7.250% Series A Preferred Shares representing beneficial interest in Compass Diversified Holdings"
CODI$B,"Compass Diversified Holdings 7.875% Series B Fixed"
CODI$C,"Compass Diversified Holdings 7.875% Series C Cumulative Preferred Shares"
CODX,"Co-Diagnostics, Inc. - Common Stock"
COEP,"Coeptis Therapeutics Holdings, Inc. - Common Stock"
COEPW,"Coeptis Therapeutics Holdings, Inc. - Warrants"
COF$I,"Capital One Financial Corporation Depositary shares each representing a 1/40th interest in a share of Fixed Rate Non"
COF$J,"Capital One Financial Corporation Depositary Shares, Each Representing a 1/40th Interest in a Share of Fixed Rate Non"
COF$K,"Capital One Financial Corporation Depositary Shares, Each Representing a 1/40th Ownership Interest in a Share of Fixed Rate Non"
COF$L,"Capital One Financial Corporation Depositary Shares, Each Representing a 1/40th Interest in a Share of Fixed Rate Non"
COF$N,"Capital One Financial Corporation Depositary Shares, Each Representing a 1/40th Ownership Interest in a Share of Fixed Rate Non"
COFS,"ChoiceOne Financial Services, Inc. - Common Stock"
COHR,"Coherent Corp. Common Stock"
COHU,"Cohu, Inc. - Common Stock"
COIG,"Leverage Shares 2X Long COIN Daily ETF"
COKE,"Coca-Cola Consolidated, Inc. - Common Stock"
COLA,"Columbus Acquisition Corp - Ordinary Shares"
COLAR,"Columbus Acquisition Corp - Rights"
COLAU,"Columbus Acquisition Corp - Unit"
COLL,"Collegium Pharmaceutical, Inc. - Common Stock"
COMT,"iShares GSCI Commodity Dynamic Roll Strategy ETF"
CONI,"GraniteShares 2x Short COIN Daily ETF"
CONL,"GraniteShares 2x Long COIN Daily ETF"
COOK,"Traeger, Inc. Common Stock"
COOP,"Mr. Cooper Group Inc. - Common Stock"
COOT,"Australian Oilseeds Holdings Limited - Ordinary Shares"
COOTW,"Australian Oilseeds Holdings Limited - Warrant"
COPJ,"Sprott Junior Copper Miners ETF"
COPL,"Copley Acquisition Corp Ordinary Shares"
COPL.U,"Copley Acquisition Corp Units, each consisting of one ordinary share and one"
COPL.W,"Copley Acquisition Corp Redeemable warrants, each whole warrant exercisable for one Class A ordinary share at an exercise price of $11.50"
COPP,"Sprott Copper Miners ETF"
CORO,"iShares International Country Rotation Active ETF"
CORZ,"Core Scientific, Inc. - Common Stock"
CORZW,"Core Scientific, Inc. - Tranche 1 Warrants"
CORZZ,"Core Scientific, Inc. - Tranche 2 Warrants"
COSM,"Cosmos Health Inc. - Common Stock"
COSO,"CoastalSouth Bancshares, Inc. Common Stock"
COUR,"Coursera, Inc. Common Stock"
COWG,"Pacer US Large Cap Cash Cows Growth Leaders ETF"
COWS,"Amplify Cash Flow Dividend Leaders ETF"
COYA,"Coya Therapeutics, Inc. - Common Stock"
COYY,"GraniteShares YieldBOOST COIN ETF"
CP,"Canadian Pacific Kansas City Limited Common Shares"
CPAC,"Cementos Pacasmayo S.A.A. American Depositary Shares (Each representing five Common Shares)"
CPAG,"F/m Compoundr U.S. Aggregate Bond ETF"
CPAI,"Northern Lights Fund Trust III Counterpoint Quantitative Equity ETF"
CPBI,"Central Plains Bancshares, Inc. - Common Stock"
CPF,"Central Pacific Financial Corp New"
CPHC,"Canterbury Park Holding Corporation - Common Stock"
CPHY,"F/m Compoundr High Yield Bond ETF"
CPIX,"Cumberland Pharmaceuticals Inc. - Common Stock"
CPLS,"AB Core Plus Bond ETF"
CPNG,"Coupang, Inc. Class A Common Stock"
CPOP,"Pop Culture Group Co., Ltd - Class A Ordinary Shares"
CPS,"Cooper"
CPSH,"CPS Technologies Corp. - Common Stock"
CPSS,"Consumer Portfolio Services, Inc. - Common Stock"
CPZ,"Calamos Long/Short Equity & Dynamic Income Trust - Closed End Fund"
CQP,"Cheniere Energy Partners, LP Common Units"
CR,"Crane Company Common Stock"
CRAI,"CRA International,Inc. - Common Stock"
CRAQ,"Cal Redwood Acquisition Corp. - Class A Ordinary Shares"
CRAQR,"Cal Redwood Acquisition Corp. - Right"
CRAQU,"Cal Redwood Acquisition Corp. - Units"
CRBD,"Corebridge Financial Inc. 6.375% Junior Subordinated Notes due 2064"
CRBG,"Corebridge Financial Inc. Common Stock"
CRBP,"Corbus Pharmaceuticals Holdings, Inc. - Common Stock"
CRBU,"Caribou Biosciences, Inc. - Common Stock"
CRCG,"Leverage Shares 2X Long CRCL Daily ETF"
CRCL,"Circle Internet Group, Inc. Class A Common Stock"
CRCT,"Cricut, Inc. - Class A common stock"
CRD.A,"Crawford & Company Common Stock"
CRD.B,"Crawford & Company Common Stock"
CRDF,"Cardiff Oncology, Inc. - Common Stock"
CRDL,"Cardiol Therapeutics Inc. - Class A Common Shares"
CRDO,"Credo Technology Group Holding Ltd - Ordinary Shares"
CRE,"Cre8 Enterprise Limited - Class A Ordinary Shares"
CREG,"Smart Powerr Corp. - Common Stock"
CRESW,"Cresud S.A.C.I.F. y A. - Warrant"
CRESY,"Cresud S.A.C.I.F. y A. - American Depositary Shares, each representing ten shares of Common Stock"
CREV,"Carbon Revolution Public Limited Company - Ordinary Shares"
CREVW,"Carbon Revolution Public Limited Company - Warrant"
CREX,"Creative Realities, Inc. - Common Stock"
CRGO,"Freightos Limited - Ordinary shares"
CRGOW,"Freightos Limited - Warrants"
CRH,"CRH PLC Ordinary Shares"
CRI,"Carter's, Inc. Common Stock"
CRIS,"Curis, Inc. - Common Stock"
CRK,"Comstock Resources, Inc. Common Stock"
CRMD,"CorMedix Inc. - Common Stock"
CRMG,"Leverage Shares 2X Long CRM Daily ETF"
CRML,"Critical Metals Corp. - Ordinary Shares"
CRMLW,"Critical Metals Corp. - Warrants"
CRMT,"America's Car-Mart, Inc. - Common Stock"
CRNC,"Cerence Inc. - Common Stock"
CRNT,"Ceragon Networks Ltd. - Ordinary Shares"
CRON,"Cronos Group Inc. - Common Share"
CRS,"Carpenter Technology Corporation Common Stock"
CRSR,"Corsair Gaming, Inc. - Common Stock"
CRT,"Cross Timbers Royalty Trust Common Stock"
CRTO,"Criteo S.A. - American Depositary Shares"
CRUS,"Cirrus Logic, Inc. - Common Stock"
CRVO,"CervoMed Inc. - Common Stock"
CRVS,"Corvus Pharmaceuticals, Inc. - Common Stock"
CRWG,"Leverage Shares 2X Long CRWV Daily ETF"
CRWL,"GraniteShares 2x Long CRWD Daily ETF"
CRWS,"Crown Crafts, Inc. - Common Stock"
CRWV,"CoreWeave, Inc. - Class A Common Stock"
CSAI,"Cloudastructure, Inc. - Class A Common Stock"
CSAN,"Cosan S.A. ADS"
CSB,"VictoryShares US Small Cap High Div Volatility Wtd ETF"
CSBR,"Champions Oncology, Inc. - Common Stock"
CSCI,"COSCIENS Biopharma Inc.  - Common Stock"
CSCL,"Direxion Daily CSCO Bull 2X ETF"
CSCS,"Direxion Daily CSCO Bear 1X ETF"
CSGS,"CSG Systems International, Inc. - Common Stock"
CSIQ,"Canadian Solar Inc. - Common Shares"
CSL,"Carlisle Companies Incorporated Common Stock"
CSPI,"CSP Inc. - Common Stock"
CSQ,"Calamos Strategic Total Return Fund - Closed End Fund"
CSR,"D/B/A Centerspace Common Stock"
CSTE,"Caesarstone Ltd. - Ordinary Shares"
CSTL,"Castle Biosciences, Inc. - Common stock"
CSV,"Carriage Services, Inc. Common Stock"
CSWC,"Capital Southwest Corporation - Common Stock"
CSWCZ,"Capital Southwest Corporation - 7.75% Notes due 2028"
CTA$A,"EIDP, Inc. Preferred Stock $3.50 Series"
CTA$B,"EIDP, Inc. Preferred Stock $4.50 Series"
CTBB,"Qwest Corporation 6.5% Notes due 2056"
CTBI,"Community Trust Bancorp, Inc. - Common Stock"
CTDD,"Qwest Corporation 6.75% Notes due 2057"
CTEC,"Global X CleanTech ETF"
CTEV,"Claritev Corporation Class A Common Stock"
CTKB,"Cytek Biosciences, Inc. - Common Stock"
CTLP,"Cantaloupe, Inc. - Common Stock"
CTMX,"CytomX Therapeutics, Inc. - Common Stock"
CTNM,"Contineum Therapeutics, Inc. - Common stock"
CTNT,"Cheetah Net Supply Chain Service Inc. - Class A Common Stock"
CTO,"CTO Realty Growth, Inc. Common Stock"
CTO$A,"CTO Realty Growth, Inc. 6.375% Series A Cumulative Redeemable Preferred Stock"
CTOR,"Citius Oncology, Inc.  - Common Stock"
CTOS,"Custom Truck One Source, Inc. Common Stock"
CTRI,"Centuri Holdings, Inc. Common Stock"
CTRM,"Castor Maritime Inc. - Common Shares"
CTRN,"Citi Trends, Inc. - Common Stock"
CTS,"CTS Corporation Common Stock"
CTSO,"Cytosorbents Corporation - Common Stock"
CTW,"CTW Cayman - Class A Ordinary Shares"
CTXR,"Citius Pharmaceuticals, Inc. - Common Stock"
CUB,"Lionheart Holdings - Class A Ordinary Shares"
CUBB,"Customers Bancorp, Inc 5.375% Subordinated Notes Due 2034"
CUBI$F,"Customers Bancorp, Inc Fixed"
CUBWU,"Lionheart Holdings - Unit"
CUBWW,"Lionheart Holdings - Warrant"
CUE,"Cue Biopharma, Inc. - Common Stock"
CUK,"Carnival Plc ADS ADS"
CULP,"Culp, Inc. Common Stock"
CUPR,"Cuprina Holdings (Cayman) Limited - Ordinary shares"
CURI,"CuriosityStream Inc.  - Class A Common Stock"
CURIW,"CuriosityStream Inc.  - Warrant"
CURR,"Currenc Group Inc. - Ordinary Shares"
CURV,"Torrid Holdings Inc. Common Stock"
CURX,"Curanex Pharmaceuticals Inc - Common Stock"
CV,"CapsoVision, Inc. - Common Stock"
CVAC,"CureVac N.V. - Ordinary Shares"
CVE,"Cenovus Energy Inc Common Stock"
CVE.W,"Cenovus Energy Inc Warrants (each warrant entitles the holder to purchase one common share at an exercise price of C$6.54 per share)"
CVEO,"Civeo Corporation (Canada) Common Shares"
CVGI,"Commercial Vehicle Group, Inc. - Common Stock"
CVGW,"Calavo Growers, Inc. - Common Stock"
CVKD,"Cadrenal Therapeutics, Inc. - Common Stock"
CVLG,"Covenant Logistics Group, Inc. Class A Common Stock"
CVNA,"Carvana Co. Class A Common Stock"
CVNX,"Defiance Daily Target 2X Long CVNA ETF"
CVRX,"CVRx, Inc. - Common Stock"
CVV,"CVD Equipment Corporation - Common Stock"
CW,"Curtiss"
CWBC,"Community West Bancshares - Common Stock"
CWCO,"Consolidated Water Co. Ltd. - Ordinary Shares"
CWD,"CaliberCos Inc. - Class A Common Stock"
CWEN.A,"Clearway Energy, Inc. Class A Common Stock"
CWH,"Camping World Holdings, Inc. Class A Common Stock"
CWST,"Casella Waste Systems, Inc. - Class A Common Stock"
CX,"Cemex, S.A.B. de C.V. Sponsored ADR"
CXAI,"CXApp Inc. - Class A Common Stock"
CXAIW,"CXApp Inc. - Warrant"
CXDO,"Crexendo, Inc. - Common Stock"
CXE,"MFS High Income Municipal Trust Common Stock"
CXH,"MFS Investment Grade Municipal Trust Common Stock"
CXM,"Sprinklr, Inc. Class A Common Stock"
CXSE,"WisdomTree China ex-State-Owned Enterprises Fund"
CXW,"CoreCivic, Inc. Common Stock"
CYBR,"CyberArk Software Ltd. - Ordinary Shares"
CYCC,"Cyclacel Pharmaceuticals, Inc. - Common Stock"
CYCCP,"Cyclacel Pharmaceuticals, Inc. - 6% Convertible Preferred Stock"
CYCN,"Cyclerion Therapeutics, Inc. - Common Stock"
CYCU,"Cycurion, Inc. - Common Stock"
CYCUW,"Cycurion, Inc. - Warrants"
CYD,"China Yuchai International Limited Common Stock"
CYH,"Community Health Systems, Inc. Common Stock"
CYN,"Cyngn Inc. - Common stock"
CYRX,"CryoPort, Inc. - Common Stock"
CZAR,"Themes Natural Monopoly ETF"
CZFS,"Citizens Financial Services, Inc. - Common Stock"
CZNC,"Citizens & Northern Corp - Common Stock"
CZWI,"Citizens Community Bancorp, Inc. - Common Stock"
DAAQ,"Digital Asset Acquisition Corp. - Class A Ordinary shares"
DAAQU,"Digital Asset Acquisition Corp. - Units"
DAAQW,"Digital Asset Acquisition Corp. - Warrant"
DAC,"Danaos Corporation Common Stock"
DADS,"Digital Asset Debt Strategy ETF"
DAIC,"CID HoldCo, Inc. - Common Stock"
DAICW,"CID HoldCo, Inc. - Warrants"
DAIO,"Data I/O Corporation - Common Stock"
DAK,"Dakota Active Equity ETF"
DAKT,"Daktronics, Inc. - Common Stock"
DALI,"First Trust Dorsey Wright DALI Equity ETF"
DALN,"DallasNews Corporation - Series A Common Stock"
DAO,"Youdao, Inc. American Depositary Shares, each representing one Class A Ordinary Share"
DAPP,"VanEck Digital Transformation ETF"
DARE,"Dare Bioscience, Inc. - Common Stock"
DAVA,"Endava plc American Depositary Shares (each representing one Class A Ordinary Share)"
DAVEW,"Dave Inc.  - Warrants"
DAWN,"Day One Biopharmaceuticals, Inc. - Common Stock"
DAX,"Global X DAX Germany ETF"
DB,"Deutsche Bank AG Common Stock"
DBGI,"Digital Brands Group, Inc. - Common Stock"
DBI,"Designer Brands Inc. Class A Common Stock"
DBL,"DoubleLine Opportunistic Credit Fund Common Shares of Beneficial Interest"
DBRG$H,"DigitalBridge Group, Inc. 7.125% Series H"
DBRG$I,"DigitalBridge Group, Inc. 7.15% Series I"
DBRG$J,"DigitalBridge Group, Inc. 7.125% Series J"
DBVT,"DBV Technologies S.A. - American Depositary Shares"
DCBO,"Docebo Inc. - Common Shares"
DCGO,"DocGo Inc. - Common Stock"
DCO,"Ducommun Incorporated Common Stock"
DCOM,"Dime Community Bancshares, Inc. - Common Stock"
DCOMG,"Dime Community Bancshares, Inc. - 9.000% Fixed-to-Floating Rate Subordinated Notes due 2034"
DCOMP,"Dime Community Bancshares, Inc. - Fixed-Rate Non-Cumulative Perpetual Preferred Stock, Series A"
DCTH,"Delcath Systems, Inc. - Common Stock"
DDD,"3D Systems Corporation Common Stock"
DDI,"DoubleDown Interactive Co., Ltd. - American Depository Shares"
DDIV,"First Trust Dorsey Wright Momentum & Dividend ETF"
DDL,"Dingdong (Cayman) Limited American Depositary Shares (each two representing three Ordinary Shares)"
DDOG,"Datadog, Inc. - Class A Common Stock"
DDT,"Dillard's Capital Trust I"
DEA,"Easterly Government Properties, Inc. Common Stock"
DEC,"Diversified Energy Company plc Ordinary Shares"
DECO,"SPDR Galaxy Digital Asset Ecosystem ETF"
DEFT,"Defi Technologies, Inc. - Common Stock"
DEMZ,"Democratic Large Cap Core ETF"
DENN,"Denny's Corporation - Common Stock"
DEO,"Diageo plc Common Stock"
DERM,"Journey Medical Corporation - Common Stock"
DEVS,"DevvStream Corp. - Common Stock"
DFDV,"DeFi Development Corp. - Common Stock"
DFGP,"Dimensional Global Core Plus Fixed Income ETF"
DFGX,"Dimensional Global ex US Core Fixed Income ETF"
DFIN,"Donnelley Financial Solutions, Inc. Common Stock"
DFLI,"Dragonfly Energy Holdings Corp - Common Stock"
DFLIW,"Dragonfly Energy Holdings Corp - Warrant"
DFP,"Flaherty & Crumrine Dynamic Preferred and Income Fund Inc. Common Stock"
DFSC,"DEFSEC Technologies Inc. - common stock, no R/S concurrent with offering"
DFSCW,"DEFSEC Technologies Inc. - warrant"
DGCB,"Dimensional Global Credit ETF"
DGICA,"Donegal Group, Inc. - Class A Common Stock"
DGICB,"Donegal Group, Inc. - Class B Common Stock"
DGII,"Digi International Inc. - Common Stock"
DGLO,"First Trust RBA Deglobalization ETF"
DGLY,"Digital Ally, Inc. - Common Stock"
DGRE,"WisdomTree Emerging Markets Quality Dividend Growth Fund"
DGRS,"WisdomTree U.S. SmallCap Quality Dividend Growth Fund"
DGRW,"WisdomTree U.S. Quality Dividend Growth Fund"
DGXX,"Digi Power X Inc. - Common Subordinate Voting Shares"
DH,"Definitive Healthcare Corp. - Class A Common Stock"
DHAI,"DIH Holding US, Inc. - Class A Common Stock"
DHAIW,"DIH Holding US, Inc. - Warrant"
DHC,"Diversified Healthcare Trust  - Common Shares of Beneficial Interest"
DHCNI,"Diversified Healthcare Trust  - 5.625% Senior Notes due 2042"
DHCNL,"Diversified Healthcare Trust  - 6.25% Senior Notes Due 2046"
DHF,"BNY Mellon High Yield Strategies Fund Common Stock"
DHIL,"Diamond Hill Investment Group, Inc. - Class A Common Stock"
DHT,"DHT Holdings, Inc."
DHX,"DHI Group, Inc. Common Stock"
DIAX,"Nuveen Dow 30SM Dynamic Overwrite Fund Common Shares of Beneficial Interest"
DIBS,"1stdibs.com, Inc. - Common Stock"
DIN,"Dine Brands Global, Inc. Common Stock"
DIVD,"Altrius Global Dividend ETF"
DIVY,"Sound Equity Dividend Income ETF"
DJCO,"Daily Journal Corp. (S.C.) - Common Stock"
DJTWW,"Trump Media & Technology Group Corp. - Warrants"
DK,"Delek US Holdings, Inc. Common Stock"
DKI,"DarkIris Inc. - Class A Ordinary Shares"
DKNG,"DraftKings Inc. - Class A Common Stock"
DKNX,"Defiance Daily Target 2X Long DKNG ETF"
DKS,"Dick's Sporting Goods Inc Common Stock"
DLHC,"DLH Holdings Corp. - Common Stock"
DLLL,"GraniteShares 2x Long DELL Daily ETF"
DLNG,"Dynagas LNG Partners LP Common Units"
DLNG$A,"Dynagas LNG Partners LP 9.00% Series A Cumulative Redeemable Preferred Units"
DLPN,"Dolphin Entertainment, Inc. - Common Stock"
DLR$J,"Digital Realty Trust, Inc. 5.250% Series J Cumulative Redeemable Preferred Stock"
DLR$K,"Digital Realty Trust, Inc. 5.850% Series K Cumulative Redeemable Preferred Stock, par value $0.01 per share"
DLR$L,"Digital Realty Trust, Inc. 5.200% Series L Cumulative Redeemable Preferred Stock"
DLTH,"Duluth Holdings Inc. - Class B Common Stock"
DLX,"Deluxe Corporation Common Stock"
DLXY,"Delixy Holdings Limited - Ordinary Shares"
DLY,"DoubleLine Yield Opportunities Fund Common Shares of Beneficial Interest"
DMA,"Destra Multi"
DMAA,"Drugs Made In America Acquisition Corp. - Ordinary Shares"
DMAAR,"Drugs Made In America Acquisition Corp. - Rights"
DMAAU,"Drugs Made In America Acquisition Corp. - Units"
DMAC,"DiaMedica Therapeutics Inc. - Common Stock"
DMAT,"Global X Disruptive Materials ETF"
DMB,"BNY Mellon Municipal Bond Infrastructure Fund, Inc. Common Stock"
DMLP,"Dorchester Minerals, L.P. - Common Units Representing Limited Partnership Interests"
DMO,"Western Asset Mortgage Opportunity Fund Inc. Common Stock"
DMRC,"Digimarc Corporation - Common Stock"
DMXF,"iShares ESG Advanced MSCI EAFE ETF"
DNA,"Ginkgo Bioworks Holdings, Inc. Class A Common Stock"
DNOW,"DNOW Inc. Common Stock"
DNP,"DNP Select Income Fund, Inc. Common Stock"
DNTH,"Dianthus Therapeutics, Inc. - Common Stock"
DNUT,"Krispy Kreme, Inc. - Common Stock"
DOCS,"Doximity, Inc. Class A Common Stock"
DOCU,"DocuSign, Inc. - Common Stock"
DOGZ,"Dogness (International) Corporation - Class A Common Stock"
DOLE,"Dole plc Ordinary Shares"
DOMH,"Dominari Holdings Inc. - Common Stock"
DOMO,"Domo, Inc. - Class B Common Stock"
DOUG,"Douglas Elliman Inc. Common Stock"
DOYU,"DouYu International Holdings Limited - American Depositary Shares"
DPG,"Duff & Phelps Utility and Infrastructure Fund Inc."
DPRO,"Draganfly Inc. - Common Shares"
DQ,"DAQO New Energy Corp. American Depositary Shares, each representing five ordinary shares"
DRCT,"Direct Digital Holdings, Inc. - Class A Common Stock"
DRDB,"Roman DBDR Acquisition Corp. II - Ordinary shares"
DRDBU,"Roman DBDR Acquisition Corp. II - Unit"
DRDBW,"Roman DBDR Acquisition Corp. II - Warrants"
DRH,"Diamondrock Hospitality Company Common Stock"
DRH$A,"Diamondrock Hospitality Company 8.250% Series A Cumulative Redeemable Preferred Stock"
DRIO,"DarioHealth Corp. - Common Stock"
DRIV,"Global X Autonomous & Electric Vehicles ETF"
DRLL,"EA Series Trust Strive U.S. Energy ETF"
DRMA,"Dermata Therapeutics, Inc. - Common Stock"
DRMAW,"Dermata Therapeutics, Inc. - Warrant"
DRRX,"DURECT Corporation - Common Stock"
DRS,"Leonardo DRS, Inc. - Common Stock"
DRTS,"Alpha Tau Medical Ltd. - Ordinary Shares"
DRTSW,"Alpha Tau Medical Ltd. - Warrant"
DRUG,"Bright Minds Biosciences Inc. - common stock"
DSGN,"Design Therapeutics, Inc. - Common Stock"
DSGR,"Distribution Solutions Group, Inc. - Common Stock"
DSL,"DoubleLine Income Solutions Fund Common Shares of Beneficial Interests"
DSM,"BNY Mellon Strategic Municipal Bond Fund, Inc. Common Stock"
DSMC,"ETF Series Solutions Distillate Small/Mid Cash Flow ETF"
DSP,"Viant Technology Inc. - common stock"
DSTX,"Distillate International Fundamental Stability & Value ETF"
DSU,"Blackrock Debt Strategies Fund, Inc. Common Stock"
DSWL,"Deswell Industries, Inc. - Common Shares"
DSX,"Diana Shipping inc. common stock"
DSX$B,"Diana Shipping Inc. Perpetual Preferred Shares Series B (Marshall Islands)"
DSX.W,"Diana Shipping inc. Warrants"
DSY,"Big Tree Cloud Holdings Limited - Ordinary Shares"
DSYWW,"Big Tree Cloud Holdings Limited - Warrants"
DT,"Dynatrace, Inc. Common Stock"
DTB,"DTE Energy Company 2020 Series G 4.375% Junior Subordinated Debentures due 2080"
DTCK,"Davis Commodities Limited - Class A Ordinary Shares"
DTCR,"Global X Data Center & Digital Infrastructure ETF"
DTF,"DTF Tax"
DTG,"DTE Energy Company 2021 Series E 4.375% Junior Subordinated Debentures"
DTI,"Drilling Tools International Corporation  - Common Stock"
DTIL,"Precision BioSciences, Inc. - Common Stock"
DTK,"DTE Energy Company 2025 Series H 6.25% Junior Subordinated Debentures due 2085"
DTM,"DT Midstream, Inc. Common Stock"
DTSQ,"DT Cloud Star Acquisition Corporation - Ordinary Shares"
DTSQR,"DT Cloud Star Acquisition Corporation - Right"
DTSQU,"DT Cloud Star Acquisition Corporation - Units"
DTSS,"Datasea Inc. - Common Stock"
DTST,"Data Storage Corporation - Common Stock"
DTSTW,"Data Storage Corporation - Warrant"
DTW,"DTE Energy Company 2017 Series E 5.25% Junior Subordinated Debentures due 2077"
DUK$A,"Duke Energy Corporation Depositary Shares, each representing a 1/1,000th interest in a share of 5.75% Series A Cumulative Redeemable Perpetual Preferred Stock"
DUKB,"Duke Energy Corporation 5.625% Junior Subordinated Debentures due 2078"
DUKH,"Ocean Park High Income ETF"
DUKX,"Ocean Park International ETF"
DUO,"Fangdd Network Group Ltd. - Class A Ordinary Shares"
DUOL,"Duolingo, Inc. - Class A Common Stock"
DUOT,"Duos Technologies Group, Inc. - Common Stock"
DV,"DoubleVerify Holdings, Inc. Common Stock"
DVAL,"BrandywineGLOBAL-Dynamic US Large Cap Value ETF"
DVAX,"Dynavax Technologies Corporation - Common Stock"
DVIN,"WEBs Defined Volatility XLI ETF"
DVLT,"Datavault AI Inc. - Common Stock"
DVLU,"First Trust Dorsey Wright Momentum & Value ETF"
DVOL,"First Trust Dorsey Wright Momentum & Low Volatility ETF"
DVQQ,"WEBs Defined Volatility QQQ ETF"
DVRE,"WEBs Defined Volatility XLRE ETF"
DVSP,"WEBs Defined Volatility SPY ETF"
DVUT,"WEBS Defined Volatility XLU ETF"
DVXB,"WEBs Defined Volatility XLB ETF"
DVXC,"WEBs Defined Volatility XLC ETF"
DVXE,"WEBs Defined Volatility XLE ETF"
DVXF,"WEBs Defined Volatility XLF ETF"
DVXK,"WEBs Defined Volatility XLK ETF"
DVXP,"WEBs Defined Volatility XLP ETF"
DVXV,"WEBs Defined Volatility XLV ETF"
DVXY,"WEBs Defined Volatility XLY ETF"
DVY,"iShares Select Dividend ETF"
DWAS,"Invesco Dorsey Wright SmallCap Momentum ETF"
DWAW,"AdvisorShares Dorsey Wright FSM All Cap World ETF"
DWSH,"AdvisorShares Dorsey Wright Short ETF"
DWSN,"Dawson Geophysical Company - Common Stock"
DWTX,"Dogwood Therapeutics, Inc.  - Common Stock"
DWUS,"AdvisorShares Dorsey Wright FSM US Core ETF"
DX,"Dynex Capital, Inc. Common Stock"
DX$C,"Dynex Capital, Inc. 6.900% Series C Fixed"
DXLG,"Destination XL Group, Inc. - Common Stock"
DXPE,"DXP Enterprises, Inc. - Common Stock"
DXR,"Daxor Corporation - Closed End Fund"
DXST,"Decent Holding Inc. - Class A Ordinary Shares"
DXYZ,"Destiny Tech100 Inc. Common Stock"
DYAI,"Dyadic International, Inc. - Common Stock"
DYCQ,"DT Cloud Acquisition Corporation - Ordinary shares"
DYCQR,"DT Cloud Acquisition Corporation - Right"
DYCQU,"DT Cloud Acquisition Corporation - Unit"
DYFI,"IDX Dynamic Fixed Income ETF"
DYN,"Dyne Therapeutics, Inc. - Common Stock"
DYTA,"SGI Dynamic Tactical ETF"
E,"ENI S.p.A. Common Stock"
EAF,"GrafTech International Ltd. Common Stock"
EAI,"Entergy Arkansas, LLC First Mortgage Bonds, 4.875% Series Due September 1, 2066"
EARN,"Ellington Credit Company Common Shares of Beneficial Interest"
EAT,"Brinker International, Inc. Common Stock"
EB,"Eventbrite, Inc. Class A Common Stock"
EBF,"Ennis, Inc. Common Stock"
EBI,"Longview Advantage ETF"
EBIZ,"Global X E-commerce ETF"
EBMT,"Eagle Bancorp Montana, Inc. - Common Stock"
EBON,"Ebang International Holdings Inc. - Class A Ordinary Shares"
EBR,"Centrais Electricas Brasileiras S A American Depositary Shares (Each representing one Common Share)"
EBR.B,"Centrais Electricas Brasileiras S.A. Sponsored ADS representing Pfd Shares"
EBS,"Emergent BioSolutions Inc. Common Stock"
EC,"Ecopetrol S.A. American Depositary Shares"
ECAT,"BlackRock ESG Capital Allocation Term Trust Common Shares of Beneficial Interest"
ECBK,"ECB Bancorp, Inc. - Common Stock"
ECC,"Eagle Point Credit Company Inc. Common Stock"
ECC$D,"Eagle Point Credit Company Inc. 6.75% Series D Preferred Stock"
ECCC,"Eagle Point Credit Company Inc. 6.50% Series C Term Preferred Stock due 2031"
ECCF,"Eagle Point Credit Company Inc. 8.00% Series F Term Preferred Stock due 2029"
ECCU,"Eagle Point Credit Company Inc. 7.75% Notes due 2030"
ECCV,"Eagle Point Credit Company Inc. 5.375% Notes due 2029"
ECCW,"Eagle Point Credit Company Inc. 6.75% Notes due 2031"
ECCX,"Eagle Point Credit Company Inc. 6.6875% Notes due 2028"
ECDA,"ECD Automotive Design, Inc. - Common Stock"
ECDAW,"ECD Automotive Design, Inc. - Warrant"
ECO,"Okeanis Eco Tankers Corp. Common Stock"
ECOR,"electroCore, Inc. - Common Stock"
ECOW,"Pacer Emerging Markets Cash Cows 100 ETF"
ECPG,"Encore Capital Group Inc - Common Stock"
ECVT,"Ecovyst Inc. Common Stock"
ECX,"ECARX Holdings Inc. - Class A Ordinary shares"
ECXWW,"ECARX Holdings Inc. - Warrants"
EDAP,"EDAP TMS S.A. - American Depositary Shares, each representing One Ordinary Share"
EDBL,"Edible Garden AG Incorporated - Common Stock"
EDBLW,"Edible Garden AG Incorporated - Warrant"
EDD,"Morgan Stanley Emerging Markets Domestic Debt Fund, Inc. Common Stock"
EDF,"Virtus Stone Harbor Emerging Markets Income Fund Common Shares of Beneficial Interest"
EDHL,"Everbright Digital Holding Limited - Ordinary Shares"
EDIT,"Editas Medicine, Inc. - Common Stock"
EDN,"Empresa Distribuidora Y Comercializadora Norte S.A. (Edenor) American Depositary Shares"
EDRY,"EuroDry Ltd. - Common Shares"
EDSA,"Edesa Biotech, Inc. - Common Shares"
EDTK,"Skillful Craftsman Education Technology Limited - Ordinary Share"
EDUC,"Educational Development Corporation - Common Stock"
EEA,"The European Equity Fund, Inc. Common Stock"
EEIQ,"EpicQuest Education Group International Limited - Common Stock"
EEMA,"iShares MSCI Emerging Markets Asia ETF"
EEX,"Emerald Holding, Inc. Common Stock"
EFAS,"Global X MSCI SuperDividend EAFE ETF"
EFC,"Ellington Financial Inc. Common Stock"
EFC$A,"Ellington Financial Inc. 6.750% Series A Fixed"
EFC$B,"Ellington Financial Inc. 6.250% Series B Fixed"
EFC$C,"Ellington Financial Inc. 8.625% Series C Fixed"
EFC$D,"Ellington Financial Inc. 7.00% Series D Cumulative Perpetual Redeemable Preferred Stock"
EFOI,"Energy Focus, Inc. - Common Stock"
EFR,"Eaton Vance Senior Floating"
EFRA,"iShares Environmental Infrastructure and Industrials ETF"
EFSCP,"Enterprise Financial Services Corporation - Depositary Shares Each Representing a 1/40th Interest in a Share of 5% Fixed Rate Non-Cumulative Perpetual Preferred Stock, Series A"
EFSI,"Eagle Financial Services Inc - Common Stock"
EFT,"Eaton Vance Floating Rate Income Trust Common Shares of Beneficial Interest"
EFTY,"Etoiles Capital Group Co., Ltd. - Class A Ordinary Shares"
EFXT,"Enerflex Ltd Common Shares"
EGAN,"eGain Corporation - Common Stock"
EGBN,"Eagle Bancorp, Inc. - Common Stock"
EGGQ,"NestYield Visionary ETF"
EGHA,"EGH Acquisition Corp. - Class A ordinary shares"
EGHAR,"EGH Acquisition Corp. - rights"
EGHAU,"EGH Acquisition Corp. - Unit"
EGHT,"8x8 Inc - Common stock"
EGO,"Eldorado Gold Corporation Ordinary Shares"
EGY,"VAALCO Energy, Inc.  Common Stock"
EH,"EHang Holdings Limited - ADS"
EHAB,"Enhabit, Inc. Common Stock"
EHC,"Encompass Health Corporation Common Stock"
EHGO,"Eshallgo Inc. - Class A Ordinary Shares"
EHI,"Western Asset Global High Income Fund Inc Common Stock"
EHLD,"Euroholdings Ltd. - Common Stock"
EHLS,"Even Herd Long Short ETF"
EHTH,"eHealth, Inc. - Common Stock"
EIC,"Eagle Point Income Company Inc. Common Stock"
EICA,"Eagle Point Income Company Inc. 5.00% Series A Term Preferred Stock due 2026"
EICB,"Eagle Point Income Company Inc. 7.75% Series B Term Preferred Stock Due 2028"
EICC,"Eagle Point Income Company Inc. 8.00% Series C Term Preferred Stock due 2029"
EIG,"Employers Holdings Inc Common Stock"
EIIA,"Eagle Point Institutional Income Fund 8.125% Series A Term Preferred Shares Due 2029"
EJH,"E-Home Household Service Holdings Limited - Ordinary shares"
EKG,"First Trust Nasdaq Lux Digital Health Solutions ETF"
EKSO,"Ekso Bionics Holdings, Inc. - Common Stock"
ELAB,"PMGC Holdings Inc. - Common Stock"
ELBM,"Electra Battery Materials Corporation - Common Stock"
ELC,"Entergy Louisiana, Inc. Collateral Trust Mortgage Bonds, 4.875 % Series due September 1, 2066"
ELDN,"Eledon Pharmaceuticals, Inc. - Common Stock"
ELFY,"ALPS Electrification Infrastructure ETF"
ELIL,"Direxion Daily LLY Bull 2X Shares"
ELIS,"Direxion Daily LLY Bear 1X Shares"
ELME,"Elme Communities Common Stock"
ELOG,"Eastern International Ltd. - Ordinary Shares"
ELPW,"Elong Power Holding Limited - Class A Ordinary Shares"
ELS,"Equity Lifestyle Properties, Inc. Common Stock"
ELSE,"Electro-Sensors, Inc. - Common Stock"
ELTK,"Eltek Ltd. - Ordinary Shares"
ELTX,"Elicio Therapeutics, Inc. - Common Stock"
ELUT,"Elutia, Inc. - Class A Common Stock"
ELVA,"Electrovaya Inc. - Common Shares"
ELVN,"Enliven Therapeutics, Inc.  - Common Stock"
ELWS,"Earlyworks Co., Ltd. - American Depositary Shares"
EM,"Smart Share Global Limited - American Depositary Shares"
EMA,"Emera Incorporated Common Shares"
EMB,"iShares J.P. Morgan USD Emerging Markets Bond ETF"
EMBC,"Embecta Corp. - Common Stock"
EMCB,"WisdomTree Emerging Markets Corporate Bond Fund"
EMD,"Western Asset Emerging Markets Debt Fund Inc Common Stock"
EMEQ,"Macquarie Focused Emerging Markets Equity ETF"
EMF,"Templeton Emerging Markets Fund Common Stock"
EMIF,"iShares Emerging Markets Infrastructure ETF"
EML,"Eastern Company (The) - Common Stock"
EMO,"ClearBridge Energy Midstream Opportunity Fund Inc. Common Stock"
EMO.R,"ClearBridge Energy Midstream Opportunity Fund Inc. Rights (expiring October 10, 2025) Rights"
EMP,"Entergy Mississippi, LLC First Mortgage Bonds, 4.90% Series Due October 1, 2066"
EMPD,"Empery Digital Inc. - Common stock"
EMPG,"Empro Group Inc. - Ordinary shares"
EMXC,"iShares MSCI Emerging Markets ex China ETF"
EMXF,"iShares ESG Advanced MSCI EM ETF"
ENB,"Enbridge Inc Common Stock"
ENDW,"Cambria Endowment Style ETF"
ENFY,"Enlightify Inc. Common Stock"
ENGN,"enGene Holdings Inc. - Common Stock"
ENGNW,"enGene Holdings Inc. - Warrants"
ENGS,"Energys Group Limited - Ordinary Shares"
ENJ,"Entergy New Orleans, LLC First Mortgage Bonds, 5.0% Series due December 1, 2052"
ENLV,"Enlivex Therapeutics Ltd. - Ordinary Shares"
ENO,"Entergy New Orleans, LLC First Mortgage Bonds, 5.50% Series due April 1, 2066"
ENOV,"Enovis Corporation Common Stock"
ENR,"Energizer Holdings, Inc. Common Stock"
ENSC,"Ensysce Biosciences, Inc. - Common Stock"
ENSG,"The Ensign Group, Inc. - Common Stock"
ENTA,"Enanta Pharmaceuticals, Inc. - Common Stock"
ENTG,"Entegris, Inc. - Common Stock"
ENTO,"Entero Therapeutics Inc. - Common Stock"
ENTX,"Entera Bio Ltd. - Ordinary Shares"
ENVB,"Enveric Biosciences, Inc.  - Common Stock"
ENVXW,"Enovix Corporation - Warrant"
ENZL,"iShares MSCI New Zealand ETF"
EOD,"Allspring Global Dividend Opportunity Fund Common Shares of Beneficial Interest"
EOI,"Eaton Vance Enhance Equity Income Fund Eaton Vance Enhanced Equity Income Fund Shares of Beneficial Interest"
EOLS,"Evolus, Inc. - Common Stock"
EOS,"Eaton Vance Enhance Equity Income Fund II Common Stock"
EOSEW,"Eos Energy Enterprises, Inc. - Warrant"
EOT,"Eaton Vance Municipal Income Trust EATON VANCE NATIONAL MUNICIPAL OPPORTUNITIES TRUST"
EP$C,"El Paso Corporation Preferred Stock"
EPC,"Edgewell Personal Care Company Common Stock"
EPD,"Enterprise Products Partners L.P. Common Stock"
EPIX,"ESSA Pharma Inc. - Common Stock"
EPOW,"Sunrise New Energy Co., Ltd - Class A Ordinary Shares"
EPR$C,"EPR Properties 5.75% Series C Cumulative Convertible Preferred Shares"
EPR$E,"EPR Properties Series E Cumulative Conv Pfd Shs Ser E"
EPR$G,"EPR Properties 5.750% Series G Cumulative Redeemable Preferred Shares"
EPRT,"Essential Properties Realty Trust, Inc. Common Stock"
EPRX,"Eupraxia Pharmaceuticals Inc. - Common Stock"
EPSM,"Epsium Enterprise Limited - Ordinary Shares"
EPSN,"Epsilon Energy Ltd. - Common Shares"
EPWK,"EPWK Holdings Ltd. - Class A Ordinary Shares"
EQ,"Equillium, Inc. - Common Stock"
EQBK,"Equity Bancshares, Inc. Class A Common Stock"
EQH,"Equitable Holdings, Inc. Common Stock"
EQH$A,"Equitable Holdings, Inc. Depositary Shares"
EQH$C,"Equitable Holdings, Inc. Depositary Shares, each representing a 1/1,000th interest in a share of Fixed Rate Noncumulative Perpetual Preferred Stock, Series C"
EQNR,"Equinor ASA"
EQRR,"ProShares Equities for Rising Rates ETF"
EQS,"Equus Total Return, Inc. Common Stock"
EQV,"EQV Ventures Acquisition Corp. Class A Ordinary Shares"
EQV.U,"EQV Ventures Acquisition Corp. Units, each consisting of one Class A ordinary share and one"
EQV.W,"EQV Ventures Acquisition Corp. Redeemable warrants, each whole warrant exercisable for one Class A ordinary share at an exercise price of $11.50 per share"
ERAS,"Erasca, Inc. - Common Stock"
ERET,"iShares Environmentally Aware Real Estate ETF"
ERIC,"Ericsson - American Depositary Shares each representing 1 underlying Class B share"
ERII,"Energy Recovery, Inc. - Common Stock"
ERJ,"Embraer S.A. Common Stock"
ERNA,"Ernexa Therapeutics Inc. - Common Stock"
ERNZ,"TrueShares Active Yield ETF"
ESCA,"Escalade, Incorporated - Common Stock"
ESEA,"Euroseas Ltd. - Common Stock"
ESGD,"iShares ESG Aware MSCI EAFE ETF"
ESGE,"iShares ESG Aware MSCI EM ETF"
ESGL,"ESGL Holdings Limited - Class A Ordinary Shares"
ESGLW,"ESGL Holdings Limited - Warrants"
ESGU,"iShares ESG Aware MSCI USA ETF"
ESHA,"ESH Acquisition Corp. - Class A Common Stock"
ESHAR,"ESH Acquisition Corp. - Right"
ESI,"Element Solutions Inc. Common Stock"
ESLA,"Estrella Immunopharma, Inc. - Common Stock"
ESLAW,"Estrella Immunopharma, Inc. - Warrant"
ESLT,"Elbit Systems Ltd. - Ordinary Shares"
ESMV,"iShares ESG Optimized MSCI USA Min Vol Factor ETF"
ESN,"Essential 40 Stock ETF"
ESNT,"Essent Group Ltd. Common Shares"
ESOA,"Energy Services of America Corporation - Common Stock"
ESPO,"VanEck Video Gaming and eSports ETF"
ESPR,"Esperion Therapeutics, Inc. - Common Stock"
ESQ,"Esquire Financial Holdings, Inc. - Common Stock"
ESRT,"Empire State Realty Trust, Inc. Class A Common Stock"
ESTA,"Establishment Labs Holdings Inc. - Common Shares"
ET,"Energy Transfer LP Common Units"
ET$I,"Energy Transfer L.P. Series I Fixed Rate Perpetual Preferred Units"
ETB,"Eaton Vance Tax"
ETD,"Ethan Allen Interiors Inc. Common Stock"
ETEC,"iShares Breakthrough Environmental Solutions ETF"
ETG,"Eaton Vance Tax"
ETHA,"iShares Ethereum Trust - iShares Ethereum Trust ETF"
ETHM,"Dynamix Corporation - Class A Ordinary Share"
ETHMU,"Dynamix Corporation - Unit"
ETHMW,"Dynamix Corporation - Warrant"
ETHZ,"ETHZilla Corporation - Common Stock"
ETHZW,"ETHZilla Corporation - Warrant"
ETI$,"Entergy Texas Inc 5.375% Series A Preferred Stock, Cumulative, No Par Value"
ETJ,"Eaton Vance Risk"
ETO,"Eaton Vance Tax"
ETON,"Eton Pharmaceuticals, Inc. - Common Stock"
ETS,"Elite Express Holding Inc. - Class A Common Stock"
ETV,"Eaton Vance Corporation Eaton Vance Tax"
ETW,"Eaton Vance Corporation Eaton Vance Tax"
ETX,"Eaton Vance Municipal Income 2028 Term Trust Common Shares of Beneficial Interest"
ETY,"Eaton Vance Tax"
EU,"enCore Energy Corp. - Common Stock"
EUDA,"Euda Health Holdings Limited - Ordinary Shares"
EUDAW,"Euda Health Holdings Limited - Warrant"
EUFN,"iShares MSCI Europe Financials ETF"
EURK,"Eureka Acquisition Corp - Class A Ordinary Share"
EURKR,"Eureka Acquisition Corp - Right"
EURKU,"Eureka Acquisition Corp - Unit"
EVAC,"EQV Ventures Acquisition Corp. II Class A Ordinary Shares"
EVAC.U,"EQV Ventures Acquisition Corp. II Units, each unit consists of one Class A ordinary share and one"
EVAC.W,"EQV Ventures Acquisition Corp. II Redeemable Warrants, each whole warrant exercisable for one Class A ordinary share at an exercise price of $11.50 per share"
EVAX,"Evaxion A/S - American Depositary Share"
EVC,"Entravision Communications Corporation Common Stock"
EVCM,"EverCommerce Inc. - Common Stock"
EVER,"EverQuote, Inc. - Class A Common Stock"
EVEX,"Eve Holding, Inc. Common Stock"
EVEX.W,"Eve Holding, Inc. Warrants, each exercisable for one share of Common Stock at an exercise price of $11.50 per share"
EVF,"Eaton Vance Senior Income Trust Common Stock"
EVG,"Eaton Vance Short Diversified Income Fund Eaton Vance Short Duration Diversified Income Fund Common Shares of Beneficial Interest"
EVGN,"Evogene Ltd. - Ordinary Shares"
EVGO,"EVgo Inc. - Common Stock"
EVGOW,"EVgo Inc. - Warrants, each whole warrant exercisable for one share of Class A Common Stock at an exercise price of $11.50"
EVH,"Evolent Health, Inc Class A Common Stock"
EVLV,"Evolv Technologies Holdings, Inc. - Class A Common Stock"
EVLVW,"Evolv Technologies Holdings, Inc. - Warrant"
EVMT,"Invesco Electric Vehicle Metals Commodity Strategy No K-1 ETF"
EVN,"Eaton Vance Municipal Income Trust Common Stock"
EVO,"Evotec SE - American Depositary Shares each representing 1/2 of one ordinary share"
EVOK,"Evoke Pharma, Inc. - Common Stock"
EVR,"Evercore Inc. Class A Common Stock"
EVSD,"Eaton Vance Short Duration Income ETF"
EVT,"Eaton Vance Tax Advantaged Dividend Income Fund Common Shares of Beneficial Interest"
EVTC,"Evertec, Inc. Common Stock"
EVTL,"Vertical Aerospace Ltd. Ordinary Shares"
EVTR,"Morgan Stanley ETF Trust Eaton Vance Total Return Bond ETF"
EVTV,"Envirotech Vehicles, Inc. - Common stock"
EVYM,"Eaton Vance High Income Municipal ETF"
EWBC,"East West Bancorp, Inc. - Common Stock"
EWCZ,"European Wax Center, Inc. - Class A Common Stock"
EWJV,"iShares MSCI Japan Value ETF"
EWTX,"Edgewise Therapeutics, Inc. - Common Stock"
EWZS,"iShares MSCI Brazil Small-Cap ETF"
EXAS,"Exact Sciences Corporation - Common Stock"
EXEEL,"Expand Energy Corporation - Class C Warrants"
EXEEW,"Expand Energy Corporation - Class A Warrants"
EXEEZ,"Expand Energy Corporation - Class B Warrants"
EXEL,"Exelixis, Inc. - Common Stock"
EXFY,"Expensify, Inc. - Class A Common Stock"
EXG,"Eaton Vance Tax"
EXOZ,"eXoZymes Inc. - Common Stock"
EXPI,"eXp World Holdings, Inc. - Common Stock"
EXUS,"Macquarie Focused International Core ETF"
EYEG,"AB Corporate Bond ETF"
EYPT,"EyePoint Pharmaceuticals, Inc. - Common Stock"
EZGO,"EZGO Technologies Ltd. - Ordinary Shares"
EZPW,"EZCORP, Inc. - Class A Non-Voting Common Stock"
F$B,"Ford Motor Company 6.20% Notes due June 1, 2059"
F$C,"Ford Motor Company 6% Notes due December 1, 2059"
F$D,"Ford Motor Company 6.500% Notes due August 15, 2062"
FAAR,"First Trust Alternative Absolute Return Strategy ETF"
FAAS,"DigiAsia Corp. - Ordinary Shares"
FAASW,"DigiAsia Corp. - Warrant"
FAB,"First Trust Multi Cap Value AlphaDEX Fund"
FACT,"FACT II Acquisition Corp. - Class A Ordinary Shares"
FACTU,"FACT II Acquisition Corp. - Unit"
FACTW,"FACT II Acquisition Corp. - Warrant"
FAD,"First Trust Multi Cap Growth AlphaDEX Fund"
FAF,"First American Corporation (New) Common Stock"
FALN,"iShares Fallen Angels USD Bond ETF"
FAMI,"Farmmi, INC. - Ordinary Shares"
FARM,"Farmer Brothers Company - Common Stock"
FAT,"FAT Brands Inc. - Common Stock"
FATBB,"FAT Brands Inc. - Class B Common Stock"
FATBP,"FAT Brands Inc. - 8.25% Series B Cumulative Preferred Stock"
FATE,"Fate Therapeutics, Inc. - Common Stock"
FATN,"FatPipe, Inc. - common stock"
FBGL,"FBS Global Limited - Ordinary Shares"
FBIN,"Fortune Brands Innovations, Inc. Common Stock"
FBIO,"Fortress Biotech, Inc. - Common Stock"
FBIOP,"Fortress Biotech, Inc. - 9.375% Series A Cumulative Redeemable Perpetual Preferred Stock"
FBIZ,"First Business Financial Services, Inc. - Common Stock"
FBL,"GraniteShares 2x Long META Daily ETF"
FBLA,"FB Bancorp, Inc. - Common Stock"
FBLG,"FibroBiologics, Inc. - Common Stock"
FBOT,"Fidelity Disruptive Automation ETF"
FBRT,"Franklin BSP Realty Trust, Inc. Common Stock"
FBRT$E,"Franklin BSP Realty Trust, Inc. 7.50% Series E Cumulative Redeemable Preferred Stock"
FBRX,"Forte Biosciences, Inc.  - Common Stock"
FBYD,"Falcon's Beyond Global, Inc. - Class A Common Stock"
FBYDW,"Falcon's Beyond Global, Inc. - Warrants"
FC,"Franklin Covey Company Common Stock"
FCA,"First Trust China AlphaDEX Fund"
FCAL,"First Trust California Municipal High income ETF"
FCAP,"First Capital, Inc. - Common Stock"
FCBC,"First Community Bankshares, Inc. - Common Stock"
FCCO,"First Community Corporation - Common Stock"
FCEF,"First Trust Income Opportunities ETF"
FCEL,"FuelCell Energy, Inc. - Common Stock"
FCF,"First Commonwealth Financial Corporation Common Stock"
FCNCA,"First Citizens BancShares, Inc. - Class A Common Stock"
FCNCO,"First Citizens BancShares, Inc. - 5.625% Non-Cumulative Perpetual Preferred Stock, Series C"
FCNCP,"First Citizens BancShares, Inc. - Depositary Shares Each Representing a 1/40th Interest in a Share of 5.375% Non-Cumulative Perpetual Preferred Stock, Series A"
FCRS.U,"FutureCrest Acquisition Corp. Units, each consisting of one Class A ordinary share and one"
FCRX,"Crescent Capital BDC, Inc. 5.00% Notes due 2026"
FCT,"First Trust Senior Floating Rate Income Fund II Common Shares of Beneficial Interest"
FCTE,"SMI 3Fourteen Full-Cycle Trend ETF"
FCUV,"Focus Universal Inc. - Common Stock"
FCVT,"First Trust SSI Strategic Convertible Securities ETF"
FDBC,"Fidelity D & D Bancorp, Inc. - Common Stock"
FDCF,"Fidelity Disruptive Communications ETF"
FDFF,"Fidelity Disruptive Finance ETF"
FDIF,"Fidelity Disruptors ETF"
FDIG,"Fidelity Crypto Industry and Digital Payments ETF"
FDIV,"MarketDesk Focused U.S. Dividend ETF"
FDMT,"4D Molecular Therapeutics, Inc. - Common Stock"
FDNI,"First Trust Dow Jones International Internet ETF"
FDP,"Fresh Del Monte Produce, Inc. Common Stock"
FDSB,"Fifth District Bancorp, Inc. - Common Stock"
FDT,"First Trust Developed Markets Ex-US AlphaDEX Fund"
FDTS,"First Trust Developed Markets ex-US Small Cap AlphaDEX Fund"
FDTX,"Fidelity Disruptive Technology ETF"
FDUS,"Fidus Investment Corporation - Closed End Fund"
FEAM,"5E Advanced Materials, Inc. - Common Stock"
FEAT,"YieldMax Dorsey Wright Featured 5 Income ETF"
FEBO,"Fenbo Holdings Limited - Ordinary Shares"
FEDU,"Four Seasons Education (Cayman) Inc. American Depositary Shares, each ADS representing 10 ordinary shares"
FEGE,"The RBB Fund Trust First Eagle Global Equity ETF"
FEIM,"Frequency Electronics, Inc. - Common Stock"
FEM,"First Trust Emerging Markets AlphaDEX Fund"
FEMB,"First Trust Emerging Markets Local Currency Bond ETF"
FEMS,"First Trust Emerging Markets Small Cap AlphaDEX Fund"
FEMY,"Femasys Inc. - Common Stock"
FENC,"Fennec Pharmaceuticals Inc. - Common Stock"
FENG,"Phoenix New Media Limited American Depositary Shares, each representing 48 Class A ordinary shares."
FEOE,"The RBB Fund Trust First Eagle Overseas Equity ETF"
FEP,"First Trust Europe AlphaDEX Fund"
FEPI,"REX FANG & Innovation Equity Premium Income ETF"
FER,"Ferrovial SE - Ordinary Shares"
FERA,"Fifth Era Acquisition Corp I - Class A Ordinary Shares"
FERAR,"Fifth Era Acquisition Corp I - Rights"
FERAU,"Fifth Era Acquisition Corp I - Units"
FERG,"Ferguson Enterprises Inc. Common Stock"
FET,"Forum Energy Technologies, Inc. Common Stock"
FEUZ,"First Trust Eurozone AlphaDEX ETF"
FEX,"First Trust Large Cap Core AlphaDEX Fund"
FF,"FutureFuel Corp.  Common shares"
FFA,"First Trust Enhanced Equity Income Fund"
FFAI,"Faraday Future Intelligent Electric Inc. - Class A Common Stock"
FFAIW,"Faraday Future Intelligent Electric Inc. - Warrant"
FFC,"Flaherty & Crumrine Preferred and Income Securities Fund Incorporated"
FFIC,"Flushing Financial Corporation - Common Stock"
FFUT,"Fidelity Managed Futures ETF"
FFWM,"First Foundation Inc. Common Stock"
FGBI,"First Guaranty Bancshares, Inc. - Common Stock"
FGBIP,"First Guaranty Bancshares, Inc. - 6.75% Series A Fixed-Rate Non-Cumulative Perpetual Preferred Stock"
FGEN,"FibroGen, Inc - Common Stock"
FGI,"FGI Industries Ltd. - Ordinary Shares"
FGIWW,"FGI Industries Ltd. - warrant"
FGL,"Founder Group Limited - Class A Ordinary Shares"
FGM,"First Trust Germany AlphaDEX Fund"
FGMC,"FG Merger II Corp. - Common stock"
FGMCR,"FG Merger II Corp. - Rights"
FGMCU,"FG Merger II Corp. - Unit"
FGN,"F&G Annuities & Life, Inc. 7.950% Senior Notes due 2053"
FGNX,"Fundamental Global Inc. - Common Stock"
FGNXP,"Fundamental Global Inc. - 8.00% Cumulative Series A Preferred Stock"
FGSI,"FT Vest Growth Strength & Target Income ETF"
FGSN,"F&G Annuities & Life, Inc. 7.300% Junior Subordinated Notes due 2065"
FHN,"First Horizon Corporation Common Stock"
FHN$C,"First Horizon Corporation Depositary Shares, each representing a 1/400th interest in a share of Non"
FHN$E,"First Horizon Corporation Depositary Shares, each representing a 1/4,000th interest in a share of Non"
FHN$F,"First Horizon Corporation Depositary Shares, each representing 1/4000th Interest in a Share of Non"
FHTX,"Foghorn Therapeutics Inc. - Common Stock"
FICS,"First Trust International Developed Capital Strength ETF"
FID,"First Trust S&P International Dividend Aristocrats ETF"
FIEE,"FiEE, Inc - Common Stock"
FIG,"Figma, Inc. Class A Common Stock"
FIGS,"FIGS, Inc. Class A Common Stock"
FIGX,"FIGX Capital Acquisition Corp. - Class A ordinary share"
FIGXU,"FIGX Capital Acquisition Corp. - Units"
FIGXW,"FIGX Capital Acquisition Corp. - one-half of one redeemable warrant."
FIHL,"Fidelis Insurance Holdings Limited Common Shares"
FINE,"Themes European Luxury ETF"
FINS,"Angel Oak Financial Strategies Income Term Trust Common Shares of Beneficial Interest"
FINV,"FinVolution Group American Depositary Shares"
FINW,"FinWise Bancorp - Common Stock"
FINX,"Global X FinTech ETF"
FIP,"FTAI Infrastructure Inc. - Common Stock"
FISI,"Financial Institutions, Inc. - Common Stock"
FITBI,"Fifth Third Bancorp - Depositary Share repstg 1/1000th Ownership Interest Perp Pfd Series I"
FITBO,"Fifth Third Bancorp - Depositary Shares each representing a 1/1000th ownership interest in a share of Non-Cumulative Perpetual Preferred Stock, Series K"
FITBP,"Fifth Third Bancorp - Depositary Shares each representing 1/40th share of Fifth Third 6.00% Non-Cumulative Perpetual Class B Preferred Stock, Series A"
FIVN,"Five9, Inc. - Common Stock"
FIVY,"YieldMax Dorsey Wright Hybrid 5 Income ETF"
FIX,"Comfort Systems USA, Inc. Common Stock"
FIXD,"First Trust Smith Opportunistic Fixed Income ETF"
FIXT,"TCW ETF Trust TCW Core Plus Bond ETF"
FJP,"First Trust Japan AlphaDEX Fund"
FKU,"First Trust United Kingdom AlphaDEX Fund"
FKWL,"Franklin Wireless Corp. - common stock"
FLC,"Flaherty & Crumrine Total Return Fund Inc Common Stock"
FLD,"Fold Holdings, Inc. - Class A Common Stock"
FLDB,"Fidelity Low Duration Bond ETF"
FLDDW,"Fold Holdings, Inc. - Warrant"
FLEX,"Flex Ltd. - Ordinary Shares"
FLG$A,"Flagstar Financial, Inc. Depositary shares, each representing a 1/40th interest in a share of Fixed"
FLG$U,"Flagstar Financial, Inc. Bifurcated Option Note Unit SecuritiES"
FLGC,"Flora Growth Corp. - Common Stock"
FLGT,"Fulgent Genetics, Inc. - Common Stock"
FLL,"Full House Resorts, Inc. - Common Stock"
FLN,"First Trust Latin America AlphaDEX Fund"
FLNG,"FLEX LNG Ltd. Ordinary Shares"
FLNT,"Fluent, Inc. - Common Stock"
FLOC,"Flowco Holdings Inc. Class A Common Stock"
FLUT,"Flutter Entertainment plc Ordinary Shares"
FLUX,"Flux Power Holdings, Inc. - Common Stock"
FLWS,"1-800-FLOWERS.COM, Inc. - Class A Common Stock"
FLX,"BingEx Limited - American Depositary Shares"
FLXR,"TCW Flexible Income ETF"
FLXS,"Flexsteel Industries, Inc. - Common Stock"
FLYE,"Fly-E Group, Inc. - Common Stock"
FLYW,"Flywire Corporation - Voting Common Stock"
FMAO,"Farmers & Merchants Bancorp, Inc. - Common Stock"
FMB,"First Trust Managed Municipal ETF"
FMBH,"First Mid Bancshares, Inc. - Common Stock"
FMED,"Fidelity Disruptive Medicine ETF"
FMET,"Fidelity Metaverse ETF"
FMFC,"Kandal M Venture Limited - Class A ordinary Shares"
FMHI,"First Trust Municipal High Income ETF"
FMN,"Federated Hermes Premier Municipal Income Fund"
FMNB,"Farmers National Banc Corp. - Common Stock"
FMS,"Fresenius Medical Care AG American Depositary Shares (Each representing 1/2 of an Ordinary Share)"
FMST,"Foremost Clean Energy Ltd. - Common Shares"
FMSTW,"Foremost Clean Energy Ltd. - Warrant"
FMTM,"MarketDesk Focused U.S. Momentum ETF"
FMUB,"Fidelity Municipal Bond Opportunities ETF"
FMUN,"Fidelity Systematic Municipal Bond Index ETF"
FMX,"Fomento Economico Mexicano S.A.B. de C.V. Common Stock"
FMY,"First Trust Motgage Income Fund Common Shares of Beneficial Interest"
FN,"Fabrinet Ordinary Shares"
FNB,"F.N.B. Corporation Common Stock"
FNF,"Fidelity National Financial, Inc. Common Stock"
FNGR,"FingerMotion, Inc. - common stock"
FNK,"First Trust Mid Cap Value AlphaDEX Fund"
FNKO,"Funko, Inc. - Class A Common Stock"
FNLC,"First Bancorp, Inc (ME) - Common Stock"
FNV,"Franco"
FNWB,"First Northwest Bancorp - Common Stock"
FNWD,"Finward Bancorp - common stock"
FNX,"First Trust Mid Cap Core AlphaDEX Fund"
FNY,"First Trust Mid Cap Growth AlphaDEX Fund"
FOA,"Finance of America Companies Inc. Class A Common Stock"
FOF,"Cohen & Steers Closed"
FONR,"Fonar Corporation - Common Stock"
FOR,"Forestar Group Inc Common Stock"
FORA,"Forian Inc. - Common Stock"
FORD,"Forward Industries, Inc. - Common Stock"
FORL,"Four Leaf Acquisition Corporation - Class A Common Stock"
FORLU,"Four Leaf Acquisition Corporation - Unit"
FORLW,"Four Leaf Acquisition Corporation - Warrants"
FORR,"Forrester Research, Inc. - Common Stock"
FOSL,"Fossil Group, Inc. - Common Stock"
FOSLL,"Fossil Group, Inc. - 7% Senior Notes due 2026"
FOUR$A,"Shift4 Payments, Inc. 6.00% Series A Mandatory Convertible Preferred Stock"
FOXF,"Fox Factory Holding Corp. - Common Stock"
FOXX,"Foxx Development Holdings Inc. - Common Stock"
FOXXW,"Foxx Development Holdings Inc. - Warrant"
FPA,"First Trust Asia Pacific Ex-Japan AlphaDEX Fund"
FPAY,"FlexShopper, Inc. - Common Stock"
FPF,"First Trust Intermediate Duration Preferred & Income Fund Common Shares of Beneficial Interest"
FPH,"Five Point Holdings, LLC Class A Common Shares"
FPI,"Farmland Partners Inc. Common Stock"
FPXE,"First Trust IPOX Europe Equity Opportunities ETF"
FPXI,"First Trust International Equity Opportunities ETF"
FRA,"Blackrock Floating Rate Income Strategies Fund Inc  Common Stock"
FRAF,"Franklin Financial Services Corporation - Common Stock"
FRBA,"First Bank  - Common Stock"
FRD,"Friedman Industries Inc. - Common Stock"
FRDD,"Direxion Daily F Bear 1X ETF"
FRDU,"Direxion Daily F Bull 2X ETF"
FRGE,"Forge Global Holdings, Inc. Common Stock"
FRGT,"Freight Technologies, Inc. - Ordinary Shares"
FRMEP,"First Merchants Corporation - Depository Shares, each representing a 1/100th interest in a share of 7.50% Non-Cumulative Perpetual Preferred Stock, A"
FRPH,"FRP Holdings, Inc. - Common Stock"
FRST,"Primis Financial Corp. - Common Stock"
FRSX,"Foresight Autonomous Holdings Ltd. - American Depositary Shares"
FRT$C,"Federal Realty Investment Trust Depositary Shares, each representing a 1/1000th interest in a 5.000% Series C Cumulative Redeemable Preferred Share"
FSBC,"Five Star Bancorp - Common Stock"
FSBW,"FS Bancorp, Inc. - Common Stock"
FSCO,"FS Credit Opportunities Corp. Common Stock"
FSCS,"First Trust SMID Capital Strength ETF"
FSEA,"First Seacoast Bancorp, Inc. - Common Stock"
FSFG,"First Savings Financial Group, Inc. - Common Stock"
FSGS,"First Trust SMID Growth Strength ETF"
FSHP,"Flag Ship Acquisition Corp. - Ordinary Shares"
FSHPR,"Flag Ship Acquisition Corp. - Right"
FSHPU,"Flag Ship Acquisition Corp. - Unit"
FSLY,"Fastly, Inc. Class A Common Stock"
FSTR,"L.B. Foster Company - Common Stock"
FSUN,"FirstSun Capital Bancorp - Common Stock"
FSZ,"First Trust Switzerland AlphaDEX Fund"
FT,"Franklin Universal Trust Common Stock"
FTA,"First Trust Large Cap Value AlphaDEX Fund"
FTAG,"First Trust Indxx Global Agriculture ETF"
FTAI,"FTAI Aviation Ltd. - Common Stock"
FTAIM,"FTAI Aviation Ltd. - 9.500% Fixed-Rate Reset Series D Cumulative Perpetual Redeemable Preferred Shares"
FTAIN,"FTAI Aviation Ltd. - 8.25% Fixed-Rate Reset Series C Cumulative Perpetual Redeemable Preferred Shares"
FTC,"First Trust Large Cap Growth AlphaDEX Fund"
FTCI,"FTC Solar, Inc. - Common Stock"
FTCS,"First Trust Capital Strength ETF"
FTDS,"First Trust Dividend Strength ETF"
FTEK,"Fuel Tech, Inc. - Common Stock"
FTEL,"Fitell Corporation - Class A Ordinary Shares"
FTFT,"Future FinTech Group Inc. - Common Stock"
FTGC,"First Trust Global Tactical Commodity Strategy Fund"
FTGS,"First Trust Growth Strength ETF"
FTHI,"First Trust BuyWrite Income ETF"
FTHM,"Fathom Holdings Inc. - Common Stock"
FTHY,"First Trust High Yield Opportunities 2027 Term Fund Common Stock"
FTI,"TechnipFMC plc Ordinary Share"
FTK,"Flotek Industries, Inc. Common Stock"
FTLF,"FitLife Brands, Inc. - Common Stock"
FTQI,"First Trust Nasdaq BuyWrite Income ETF"
FTRE,"Fortrea Holdings Inc. - Common Stock"
FTRI,"First Trust Indxx Global Natural Resources Income ETF"
FTRK,"FAST TRACK GROUP - Ordinary shares"
FTS,"Fortis Inc. Common Shares"
FTSL,"First Trust Senior Loan Fund"
FTSM,"First Trust Enhanced Short Maturity ETF"
FTWO,"Strive Natural Resources and Security ETF"
FTXG,"First Trust Nasdaq Food & Beverage ETF"
FTXH,"First Trust Nasdaq Pharmaceuticals ETF"
FTXL,"First Trust Nasdaq Semiconductor ETF"
FTXN,"First Trust Nasdaq Oil & Gas ETF"
FTXO,"First Trust Nasdaq Bank ETF"
FTXR,"First Trust Nasdaq Transportation ETF"
FUBO,"fuboTV Inc. Common Stock"
FUFU,"BitFuFu Inc. - Class A Ordinary Shares"
FUFUW,"BitFuFu Inc. - Warrant"
FULC,"Fulcrum Therapeutics, Inc. - Common Stock"
FULTP,"Fulton Financial Corporation - Depositary Shares Each Representing a 1/40th Interest in a Share of Fixed Rate Non-Cumulative Perpetual Preferred Stock, Series A"
FUNC,"First United Corporation - Common Stock"
FUND,"Sprott Focus Trust, Inc. - Closed End Fund"
FUSB,"First US Bancshares, Inc. - Common Stock"
FUTU,"Futu Holdings Limited - American Depositary Shares"
FV,"First Trust Dorsey Wright Focus 5 ETF"
FVC,"First Trust Dorsey Wright Dynamic Focus 5 ETF"
FVCB,"FVCBankcorp, Inc. - Common Stock"
FVN,"Future Vision II Acquisition Corporation - Ordinary Shares"
FVNNR,"Future Vision II Acquisition Corporation - Right"
FVNNU,"Future Vision II Acquisition Corporation - Units"
FVR,"FrontView REIT, Inc. Common Stock"
FVRR,"Fiverr International Ltd. Ordinary Shares, no par value"
FWONA,"Liberty Media Corporation - Series A Liberty Formula One Common Stock"
FWONK,"Liberty Media Corporation - Series C Liberty Formula One Common Stock"
FWRD,"Forward Air Corporation - Common Stock"
FWRG,"First Watch Restaurant Group, Inc. - Common Stock"
FXED,"Sound Enhanced Fixed Income ETF"
FXNC,"First National Corporation - Common Stock"
FYC,"First Trust Small Cap Growth AlphaDEX Fund"
FYT,"First Trust Small Cap Value AlphaDEX Fund"
FYX,"First Trust Small Cap Core AlphaDEX Fund"
File Creation Time: 0829202521:31,""
GAB,"Gabelli Equity Trust, Inc. (The) Common Stock"
GAB$G,"Gabelli Equity Trust, Inc. (The) Series G Cumulative Preferred Stock"
GAB$H,"Gabelli Equity Trust, Inc. (The) Pfd Ser H"
GAB$K,"Gabelli Equity Trust, Inc. (The) 5.00% Series K Cumulative Preferred Stock"
GABC,"German American Bancorp, Inc. - Common Stock"
GAIA,"Gaia, Inc. - Class A Common Stock"
GAIN,"Gladstone Investment Corporation - Business Development Company"
GAINI,"Gladstone Investment Corporation - 7.875% Notes due 2030"
GAINL,"Gladstone Investment Corporation - 8.00% Notes due 2028"
GAINN,"Gladstone Investment Corporation - 5.00% Notes Due 2026"
GAINZ,"Gladstone Investment Corporation - 4.875% Notes due 2028"
GALT,"Galectin Therapeutics Inc. - Common Stock"
GAM,"General American Investors, Inc. Common Stock"
GAM$B,"General American Investors Company, Inc. Cumulative Preferred Stock"
GAMB,"Gambling.com Group Limited - Ordinary Shares"
GAME,"GameSquare Holdings, Inc. - Common stock"
GANX,"Gain Therapeutics, Inc. - Common Stock"
GASS,"StealthGas, Inc. - common stock"
GATX,"GATX Corporation Common Stock"
GAUZ,"Gauzy Ltd. - Ordinary Shares"
GBAB,"Guggenheim Taxable Municipal Bond & Investment Grade Debt Trust Common Shares of Beneficial Interest"
GBCI,"Glacier Bancorp, Inc. Common Stock"
GBFH,"GBank Financial Holdings Inc. - Common Stock"
GBIO,"Generation Bio Co. - Common stock"
GBLI,"Global Indemnity Group, LLC Class A Common Stock (DE)"
GBUG,"Sprott Active Gold & Silver Miners ETF"
GBX,"Greenbrier Companies, Inc. (The) Common Stock"
GCBC,"Greene County Bancorp, Inc. - Common Stock"
GCI,"Gannett Co., Inc. Common Stock"
GCL,"GCL Global Holdings Ltd - Ordinary Shares"
GCLWW,"GCL Global Holdings Ltd - Warrants"
GCMGW,"GCM Grosvenor Inc. - Warrant"
GCO,"Genesco Inc. Common Stock"
GCT,"GigaCloud Technology Inc - Class A Ordinary Shares"
GCTK,"GlucoTrack, Inc. - Common Stock"
GCTS,"GCT Semiconductor Holding, Inc. Common Stock"
GCTS.W,"GCT Semiconductor Holding, Inc. Warrants, each whole warrant exercisable for one share of Common Stock at an exercise price of $11.50"
GCV,"Gabelli Convertible and Income Securities Fund, Inc. (The) Common Stock"
GDC,"GD Culture Group Limited - Common Stock"
GDEN,"Golden Entertainment, Inc. - Common Stock"
GDEV,"GDEV Inc. - Ordinary Shares"
GDEVW,"GDEV Inc. - Warrant"
GDHG,"Golden Heaven Group Holdings Ltd.  - Class A Ordinary Shares"
GDIV,"Harbor ETF Trust Harbor Dividend Growth Leaders ETF"
GDL,"GDL Fund, The Common Shares of Beneficial Interest"
GDO,"Western Asset Global Corporate Opportunity Fund Inc. Common Stock"
GDOT,"Green Dot Corporation Class A Common Stock, $0.001 par value"
GDRX,"GoodRx Holdings, Inc. - Class A Common Stock"
GDTC,"CytoMed Therapeutics Limited - Ordinary Shares"
GDV,"Gabelli Dividend & Income Trust Common Shares of Beneficial Interest"
GDV$H,"The Gabelli Dividend & Income Trust 5.375% Series H Cumulative Preferred Shares"
GDV$K,"The Gabelli Dividend & Income Trust 4.250% Series K Cumulative Preferred Shares"
GDYN,"Grid Dynamics Holdings, Inc. - Class A Common Stock"
GECC,"Great Elm Capital Corp. - Closed End Fund"
GECCH,"Great Elm Capital Corp. - 8.125% Notes Due 2029"
GECCI,"Great Elm Capital Corp. - 8.50% NOTES DUE 2029"
GECCO,"Great Elm Capital Corp. - 5.875% Notes due 2026"
GECCZ,"Great Elm Capital Corp. - 8.75% Notes due 2028"
GEG,"Great Elm Group, Inc.  - Common Stock"
GEGGL,"Great Elm Group, Inc.  - 7.25% Notes due 2027"
GEL,"Genesis Energy, L.P. Common Units"
GELS,"Gelteq Limited - Ordinary Shares"
GEME,"Pacific North of South EM Equity Active ETF"
GENK,"GEN Restaurant Group, Inc. - Class A Common Stock"
GENVR,"Gen Digital Inc. - Contingent Value Rights"
GEOS,"Geospace Technologies Corporation - Common Stock"
GERN,"Geron Corporation - Common Stock"
GES,"Guess?, Inc. Common Stock"
GETY,"Getty Images Holdings, Inc. Class A Common Stock"
GEVO,"Gevo, Inc. - Common Stock"
GF,"New Germany Fund, Inc. (The) Common Stock"
GFAI,"Guardforce AI Co., Limited - Ordinary Shares"
GFAIW,"Guardforce AI Co., Limited - Warrant"
GFGF,"Guru Favorite Stocks ETF"
GFI,"Gold Fields Limited American Depositary Shares"
GFL,"GFL Environmental Inc. Subordinate voting shares, no par value"
GFLW,"VictoryShares Free Cash Flow Growth ETF"
GFR,"Greenfire Resources Ltd. Common Shares"
GFS,"GlobalFoundries Inc. - Ordinary Share"
GGAL,"Grupo Financiero Galicia S.A. - American Depositary Shares, Class B Shares underlying"
GGB,"Gerdau S.A. Common Stock"
GGG,"Graco Inc. Common Stock"
GGLL,"Direxion Daily GOOGL Bull 2X Shares"
GGLS,"Direxion Daily GOOGL Bear 1X Shares"
GGR,"Gogoro Inc. - Ordinary Shares"
GGROW,"Gogoro Inc. - Warrant"
GGT,"Gabelli Multi"
GGT$E,"Gabelli Multi"
GGT$G,"Gabelli Multi"
GGZ,"Gabelli Global Small and Mid Cap Value Trust (The) Common Shares of Beneficial Interest"
GHG,"GreenTree Hospitality Group Ltd. American depositary shares, each representing one Class A ordinary share"
GHI,"Greystone Housing Impact Investors LP Beneficial Unit Certificates representing assignments of limited partnership interests"
GHLD,"Guild Holdings Company Class A Common Stock"
GHM,"Graham Corporation Common Stock"
GHRS,"GH Research PLC - Ordinary Shares"
GHY,"PGIM Global High Yield Fund, Inc."
GIB,"CGI Inc. Common Stock"
GIBO,"GIBO Holdings Limited - Class A Ordinary Shares"
GIBOW,"GIBO Holdings Limited - Warrants"
GIC,"Global Industrial Company Common Stock"
GIFI,"Gulf Island Fabrication, Inc. - Common Stock"
GIFT,"Giftify, Inc. - Common Stock"
GIG,"GigCapital7 Corp. - Class A Ordinary Share"
GIGGU,"GigCapital7 Corp. - Unit"
GIGGW,"GigCapital7 Corp. - Warrant"
GIGM,"GigaMedia Limited - Ordinary Shares"
GIII,"G-III Apparel Group, LTD. - Common Stock"
GILT,"Gilat Satellite Networks Ltd. - Ordinary Shares"
GIND,"Goldman Sachs India Equity ETF"
GINX,"SGI Enhanced Global Income ETF"
GIPR,"Generation Income Properties Inc. - Common stock"
GIPRW,"Generation Income Properties Inc. - Warrant"
GITS,"Global Interactive Technologies, Inc. Common Stock - Common Stock"
GJH,"Synthetic Fixed"
GJO,"Synthetic Fixed"
GJP,"Synthetic Fixed"
GJR,"Synthetic Fixed"
GJS,"Goldman Sachs Group Securities STRATS Trust for Goldman Sachs Group Securities, Series 2006"
GJT,"Synthetic Fixed"
GKAT,"Scharf Global Opportunity ETF"
GL$D,"Globe Life Inc. 4.25% Junior Subordinated Debentures due 2061"
GLAD,"Gladstone Capital Corporation - Closed End Fund"
GLADZ,"Gladstone Capital Corporation - 7.75% Notes due 2028"
GLBE,"Global-E Online Ltd. - ordinary shares"
GLBS,"Globus Maritime Limited - Common Stock"
GLBZ,"Glen Burnie Bancorp - Common Stock"
GLCR,"GlacierShares Nasdaq Iceland ETF"
GLDD,"Great Lakes Dredge & Dock Corporation - Common Stock"
GLDI,"ETRACS Gold Shares Covered Call ETNs due February 2, 2033"
GLDY,"Defiance Gold Enhanced Options Income ETF"
GLE,"Global Engine Group Holding Limited - Class A Ordinary Shares"
GLGG,"Leverage Shares 2X Long GLXY Daily ETF"
GLIBA,"GCI Liberty, Inc. - Series A GCI Group Common Stock"
GLIBK,"GCI Liberty, Inc. - Series C GCI Group Common Stock"
GLMD,"Galmed Pharmaceuticals Ltd. - Ordinary Shares"
GLOP$A,"GasLog Partners LP 8.625% Series A Cumulative Redeemable Perpetual Fixed to Floating Rate Preference Units"
GLOP$B,"GasLog Partners LP 8.200% Series B Cumulative Redeemable Perpetual Fixed to Floating Rate Preference Units"
GLOP$C,"GasLog Partners LP 8.500% Series C Cumulative Redeemable Perpetual Fixed to Floating Rate Preference Units"
GLOW,"VictoryShares WestEnd Global Equity ETF"
GLP,"Global Partners LP Common Units representing Limited Partner Interests"
GLP$B,"Global Partners LP 9.50% Series B Fixed Rate Cumulative Redeemable Perpetual Preferred Units representing limited partner interests"
GLPI,"Gaming and Leisure Properties, Inc. - Common Stock"
GLRE,"Greenlight Reinsurance, Ltd. - Class A Ordinary Shares"
GLSI,"Greenwich LifeSciences, Inc. - Common stock"
GLTO,"Galecto, Inc. - Common Stock"
GLUE,"Monte Rosa Therapeutics, Inc. - Common Stock"
GLXG,"Galaxy Payroll Group Limited - Class A Ordinary Shares"
GLXY,"Galaxy Digital Inc. - Class A common stock"
GMAB,"Genmab A/S - American Depositary Shares"
GME,"GameStop Corporation Common Stock"
GMGI,"Golden Matrix Group, Inc. - Common Stock"
GMHS,"Gamehaus Holdings Inc. - Class A Ordinary Shares"
GMM,"Global Mofy AI Limited  - Class A Ordinary Shares"
GMRE,"Global Medical REIT Inc. Common Stock"
GMRE$A,"Global Medical REIT Inc. Series A Cumulative Redeemable Preferred Stock"
GNE,"Genie Energy Ltd. Class B Common Stock Stock"
GNFT,"GENFIT S.A. - American Depositary Shares"
GNK,"Genco Shipping & Trading Limited Ordinary Shares New (Marshall Islands)"
GNL,"Global Net Lease, Inc. Common Stock"
GNL$A,"Global Net Lease, Inc. 7.25% Series A Cumulative Redeemable Preferred Stock, $0.01 par value per share"
GNL$B,"Global Net Lease, Inc. 6.875% Series B Cumulative Redeemable Perpetual Preferred Stock"
GNL$D,"Global Net Lease, Inc. 7.50% Series D Cumulative Redeemable Perpetual Preferred Stock"
GNL$E,"Global Net Lease, Inc. 7.375% Series E Cumulative Redeemable Perpetual Preferred Stock"
GNLN,"Greenlane Holdings, Inc. - Class A Common Stock"
GNLX,"Genelux Corporation - Common Stock"
GNMA,"iShares GNMA Bond ETF"
GNOM,"Global X Genomics & Biotechnology ETF"
GNPX,"Genprex, Inc. - Common Stock"
GNSS,"Genasys Inc. - Common Stock"
GNT,"GAMCO Natural Resources, Gold & Income Trust"
GNT$A,"GAMCO Natural Resources, Gold & Income Tust  5.20% Series A Cumulative Preferred Shares (Liquidation Preference $25.00 per share)"
GNTA,"Genenta Science S.p.A. - American Depositary Shares"
GNTX,"Gentex Corporation - Common Stock"
GNTY,"Guaranty Bancshares, Inc. Common Stock"
GO,"Grocery Outlet Holding Corp. - Common Stock"
GOCO,"GoHealth, Inc. - Class A Common Stock"
GOF,"Guggenheim Strategic Opportunities Fund Common Shares of Beneficial Interest"
GOGO,"Gogo Inc. - Common Stock"
GOOD,"Gladstone Commercial Corporation - Real Estate Investment Trust"
GOODN,"Gladstone Commercial Corporation - 6.625% Series E Cumulative Redeemable Preferred Stock"
GOODO,"Gladstone Commercial Corporation - 6.00% Series G Cumulative Redeemable Preferred Stock, par value $0.001 per share"
GOOS,"Canada Goose Holdings Inc. Subordinate Voting Shares"
GORV,"Lazydays Holdings, Inc. - Common Stock"
GOSS,"Gossamer Bio, Inc. - Common Stock"
GOTU,"Gaotu Techedu Inc. American Depositary Shares"
GOVI,"Invesco Equal Weight 0-30 Year Treasury ETF"
GOVX,"GeoVax Labs, Inc. - Common Stock"
GOVXW,"GeoVax Labs, Inc. - Warrants"
GP,"GreenPower Motor Company Inc. - Common Shares"
GPAT,"GP-Act III Acquisition Corp. - Class A Ordinary Share"
GPATU,"GP-Act III Acquisition Corp. - Units"
GPATW,"GP-Act III Acquisition Corp. - Warrants"
GPCR,"Structure Therapeutics Inc. - American Depositary Shares"
GPIQ,"Goldman Sachs Nasdaq-100 Premium Income ETF"
GPIX,"Goldman Sachs S&P 500 Premium Income ETF"
GPJA,"Georgia Power Company Series 2017A 5.00% Junior Subordinated Notes due October 1, 2077"
GPMT,"Granite Point Mortgage Trust Inc. Common Stock"
GPMT$A,"Granite Point Mortgage Trust Inc. 7.00% Series A Fixed"
GPRE,"Green Plains, Inc. - Common Stock"
GPRF,"Goldman Sachs Access U.S. Preferred Stock and Hybrid Securities ETF"
GPRK,"Geopark Ltd Common Shares"
GPRO,"GoPro, Inc. - Class A Common Stock"
GQQQ,"Astoria US Quality Growth Kings ETF"
GRAB,"Grab Holdings Limited - Class A Ordinary Shares"
GRABW,"Grab Holdings Limited - Warrant"
GRAN,"Grande Group Limited - Class A Ordinary Shares"
GRBK$A,"Green Brick Partners, Inc. Depositary Shares (each representing a 1/1000th fractional interest in a share of 5.75% Series A Cumulative Perpetual Preferred Stock)"
GRC,"Gorman"
GRCE,"Grace Therapeutics, Inc. - Common Stock"
GRDN,"Guardian Pharmacy Services, Inc. Class A Common Stock"
GREE,"Greenidge Generation Holdings Inc. - Class A Common Stock"
GREEL,"Greenidge Generation Holdings Inc. - 8.50% Senior Notes due 2026"
GRI,"GRI Bio, Inc. - Common Stock"
GRID,"First Trust NASDAQ Clean Edge Smart Grid Infrastructure Index Fund"
GRIN,"VictoryShares International Free Cash Flow Growth ETF"
GRNQ,"Greenpro Capital Corp. - Common Stock"
GRNT,"Granite Ridge Resources, Inc. Common Stock"
GROV,"Grove Collaborative Holdings, Inc. Class A Common Stock"
GROW,"U.S. Global Investors, Inc. - Class A Common Stock"
GRPN,"Groupon, Inc. - Common Stock"
GRRR,"Gorilla Technology Group Inc. - Ordinary shares"
GRRRW,"Gorilla Technology Group Inc. - Warrant"
GRVY,"GRAVITY Co., Ltd. - American depositary shares, each representing one common share."
GRW,"TCW Compounders ETF"
GRWG,"GrowGeneration Corp. - Common Stock"
GRX,"The Gabelli Healthcare & Wellness Trust Common Shares of Beneficial Interest"
GRYP,"Gryphon Digital Mining, Inc - Common Stock"
GS$A,"Goldman Sachs Group, Inc. (The) Depositary Shares each representing 1/1000th Interest in a Share of Floating Rate Non"
GS$C,"Goldman Sachs Group, Inc. (The) Depositary Share repstg 1/1000th Preferred Series C"
GS$D,"Goldman Sachs Group, Inc. (The) Dep Shs repstg 1/1000 Pfd Ser D Fltg"
GSAT,"Globalstar, Inc. - Common Stock"
GSBC,"Great Southern Bancorp, Inc. - Common Stock"
GSBD,"Goldman Sachs BDC, Inc. Common Stock"
GSHR,"Gesher Acquisition Corp. II - Class A Ordinary Shares"
GSHRU,"Gesher Acquisition Corp. II - Units"
GSHRW,"Gesher Acquisition Corp. II - Warrants"
GSIB,"Themes Global Systemically Important Banks ETF"
GSIT,"GSI Technology, Inc. - Common Stock"
GSIW,"Garden Stage Limited - Ordinary Shares"
GSK,"GSK plc American Depositary Shares (Each representing two Ordinary Shares)"
GSL,"Global Ship Lease Inc New Class A Common Shares"
GSL$B,"Global Ship Lease, Inc. Depository Shares Representing 1/100th Perpetual Preferred Series B% (Marshall Island)"
GSM,"Ferroglobe PLC - Ordinary Shares"
GSRT,"GSR III Acquisition Corp. - Ordinary Shares"
GSRTR,"GSR III Acquisition Corp. - Right"
GSRTU,"GSR III Acquisition Corp. - Unit"
GSUN,"Golden Sun Health Technology Group Limited - Class A Ordinary Shares"
GT,"The Goodyear Tire & Rubber Company - Common Stock"
GTBP,"GT Biopharma, Inc. - Common Stock"
GTEC,"Greenland Technologies Holding Corporation - Ordinary Shares"
GTEN,"Gores Holdings X, Inc. - Class A ordinary shares"
GTENU,"Gores Holdings X, Inc. - Units"
GTENW,"Gores Holdings X, Inc. - Warrants"
GTERA,"Globa Terra Acquisition Corporation - Class A Ordinary Shares"
GTERR,"Globa Terra Acquisition Corporation - Rights"
GTERU,"Globa Terra Acquisition Corporation - Units"
GTERW,"Globa Terra Acquisition Corporation - Warrants"
GTI,"Graphjet Technology - Class A Ordinary Shares"
GTIM,"Good Times Restaurants Inc. - Common Stock"
GTLS$B,"Chart Industries, Inc. Depositary Shares, each Representing a 1/20th Interest in a Share of 6.75% Series B Mandatory Convertible Preferred Stock"
GTN,"Gray Media, Inc. Common Stock"
GTN.A,"Gray Media, Inc. Class A Common Stock"
GTR,"WisdomTree Target Range Fund"
GTY,"Getty Realty Corporation Common Stock"
GUG,"Guggenheim Active Allocation Fund Common Shares of Beneficial Interest"
GURE,"Gulf Resources, Inc. - Common Stock"
GUT,"Gabelli Utility Trust (The) Common Stock"
GUT$C,"Gabelli Utility Trust (The) 5.375% Series C Cumulative Preferred Shares"
GUTS,"Fractyl Health, Inc. - Common Stock"
GV,"Visionary Holdings Inc. - Common Shares"
GVH,"Globavend Holdings Limited - Ord Shares"
GWAV,"Greenwave Technology Solutions, Inc. - Common Stock"
GWH,"ESS Tech, Inc. Common Stock"
GWH.W,"ESS Tech, Inc. Warrant"
GWRE,"Guidewire Software, Inc. Common Stock"
GWRS,"Global Water Resources, Inc. - common stock"
GXAI,"Gaxos.ai Inc. - Common Stock"
GXDW,"Global X Dorsey Wright Thematic ETF"
GXO,"GXO Logistics, Inc. Common Stock"
GYLD,"Arrow Dow Jones Global Yield ETF ETF"
GYRE,"Gyre Therapeutics, Inc. - Common Stock"
GYRO,"Gyrodyne , LLC - Common Stock"
H,"Hyatt Hotels Corporation Class A Common Stock"
HAFC,"Hanmi Financial Corporation - Common Stock"
HAIN,"The Hain Celestial Group, Inc. - Common Stock"
HAO,"Haoxi Health Technology Limited - Class A Ord Share"
HBANL,"Huntington Bancshares Incorporated - Depositary Shares, Each Representing a 1/40th Interest in a Share of 6.875% Series J Non-Cumulative Perpetual Preferred Stock"
HBANM,"Huntington Bancshares Incorporated - Depositary Shares each representing a 1/1000th interest in a share of Huntington Series I Preferred Stock"
HBANP,"Huntington Bancshares Incorporated - Depositary Shares 4.500% Series H Non-Cumulative Perpetual Preferred Stock"
HBB,"Hamilton Beach Brands Holding Company Class A Common Stock"
HBCP,"Home Bancorp, Inc. - Common Stock"
HBDC,"Hilton BDC Corporate Bond ETF"
HBIO,"Harvard Bioscience, Inc. - Common Stock"
HBNB,"Hotel101 Global Holdings Corp. - Class A Ordinary Shares"
HBNC,"Horizon Bancorp, Inc. - Common Stock"
HBT,"HBT Financial, Inc. - Common Stock"
HCAI,"Huachen AI Parking Management Technology Holding Co., Ltd. - Class A Ordinary Shares"
HCAT,"Health Catalyst, Inc - Common stock"
HCHL,"Happy City Holdings Limited - Class A Ordinary shares"
HCKT,"The Hackett Group, Inc. - Common Stock"
HCMAU,"HCM III Acquisition Corp. - Units"
HCOW,"Amplify COWS Covered Call ETF"
HCSG,"Healthcare Services Group, Inc. - Common Stock"
HCTI,"Healthcare Triangle, Inc. - Common Stock"
HCWB,"HCW Biologics Inc. - Common Stock"
HCXY,"Hercules Capital, Inc. 6.25% Notes due 2033"
HDB,"HDFC Bank Limited Common Stock"
HDL,"SUPER HI INTERNATIONAL HOLDING LTD. - American Depositary Shares"
HDSN,"Hudson Technologies, Inc. - Common Stock"
HE,"Hawaiian Electric Industries, Inc. Common Stock"
HEAL,"Global X HealthTech ETF"
HECO,"SPDR Galaxy Hedged Digital Asset Ecosystem ETF"
HEI,"Heico Corporation Common Stock"
HEI.A,"Heico Corporation Common Stock"
HEJD,"VictoryShares Hedged Equity Income ETF"
HELE,"Helen of Troy Limited - Common Stock"
HEPS,"D-Market Electronic Services & Trading - American Depositary Shares"
HEQ,"John Hancock Diversified Income Fund Common Shares of Beneficial Interest"
HEQQ,"JPMorgan Nasdaq Hedged Equity Laddered Overlay ETF"
HERD,"Pacer Cash Cows Fund of Funds ETF"
HERO,"Global X Video Games & Esports ETF"
HERZ,"Herzfeld Credit Income Fund, Inc.  - Closed End Fund"
HF,"DGA Core Plus Absolute Return ETF"
HFBL,"Home Federal Bancorp, Inc. of Louisiana - Common Stock"
HFFG,"HF Foods Group Inc. - Common Stock"
HFGM,"Unlimited HFGM Global Macro ETF"
HFND,"Unlimited HFND Multi"
HFRO,"Highland Opportunities and Income Fund Common Shares of Beneficial Interest"
HFRO$A,"Highland Opportunities and Income Fund 5.375% Series A Cumulative Preferred Shares"
HFRO$B,"Highland Opportunities and Income Fund 5.375% Series B Cumulative Preferred Shares"
HFSP,"TradersAI Large Cap Equity & Cash ETF"
HFWA,"Heritage Financial Corporation - Common Stock"
HGBL,"Heritage Global Inc. - Common Stock"
HGER,"Harbor Commodity All"
HGLB,"Highland Global Allocation Fund Common Stock"
HHS,"Harte Hanks, Inc. - Common Stock"
HI,"Hillenbrand Inc Common Stock"
HIDE,"Alpha Architect High Inflation and Deflation ETF"
HIFS,"Hingham Institution for Savings - Common Stock"
HIG$G,"The Hartford Insurance Group, Inc. Depositary Shares each representing a 1/1000th interest in a share of 6.000% Non"
HIHO,"Highway Holdings Limited - Common Stock"
HIMS,"Hims & Hers Health, Inc. Class A Common Stock"
HIMX,"Himax Technologies, Inc. - American depositary shares, each of which represents two ordinary shares."
HIMY,"Defiance Leveraged Long Income HIMS ETF"
HIMZ,"Defiance Daily Target 2X Long HIMS ETF"
HIND,"Vyome Holdings, Inc. - Common Stock"
HIO,"Western Asset High Income Opportunity Fund, Inc. Common Stock"
HIPO,"Hippo Holdings Inc. Common Stock"
HISF,"First Trust High Income Strategic Focus ETF"
HIT,"Health In Tech, Inc. - Class A Common Stock"
HITI,"High Tide Inc. - Common Shares"
HIVE,"HIVE Digital Technologies Ltd - Common Shares"
HIX,"Western Asset High Income Fund II Inc. Common Stock"
HKD,"AMTD Digital Inc. American Depositary Shares (every five of which represent two Class A Ordinary Shares)"
HKIT,"Hitek Global Inc. - Class A Ordinary Share"
HKPD,"Hong Kong Pharma Digital Technology Holdings Limited - Ordinary shares"
HL$B,"Hecla Mining Company Preferred Stock"
HLAL,"Wahed FTSE USA Shariah ETF"
HLF,"Herbalife Ltd. Common Shares"
HLI,"Houlihan Lokey, Inc. Class A Common Stock"
HLIO,"Helios Technologies, Inc. Common Stock"
HLIT,"Harmonic Inc. - Common Stock"
HLLY,"Holley Inc. Common Stock"
HLLY.W,"Holley Inc. Warrants"
HLMN,"Hillman Solutions Corp. - Common Stock"
HLN,"Haleon plc American Depositary Shares (Each representing two Ordinary Shares)"
HLP,"Hongli Group Inc. - Ordinary Shares"
HLVX,"HilleVax, Inc. - Common Stock"
HLX,"Helix Energy Solutions Group, Inc. Common Stock"
HMC,"Honda Motor Company, Ltd. Common Stock"
HMN,"Horace Mann Educators Corporation Common Stock"
HMR,"Heidmar Maritime Holdings Corp. - Common Stock"
HMST,"HomeStreet, Inc. - Common Stock"
HMY,"Harmony Gold Mining Company Limited"
HNDL,"Strategy Shares Nasdaq 7HANDL Index ETF"
HNI,"HNI Corporation Common Stock"
HNNA,"Hennessy Advisors, Inc. - Common Stock"
HNNAZ,"Hennessy Advisors, Inc. - 4.875% Notes due 2026"
HNRG,"Hallador Energy Company - Common Stock"
HNST,"The Honest Company, Inc. - Common Stock"
HNVR,"Hanover Bancorp, Inc. - Common Stock"
HOFT,"Hooker Furnishings Corporation - Common Stock"
HOLO,"MicroCloud Hologram Inc. - Ordinary Shares"
HOLOW,"MicroCloud Hologram Inc. - Warrant"
HOND,"HCM II Acquisition Corp. - Class A Ordinary Shares"
HONDU,"HCM II Acquisition Corp. - Unit"
HONDW,"HCM II Acquisition Corp. - Warrant"
HONE,"HarborOne Bancorp, Inc. - Common Stock"
HOOG,"Leverage Shares 2X Long HOOD Daily ETF"
HOOI,"Defiance Leveraged Long Income HOOD ETF"
HOOX,"Defiance Daily Target 2X Long HOOD ETF"
HOPE,"Hope Bancorp, Inc. - Common Stock"
HOTH,"Hoth Therapeutics, Inc. - Common Stock"
HOUR,"Hour Loop, Inc. - common stock"
HOUS,"Anywhere Real Estate Inc. Common Stock,"
HOV,"Hovnanian Enterprises, Inc. Class A Common Stock"
HOVNP,"Hovnanian Enterprises Inc - Depositary Share representing 1/1000th of 7.625% Series A Preferred Stock"
HOVR,"New Horizon Aircraft Ltd. - Class A Ordinary Shares"
HOVRW,"New Horizon Aircraft Ltd. - Warrant"
HOWL,"Werewolf Therapeutics, Inc. - Common Stock"
HPAI,"Helport AI Limited - Ordinary Shares"
HPAIW,"Helport AI Limited - Warrants"
HPE$C,"Hewlett Packard Enterprise Company 7.625% Series C Mandatory Convertible Preferred Stock"
HPF,"John Hancock Pfd Income Fund II Pfd Income Fund II"
HPI,"John Hancock Preferred Income Fund Common Shares of Beneficial Interest"
HPK,"HighPeak Energy, Inc. - Common Stock"
HPP,"Hudson Pacific Properties, Inc. Common Stock"
HPP$C,"Hudson Pacific Properties, Inc. 4.750% Series C Cumulative Redeemable Preferred Stock"
HPS,"John Hancock Preferred Income Fund III Preferred Income Fund III"
HQGO,"Hartford US Quality Growth ETF"
HQH,"abrdn Healthcare Investors Shares of Beneficial Interest"
HQI,"HireQuest, Inc. - Common Stock"
HQL,"abrdn Life Sciences Investors Shares of Beneficial Interest"
HRMY,"Harmony Biosciences Holdings, Inc. - Common Stock"
HROW,"Harrow, Inc. - Common Stock"
HROWL,"Harrow, Inc. - 8.625% senior notes due 2026"
HROWM,"Harrow, Inc. - 11.875% Senior Notes due 2027"
HRTG,"Heritage Insurance Holdings, Inc. Common Stock"
HRTS,"Tema Heart & Health ETF"
HRTX,"Heron Therapeutics, Inc.   - Common Stock"
HRZN,"Horizon Technology Finance Corporation - Common Stock"
HSBC,"HSBC Holdings, plc. Common Stock"
HSCS,"HeartSciences Inc. - Common Stock"
HSCSW,"HeartSciences Inc. - Warrant"
HSDT,"Helius Medical Technologies, Inc. - Class A Common Stock"
HSHP,"Himalaya Shipping Ltd. Common Shares"
HSII,"Heidrick & Struggles International, Inc. - Common Stock"
HSON,"Hudson Global, Inc. - Common Stock"
HSONP,"Hudson Global, Inc. - 10% Series A Cumulative Perpetual Preferred Stock"
HSPO,"Horizon Space Acquisition I Corp. - Ordinary Shares"
HSPOR,"Horizon Space Acquisition I Corp. - Right"
HSPOU,"Horizon Space Acquisition I Corp. - Unit"
HSPOW,"Horizon Space Acquisition I Corp. - Warrant"
HSPT,"Horizon Space Acquisition II Corp. - Ordinary share"
HSPTR,"Horizon Space Acquisition II Corp. - Right"
HSPTU,"Horizon Space Acquisition II Corp. - Units"
HSTM,"HealthStream, Inc. - Common Stock"
HTB,"HomeTrust Bancshares, Inc. Common Stock"
HTBK,"Heritage Commerce Corp - Common Stock"
HTCO,"High-Trend International Group - Class A Ordinary Shares"
HTCR,"Heartcore Enterprises, Inc. - Common Stock"
HTD,"John Hancock Tax Advantaged Dividend Income Fund Common Shares of Beneficial Interest"
HTFB,"Horizon Technology Finance Corporation 4.875% Notes due 2026"
HTFC,"Horizon Technology Finance Corporation 6.25% Notes due 2027"
HTHT,"H World Group Limited - American Depositary Shares"
HTLD,"Heartland Express, Inc. - Common Stock"
HTLM,"HomesToLife Ltd - Ordinary Shares"
HTO,"H2O America  - Common Stock"
HTOO,"Fusion Fuel Green PLC - Ordinary Shares"
HTOOW,"Fusion Fuel Green PLC - Warrant"
HTZ,"Hertz Global Holdings, Inc - Common Stock"
HTZWW,"Hertz Global Holdings, Inc - Warrant"
HUBC,"Hub Cyber Security Ltd. - Ordinary Shares"
HUBCW,"Hub Cyber Security Ltd. - Warrant expiring 2/27/28"
HUBCZ,"Hub Cyber Security Ltd. - Warrant"
HUBS,"HubSpot, Inc. Common Stock"
HUDI,"Huadi International Group Co., Ltd. - Ordinary Shares"
HUHU,"HUHUTECH International Group Inc. - Ordinary Shares"
HUIZ,"Huize Holding Limited - American Depositary Shares"
HUMA,"Humacyte, Inc. - Common Stock"
HUMAW,"Humacyte, Inc. - Warrant"
HUN,"Huntsman Corporation Common Stock"
HURA,"TuHURA Biosciences, Inc. - Common Stock"
HURC,"Hurco Companies, Inc. - Common Stock"
HUYA,"HUYA Inc. American depositary shares, each  representing one Class A ordinary share"
HVII,"Hennessy Capital Investment Corp. VII - Ordinary Shares"
HVIIR,"Hennessy Capital Investment Corp. VII - Rights"
HVIIU,"Hennessy Capital Investment Corp. VII - Unit"
HVMCU,"Highview Merger Corp. - Units"
HVT,"Haverty Furniture Companies, Inc. Common Stock"
HVT.A,"Haverty Furniture Companies, Inc. Common Stock"
HWAY,"Themes US Infrastructure ETF"
HWBK,"Hawthorn Bancshares, Inc. - Common Stock"
HWCPZ,"Hancock Whitney Corporation - 6.25% Subordinated Notes due 2060"
HWH,"HWH International Inc. - Common Stock"
HWSM,"Hotchkis & Wiley SMID Cap Diversified Value Fund"
HXHX,"Haoxin Holdings Limited - Class A Ordinary Shares"
HY,"Hyster"
HYAC,"Haymaker Acquisition Corp. 4 Class A Ordinary Shares"
HYAC.U,"Haymaker Acquisition Corp. 4 Units, each consisting one Class A Ordinary Share and one"
HYAC.W,"Haymaker Acquisition Corp. 4 Warrants, each whole warrant exercisable for one Class A ordinary share at an exercise price of $11.50 per share"
HYBI,"NEOS Enhanced Income Credit Select ETF"
HYBX,"TCW High Yield Bond ETF"
HYDR,"Global X Hydrogen ETF"
HYFM,"Hydrofarm Holdings Group, Inc. - Common Stock"
HYI,"Western Asset High Yield Opportunity Fund Inc. Common Stock"
HYLS,"First Trust Tactical High Yield ETF"
HYMC,"Hycroft Mining Holding Corporation - Class A Common Stock"
HYMCL,"Hycroft Mining Holding Corporation - Warrants"
HYPD,"Hyperion DeFi, Inc. - Common Stock"
HYPR,"Hyperfine, Inc.  - Class A Common Stock"
HYT,"Blackrock Corporate High Yield Fund, Inc. Common Stock"
HYTR,"Counterpoint High Yield Trend ETF"
HYXF,"iShares ESG Advanced High Yield Corporate Bond ETF"
HYZD,"WisdomTree Interest Rate Hedged High Yield Bond Fund"
HZO,"MarineMax, Inc.  (FL) Common Stock"
IAE,"Voya Asia Pacific High Dividend Equity Income Fund ING Asia Pacific High Dividend Equity Income Fund Common Shares of Beneficial Interest"
IART,"Integra LifeSciences Holdings Corporation - Common Stock"
IAS,"Integral Ad Science Holding Corp. - Common Stock"
IBAC,"IB Acquisition Corp. - Common Stock"
IBACR,"IB Acquisition Corp. - Right"
IBAT,"iShares Energy Storage & Materials ETF"
IBB,"iShares Biotechnology ETF"
IBBQ,"Invesco Nasdaq Biotechnology ETF"
IBCP,"Independent Bank Corporation - Common Stock"
IBEX,"IBEX Limited - Common Share"
IBG,"Innovation Beverage Group Limited - Ordinary Shares"
IBGA,"iShares iBonds Dec 2044 Term Treasury ETF"
IBGB,"iShares iBonds Dec 2045 Term Treasury ETF"
IBGK,"iShares iBonds Dec 2054 Term Treasury ETF"
IBGL,"iShares iBonds Dec 2055 Term Treasury ETF"
IBIO,"iBio, Inc. - Common Stock"
IBIT,"iShares Bitcoin Trust ETF - iShares Bitcoin Trust ETF"
IBKR,"Interactive Brokers Group, Inc. - Class A Common Stock"
IBN,"ICICI Bank Limited Common Stock"
IBOT,"VanEck Robotics ETF"
IBTA,"Ibotta, Inc. Class A Common Stock"
IBTF,"iShares iBonds Dec 2025 Term Treasury ETF"
IBTG,"iShares iBonds Dec 2026 Term Treasury ETF"
IBTH,"iShares iBonds Dec 2027 Term Treasury ETF"
IBTI,"iShares iBonds Dec 2028 Term Treasury ETF"
IBTJ,"iShares iBonds Dec 2029 Term Treasury ETF"
IBTK,"iShares iBonds Dec 2030 Term Treasury ETF"
IBTL,"iShares iBonds Dec 2031 Term Treasury ETF"
IBTM,"iShares iBonds Dec 2032 Term Treasury ETF"
IBTO,"iShares iBonds Dec 2033 Term Treasury ETF"
IBTP,"iShares iBonds Dec 2034 Term Treasury ETF"
IBTQ,"iShares iBonds Dec 2035 Term Treasury ETF"
ICCC,"ImmuCell Corporation - Common Stock"
ICCM,"IceCure Medical Ltd. - Ordinary Shares"
ICFI,"ICF International, Inc. - Common Stock"
ICG,"Intchains Group Limited - American Depositary Shares"
ICHR,"Ichor Holdings - Ordinary Shares"
ICLN,"iShares Global Clean Energy ETF"
ICLR,"ICON plc - Ordinary Shares"
ICMB,"Investcorp Credit Management BDC, Inc. - Common Stock"
ICON,"Icon Energy Corp. - Common stock"
ICOP,"iShares Copper and Metals Mining ETF"
ICR$A,"InPoint Commercial Real Estate Income, Inc. 6.75% Series A Cumulative Redeemable Preferred Stock"
ICU,"SeaStar Medical Holding Corporation - Common Stock"
ICUCW,"SeaStar Medical Holding Corporation - Warrant"
IDAI,"T Stamp Inc. - Class A Common Stock"
IDE,"Voya Infrastructure, Industrials and Materials Fund Common Shares of Beneficial Interest"
IDEF,"iShares Defense Industrials Active ETF"
IDN,"Intellicheck, Inc. - Common Stock"
IDT,"IDT Corporation Class B Common Stock"
IEF,"iShares 7-10 Year Treasury Bond ETF"
IEI,"iShares 3-7 Year Treasury Bond ETF"
IEUS,"iShares MSCI Europe Small-Cap ETF"
IFBD,"Infobird Co., Ltd - Ordinary Shares"
IFGL,"iShares International Developed Real Estate ETF"
IFLO,"VictoryShares International Free Cash Flow ETF"
IFN,"India Fund, Inc. (The) Common Stock"
IFRX,"InflaRx N.V. - Common Stock"
IFV,"First Trust Dorsey Wright International Focus 5 ETF"
IGA,"Voya Global Advantage and Premium Opportunity Fund Common Shares of Beneficial Interest"
IGCB,"TCW Corporate Bond ETF"
IGD,"Voya Global Equity Dividend and Premium Opportunity Fund"
IGF,"iShares Global Infrastructure ETF"
IGI,"Western Asset Investment Grade Opportunity Trust Inc. Common Stock"
IGIB,"iShares 5-10 Year Investment Grade Corporate Bond ETF"
IGIC,"International General Insurance Holdings Ltd. - Ordinary Shares"
IGOV,"iShares International Treasury Bond ETF"
IGR,"CBRE Global Real Estate Income Fund Common Shares of Beneficial Interest"
IGSB,"iShares 1-5 Year Investment Grade Corporate Bond ETF"
IH,"iHuman Inc. American depositary shares, each representing five Class A ordinary shares"
IHD,"Voya Emerging Markets High Income Dividend Equity Fund Common Shares"
IHG,"Intercontinental Hotels Group American Depositary Shares (Each representing one Ordinary Share)"
IHRT,"iHeartMedia, Inc. - Class A Common Stock"
IHYF,"Invesco High Yield Bond Factor ETF"
IIF,"Morgan Stanley India Investment Fund, Inc. Common Stock"
III,"Information Services Group, Inc. - Common Stock"
IIIN,"Insteel Industries, Inc. Common Stock"
IIIV,"i3 Verticals, Inc. - Common Stock"
IIM,"Invesco Value Municipal Income Trust Common Stock"
IINN,"Inspira Technologies Oxy B.H.N. Ltd. - Ordinary Shares"
IINNW,"Inspira Technologies Oxy B.H.N. Ltd. - Warrant"
IIPR,"Innovative Industrial Properties, Inc. Common Stock"
IIPR$A,"Innovative Industrial Properties, Inc. 9.00% Series A Cumulative Redeemable Preferred Stock"
IJT,"iShares S&P SmallCap 600 Growth ETF"
IKT,"Inhibikase Therapeutics, Inc. - Common Stock"
ILAG,"Intelligent Living Application Group Inc. - Ordinary Shares"
ILIT,"iShares Lithium Miners and Producers ETF"
ILLR,"Triller Group Inc. - Common Stock"
ILLRW,"Triller Group Inc. - Warrant"
ILMN,"Illumina, Inc. - Common Stock"
ILPT,"Industrial Logistics Properties Trust - Common Shares of Beneficial Interest"
IMA,"ImageneBio, Inc. - Common Stock"
IMAB,"I-MAB - American Depositary Shares"
IMAX,"Imax Corporation Common Stock"
IMCC,"IM Cannabis Corp. - Common Shares"
IMCR,"Immunocore Holdings plc - American Depositary Shares"
IMCV,"iShares Morningstar Mid-Cap Value ETF"
IMDX,"Insight Molecular Diagnostics Inc. - Common Stock"
IMG,"CIMG Inc. - Common Stock"
IMKTA,"Ingles Markets, Incorporated - Class A Common Stock"
IMMP,"Immutep Limited - American Depositary Shares"
IMMR,"Immersion Corporation - Common Stock"
IMMX,"Immix Biopharma, Inc. - Common Stock"
IMNM,"Immunome, Inc. - Common Stock"
IMNN,"Imunon, Inc. - Common Stock"
IMOM,"Alpha Architect International Quantitative Momentum ETF"
IMOS,"ChipMOS TECHNOLOGIES INC. - American Depositary Shares"
IMPP,"Imperial Petroleum Inc. - Common Shares"
IMPPP,"Imperial Petroleum Inc. - 8.75% Series A Cumulative Redeemable Perpetual Preferred Shares"
IMRN,"Immuron Limited - American Depositary Shares"
IMRX,"Immuneering Corporation - Class A Common Stock"
IMTE,"Integrated Media Technology Limited - Ordinary Shares"
IMTX,"Immatics N.V. - Ordinary Shares"
IMUX,"Immunic, Inc.  - Common Stock"
IMXI,"International Money Express, Inc. - Common Stock"
INAB,"IN8bio, Inc. - Common Stock"
INAC,"Indigo Acquisition Corp. - Ordinary Shares"
INACR,"Indigo Acquisition Corp. - Right"
INACU,"Indigo Acquisition Corp. - Unit"
INBK,"First Internet Bancorp - Common Stock"
INBKZ,"First Internet Bancorp - Fixed-to-Floating Rate Subordinated Notes Due 2029"
INBS,"Intelligent Bio Solutions Inc.  - Common Stock"
INBX,"Inhibrx Biosciences, Inc. - Common Stock"
INCR,"Intercure Ltd. - ordinary shares"
INDH,"WisdomTree India Hedged Equity Fund"
INDI,"indie Semiconductor, Inc. - Class A Common Stock"
INDP,"Indaptus Therapeutics, Inc. - Common Stock"
INDY,"iShares India 50 ETF"
INEO,"INNEOVA Holdings Limited - Ordinary Shares"
INFR,"ClearBridge Sustainable Infrastructure ETF"
INFY,"Infosys Limited American Depositary Shares"
ING,"ING Group, N.V. Common Stock"
INGN,"Inogen, Inc - Common Stock"
INHD,"Inno Holdings Inc. - Common Stock"
INKT,"MiNK Therapeutics, Inc. - Common Stock"
INLF,"INLIF LIMITED - Class A Ordinary shares"
INM,"InMed Pharmaceuticals Inc. - Common Shares"
INMB,"INmune Bio Inc. - Common stock"
INMD,"InMode Ltd.  - Ordinary Shares"
INN,"Summit Hotel Properties, Inc. Common Stock"
INN$E,"Summit Hotel Properties, Inc. 6.250% Series E Cumulative Redeemable Preferred Stock"
INN$F,"Summit Hotel Properties, Inc. 5.875% Series F Cumulative Redeemable Preferred Stock, $0.01 par value per share"
INNV,"InnovAge Holding Corp. - Common Stock"
INO,"Inovio Pharmaceuticals, Inc. - Common Stock"
INR,"Infinity Natural Resources, Inc. Class A Common Stock"
INRO,"iShares U.S. Industry Rotation Active ETF"
INSE,"Inspired Entertainment, Inc. - Common Stock"
INSG,"Inseego Corp. - Common Stock"
INSM,"Insmed Incorporated - Common Stock"
INTG,"The Intergroup Corporation - Common Stock"
INTJ,"Intelligent Group Limited - Class A Ordinary Shares"
INTS,"Intensity Therapeutics, Inc. - Common Stock"
INTW,"GraniteShares 2x Long INTC Daily ETF"
INTZ,"Intrusion Inc. - Common Stock"
INV,"Innventure, Inc. - Common Stock"
INVA,"Innoviva, Inc. - Common Stock"
INVE,"Identiv, Inc. - Common Stock"
INVX,"Innovex International, Inc. Common Stock"
INVZ,"Innoviz Technologies Ltd. - Ordinary shares"
INVZW,"Innoviz Technologies Ltd. - Warrant"
IOBT,"IO Biotech, Inc. - Common Stock"
IONL,"GraniteShares 2x Long IONQ Daily ETF"
IONQ,"IonQ, Inc. Common Stock"
IONQ.W,"IonQ, Inc. Redeemable warrants, each whole warrant exercisable for one share of Common Stock, each at an exercise price of $11.50 per share"
IONR,"ioneer Ltd - American Depositary Shares"
IONS,"Ionis Pharmaceuticals, Inc. - Common Stock"
IONX,"Defiance Daily Target 2X Long IONQ ETF"
IONZ,"Defiance Daily Target 2x Short IONQ ETF"
IOSP,"Innospec Inc. - Common Stock"
IOT,"Samsara Inc. Class A Common Stock"
IOTR,"iOThree Limited - Ordinary Shares"
IOVA,"Iovance Biotherapeutics, Inc. - Common Stock"
IPA,"ImmunoPrecise Antibodies Ltd. - Common Stock"
IPB,"Merrill Lynch & Co., Inc. 6.0518% Index Plus Trust Certificates Series 2003"
IPCX,"Inflection Point Acquisition Corp. III - Class A ordinary shares"
IPCXR,"Inflection Point Acquisition Corp. III - Rights"
IPCXU,"Inflection Point Acquisition Corp. III - Units"
IPDN,"Professional Diversity Network, Inc. - Common Stock"
IPHA,"Innate Pharma S.A. - American Depositary Shares"
IPI,"Intrepid Potash, Inc Common Stock"
IPKW,"Invesco International BuyBack Achievers ETF"
IPM,"Intelligent Protection Management Corp.  - Common Stock"
IPOD,"Dune Acquisition Corporation II - Class A ordinary shares"
IPODU,"Dune Acquisition Corporation II - Units"
IPODW,"Dune Acquisition Corporation II - Warrants"
IPSC,"Century Therapeutics, Inc. - Common Stock"
IPW,"iPower Inc. - Common Stock"
IPWR,"Ideal Power Inc. - Common Stock"
IPX,"IperionX Limited - American Depositary Share"
IQI,"Invesco Quality Municipal Income Trust Common Stock"
IQQQ,"ProShares Nasdaq-100 High Income ETF"
IQST,"iQSTEL Inc. - Common Stock"
IRBT,"iRobot Corporation - Common Stock"
IRD,"Opus Genetics, Inc. - Common Stock"
IRDM,"Iridium Communications Inc - Common Stock"
IREN,"IREN Limited - Ordinary Shares"
IRIX,"IRIDEX Corporation - Common Stock"
IRMD,"iRadimed Corporation - Common Stock"
IROH,"Iron Horse Acquisitions Corp. - Common Stock"
IROHR,"Iron Horse Acquisitions Corp. - one right to one-fifth (1/5) of one share of common stock"
IROHU,"Iron Horse Acquisitions Corp. - Unit"
IROHW,"Iron Horse Acquisitions Corp. - Warrant"
IROQ,"IF Bancorp, Inc. - Common Stock"
IRS,"IRSA Inversiones Y Representaciones S.A. Global Depositary Shares (Each representing ten shares of Common Stock)"
IRS.W,"IRSA Inversiones Y Representaciones S.A. Warrants to purchase Common Shares"
IRTC,"iRhythm Technologies, Inc. - Common Stock"
IRWD,"Ironwood Pharmaceuticals, Inc. - Class A Common Stock"
ISBA,"Isabella Bank Corporation - Common stock"
ISD,"PGIM High Yield Bond Fund, Inc."
ISHG,"iShares 1-3 Year International Treasury Bond ETF"
ISHP,"First Trust S-Network E-Commerce ETF"
ISPC,"iSpecimen Inc. - Common Stock"
ISPO,"Inspirato Incorporated - Class A Common Stock"
ISPOW,"Inspirato Incorporated - Warrant"
ISPR,"Ispire Technology Inc. - Common Stock"
ISRL,"Israel Acquisitions Corp - Class A Ordinary Shares"
ISRLU,"Israel Acquisitions Corp - Unit"
ISRLW,"Israel Acquisitions Corp - Warrant"
ISSC,"Innovative Solutions and Support, Inc. - Common Stock"
ISTB,"iShares Core 1-5 Year USD Bond ETF"
ISTR,"Investar Holding Corporation - Common Stock"
ITIC,"Investors Title Company - Common Stock"
ITOS,"iTeos Therapeutics, Inc. - Common Stock"
ITRI,"Itron, Inc. - Common Stock"
ITRM,"Iterum Therapeutics plc - Ordinary Share"
ITRN,"Ituran Location and Control Ltd. - Ordinary Shares"
ITT,"ITT Inc. Common Stock"
ITUB,"Itau Unibanco Banco Holding SA American Depositary Shares (Each repstg 500 Preferred shares)"
IUS,"Invesco RAFI Strategic US ETF"
IUSB,"iShares Core Total USD Bond Market ETF"
IUSG,"iShares Core S&P U.S. Growth ETF"
IUSV,"iShares Core S&P U.S. Value ETF"
IVA,"Inventiva S.A. - American Depository Shares"
IVAL,"Alpha Architect International Quantitative Value ETF"
IVDA,"Iveda Solutions, Inc. - Common Stock"
IVDAW,"Iveda Solutions, Inc. - Warrant"
IVF,"INVO Fertility, Inc. - Common Stock"
IVP,"Inspire Veterinary Partners, Inc. - Class A Common Stock"
IVR,"INVESCO MORTGAGE CAPITAL INC Common Stock"
IVR$C,"INVESCO MORTGAGE CAPITAL INC 7.5% Fixed"
IVVD,"Invivyd, Inc. - Common Stock"
IX,"ORIX Corporation American Depositary Shares"
IXHL,"Incannex Healthcare Inc. - Common Stock"
IXUS,"iShares Core MSCI Total International Stock ETF"
IZEA,"IZEA Worldwide, Inc. - Common Stock"
IZM,"ICZOOM Group Inc. - Class A Ordinary Shares"
JACK,"Jack In The Box Inc. - Common Stock"
JACS,"Jackson Acquisition Company II Class A Ordinary Shares"
JACS.R,"Jackson Acquisition Company II Rights, each right to acquire one"
JACS.U,"Jackson Acquisition Company II Units, each consisting of one Class A ordinary share and one right to acquire one"
JAGX,"Jaguar Health, Inc. - Common Stock"
JAKK,"JAKKS Pacific, Inc. - Common Stock"
JAMF,"Jamf Holding Corp. - Common Stock"
JANX,"Janux Therapeutics, Inc. - Common Stock"
JAPN,"Horizon Kinetics Japan Owner Operator ETF"
JBDI,"JBDI Holdings Limited - Ordinary Shares"
JBGS,"JBG SMITH Properties Common Shares"
JBI,"Janus International Group, Inc. Common Stock"
JBIO,"Jade Biosciences, Inc. - Common Stock"
JBK,"Lehman ABS 3.50 3.50% Adjustable Corp Backed Tr Certs GS Cap I"
JBLU,"JetBlue Airways Corporation - Common Stock"
JBND,"J.P. Morgan Exchange"
JBS,"JBS N.V. Class A Common Shares"
JBSS,"John B. Sanfilippo & Son, Inc. - Common Stock"
JCAP,"Jefferson Capital, Inc. - Common Stock"
JCE,"Nuveen Core Equity Alpha Fund Common Shares of Beneficial Interest"
JCSE,"JE Cleantech Holdings Limited - Ordinary Shares"
JCTC,"Jewett-Cameron Trading Company - Common Shares"
JD,"JD.com, Inc. - American Depositary Shares"
JDOC,"JPMorgan Healthcare Leaders ETF"
JDZG,"JIADE LIMITED - Class A Ordinary Shares"
JEF,"Jefferies Financial Group Inc. Common Stock"
JELD,"JELD"
JEM,"707 Cayman Holdings Limited - Ordinary Shares"
JENA,"Jena Acquisition Corporation II Class A Ordinary Shares"
JENA.R,"Jena Acquisition Corporation II Rights, each right to acquire one"
JENA.U,"Jena Acquisition Corporation II Units, each consisting of one Class A ordinary share and one right"
JEPQ,"JPMorgan Nasdaq Equity Premium Income ETF"
JEQ,"abrdn Japan Equity Fund, Inc. Common Stock"
JFB,"JFB Construction Holdings - Class A Common Stock"
JFBR,"Jeffs' Brands Ltd - Ordinary Shares"
JFBRW,"Jeffs' Brands Ltd - Warrant"
JFIN,"Jiayin Group Inc. - American Depositary Shares"
JFR,"Nuveen Floating Rate Income Fund Common Stock"
JFU,"9F Inc. - American Depositary Shares"
JG,"Aurora Mobile Limited - American Depositary Shares"
JGH,"Nuveen Global High Income Fund Common Shares of Beneficial Interest"
JGLO,"JPMorgan Global Select Equity ETF"
JHAI,"Janus Henderson Global Artificial Intelligence ETF"
JHI,"John Hancock Investors Trust Common Stock"
JHS,"John Hancock Income Securities Trust Common Stock"
JHX,"James Hardie Industries plc. Ordinary Shares"
JILL,"J. Jill, Inc. Common Stock"
JIVE,"JPMorgan International Value ETF"
JJSF,"J & J Snack Foods Corp. - Common Stock"
JKS,"JinkoSolar Holding Company Limited American Depositary Shares (each representing 4 Common Shares)"
JL,"J-Long Group Limited - Class A Ordinary Shares"
JLHL,"Julong Holding Limited - Class A Ordinary Shares"
JLL,"Jones Lang LaSalle Incorporated Common Stock"
JLS,"Nuveen Mortgage and Income Fund"
JMIA,"Jumia Technologies AG American Depositary Shares, each representing two Ordinary Shares"
JMID,"Janus Henderson Mid Cap Growth Alpha ETF"
JMM,"Nuveen Multi"
JMSB,"John Marshall Bancorp, Inc. - Common Stock"
JOBY,"Joby Aviation, Inc. Common Stock"
JOBY.W,"Joby Aviation, Inc. Warrants"
JOF,"Japan Smaller Capitalization Fund Inc Common Stock"
JOUT,"Johnson Outdoors Inc. - Class A Common Stock"
JPC,"Nuveen Preferred & Income Opportunities Fund"
JPEF,"JPMorgan Equity Focus ETF"
JPM$C,"J P Morgan Chase & Co Depositary Shares, each representing a 1/400th interest in a share of 6.00% Non"
JPM$D,"J P Morgan Chase & Co Depositary Shares, each representing a 1/400th  interest in a share of 5.75% Non"
JPM$J,"J P Morgan Chase & Co Depositary Shares, each representing a 1/400th interest in a share of JPMorgan Chase & Co. 4.75% Non"
JPM$K,"J P Morgan Chase & Co Depositary Shares, each representing a 1/400th interest in a share of 4.55% Non"
JPM$L,"J P Morgan Chase & Co Depositary Shares, each representing a 1/400th interest in a share of 4.625% Non"
JPM$M,"J P Morgan Chase & Co Depositary Shares, each representing a 1/400th interest in a share of 4.20% Non"
JPX,"Defiance Daily Target 2X Long JPM ETF"
JPY,"Lazard Japanese Equity ETF"
JQC,"Nuveen Credit Strategies Income Fund Shares of Beneficial Interest"
JRI,"Nuveen Real Asset Income and Growth Fund Common Shares of Beneficial Interest"
JRS,"Nuveen Real Estate Income Fund Common Shares of Beneficial Interest"
JRSH,"Jerash Holdings (US), Inc. - Common Stock"
JRVR,"James River Group Holdings, Ltd. - Common Shares"
JSM,"Navient Corporation - 6% Senior Notes due December 15, 2043"
JSMD,"Janus Henderson Small/Mid Cap Growth Alpha ETF"
JSML,"Janus Henderson Small Cap Growth Alpha ETF"
JSPR,"Jasper Therapeutics, Inc. - Class A Common Stock"
JSPRW,"Jasper Therapeutics, Inc. - Warrant"
JTAI,"Jet.AI Inc. - Common Stock"
JTEK,"JPMorgan U.S. Tech Leaders ETF"
JUNS,"Jupiter Neurosciences, Inc. - Common Stock"
JVA,"Coffee Holding Co., Inc. - Common Stock"
JWEL,"Jowell Global Ltd. - Ordinary Shares"
JXG,"JX Luxventure Group Inc. - Common Stock"
JXN$A,"Jackson Financial Inc. Depositary Shares, each representing a 1/1,000th interest in a share of Fixed"
JYD,"Jayud Global Logistics Limited - Class A Ordinary Shares"
JYNT,"The Joint Corp. - Common Stock"
JZ,"Jianzhi Education Technology Group Company Limited - American Depositary Shares"
JZXN,"Jiuzi Holdings, Inc. - Ordinary Shares"
KALA,"KALA BIO, Inc. - Common Stock"
KALU,"Kaiser Aluminum Corporation - Common Stock"
KALV,"KalVista Pharmaceuticals, Inc. - Common Stock"
KARO,"Karooooo Ltd. - Ordinary shares"
KAT,"Scharf ETF"
KAVL,"Kaival Brands Innovations Group, Inc. - Common Stock"
KB,"KB Financial Group Inc"
KBAB,"KraneShares 2x Long BABA Daily ETF"
KBDC,"Kayne Anderson BDC, Inc. Common Stock"
KBR,"KBR, Inc. Common Stock"
KBSX,"FST Corp. - Ordinary Shares"
KBWB,"Invesco KBW Bank ETF"
KBWD,"Invesco KBW High Dividend Yield Financial ETF"
KBWP,"Invesco KBW Property & Casualty Insurance ETF"
KBWR,"Invesco KBW Regional Banking ETF"
KBWY,"Invesco KBW Premium Yield Equity REIT ETF"
KCHV,"Kochav Defense Acquisition Corp. - Class A Ordinary Shares"
KCHVR,"Kochav Defense Acquisition Corp. - Right"
KCHVU,"Kochav Defense Acquisition Corp. - Units"
KE,"Kimball Electronics, Inc. - Common Stock"
KEAT,"Keating Active ETF"
KELYA,"Kelly Services, Inc. - Class A Common Stock"
KELYB,"Kelly Services, Inc. - Class B Common Stock"
KEP,"Korea Electric Power Corporation Common Stock"
KEQU,"Kewaunee Scientific Corporation - Common Stock"
KEY$I,"KeyCorp Depositary Shares Each Representing a 1/40th Ownership Interest in a Share of Fixed"
KEY$J,"KeyCorp Depositary Shares each representing a 1/40th ownership interest in a share of Fixed Rate Perpetual Non"
KEY$K,"KeyCorp Depositary Shares, each representing a 1/40th ownership interest in a share of Fixed Rate Perpetual Non"
KEY$L,"KeyCorp Depositary Shares each representing a 1/40th ownership interest in a share of Fixed Rate Perpetual Non"
KF,"Korea Fund, Inc. (The) New Common Stock"
KFFB,"Kentucky First Federal Bancorp - Common Stock"
KFII,"K&F Growth Acquisition Corp. II - Class A Ordinary shares"
KFIIR,"K&F Growth Acquisition Corp. II - Rights"
KFIIU,"K&F Growth Acquisition Corp. II - Unit"
KFRC,"Kforce, Inc. Common Stock"
KFS,"Kingsway Financial Services, Inc. Common Stock (DE)"
KG,"Kestrel Group, Ltd. - Common Stock"
KGC,"Kinross Gold Corporation Common Stock"
KGEI,"Kolibri Global Energy Inc. - Common stock"
KIDS,"OrthoPediatrics Corp. - Common Stock"
KIDZ,"Classover Holdings, Inc. - Class B Common Stock"
KIDZW,"Classover Holdings, Inc. - Warrants"
KIM$L,"Kimco Realty Corporation Class L Depositary Shares, each of which represents a one"
KIM$M,"Kimco Realty Corporation Class M Depositary Shares, each of which represents a one"
KIM$N,"Kimco Realty Corporation Depositary Shares, each representing 1/1,000th interest in a share of 7.25% Class N Cumulative Convertible Perpetual Preferred Stock"
KINS,"Kingstone Companies, Inc - Common Stock"
KIO,"KKR Income Opportunities Fund Common Shares"
KITT,"Nauticus Robotics, Inc. - Common stock"
KITTW,"Nauticus Robotics, Inc. - Warrant"
KKR$D,"KKR & Co. Inc. 6.25% Series D Mandatory Convertible Preferred Stock"
KKRS,"KKR Group Finance Co. IX LLC 4.625% Subordinated Notes due 2061"
KKRT,"KKR & Co. Inc. 6.875% Subordinated Notes due 2065"
KLAR,"Klarna Group plc Ordinary Shares"
KLC,"KinderCare Learning Companies, Inc. Common Stock"
KLIC,"Kulicke and Soffa Industries, Inc. - Common Stock"
KLRS,"Kalaris Therapeutics, Inc.  - Common Stock"
KLTO,"Klotho Neurosciences, Inc. - Common Stock"
KLTOW,"Klotho Neurosciences, Inc. - Warrants"
KLTR,"Kaltura, Inc. - Common Stock"
KLXE,"KLX Energy Services Holdings, Inc.  - Common Stock"
KMDA,"Kamada Ltd. - Ordinary Shares"
KMLI,"KraneShares 2x Long MELI Daily ETF"
KMPB,"Kemper Corporation 5.875% Fixed"
KMRK,"K-Tech Solutions Company Limited - Class A Ordinary Shares"
KMT,"Kennametal Inc. Common Stock"
KMTS,"Kestra Medical Technologies, Ltd. - Common Stock"
KN,"Knowles Corporation Common Stock"
KNDI,"Kandi Technologies Group, Inc. - Ordinary Shares"
KNGZ,"First Trust S&P 500 Diversified Dividend Aristocrats ETF"
KNOP,"KNOT Offshore Partners LP Common Units representing Limited Partner Interests"
KNSL,"Kinsale Capital Group, Inc. Common Stock"
KNTK,"Kinetik Holdings Inc. Class A Common Stock"
KOD,"Kodiak Sciences Inc - Common Stock"
KODK,"Eastman Kodak Company Common New"
KOF,"Coca Cola Femsa S.A.B. de C.V.  American Depositary Shares, each representing 10 Units (each Unit consists of 3 Series B Shares and 5 Series L Shares)"
KOID,"KraneShares Global Humanoid and Embodied Intelligence Index ETF"
KOP,"Koppers Holdings Inc. Common Stock"
KOPN,"Kopin Corporation - Common Stock"
KORE,"KORE Group Holdings, Inc. Common Stock"
KOS,"Kosmos Energy Ltd. Common Shares (DE)"
KOSS,"Koss Corporation - Common Stock"
KOYNU,"CSLM Digital Asset Acquisition Corp III - Units"
KPDD,"KraneShares 2x Long PDD Daily ETF"
KPLT,"Katapult Holdings, Inc. - Common Stock"
KPLTW,"Katapult Holdings, Inc. - Warrant"
KPRX,"Kiora Pharmaceuticals, Inc.  - Common Stock"
KPTI,"Karyopharm Therapeutics Inc. - Common Stock"
KQQQ,"Kurv Technology Titans Select ETF"
KREF,"KKR Real Estate Finance Trust Inc. Common Stock"
KREF$A,"KKR Real Estate Finance Trust Inc. 6.50% Series A Cumulative Redeemable Preferred Stock"
KRKR,"36Kr Holdings Inc. - American Depositary Shares"
KRMA,"Global X Conscious Companies ETF"
KRMD,"KORU Medical Systems, Inc. - Common Stock"
KRNT,"Kornit Digital Ltd. - Ordinary Shares"
KRNY,"Kearny Financial - Common Stock"
KRO,"Kronos Worldwide Inc Common Stock"
KROP,"Global X AgTech & Food Innovation ETF"
KROS,"Keros Therapeutics, Inc. - common stock"
KRP,"Kimbell Royalty Partners Common Units Representing Limited Partner Interests"
KRRO,"Korro Bio, Inc. - Common Stock"
KRT,"Karat Packaging Inc. - Common Stock"
KRUS,"Kura Sushi USA, Inc. - Class A Common Stock"
KSCP,"Knightscope, Inc. - Class A Common Stock"
KSPI,"Joint Stock Company Kaspi.kz - American Depository Shares"
KSS,"Kohl's Corporation Common Stock"
KTCC,"Key Tronic Corporation - Common Stock"
KTF,"DWS Municipal Income Trust"
KTH,"Structures Products Cp 8% CorTS Issued by Peco Energy Cap Tr II Preferred Stock"
KTN,"Structured Products Corp 8.205% CorTS 8.205% Corporate Backed Trust Securities (CorTS)"
KTOS,"Kratos Defense & Security Solutions, Inc. - Common Stock"
KTTA,"Pasithea Therapeutics Corp. - Common Stock"
KTTAW,"Pasithea Therapeutics Corp. - Warrant"
KUKE,"Kuke Music Holding Limited American Depositary Shares (each representing ten (10) Class A Ordinary Shares)"
KURA,"Kura Oncology, Inc. - Common Stock"
KVAC,"Keen Vision Acquisition Corporation - Ordinary Shares"
KVACU,"Keen Vision Acquisition Corporation - Units"
KVACW,"Keen Vision Acquisition Corporation - Warrant"
KVHI,"KVH Industries, Inc. - Common Stock"
KW,"Kennedy"
KWM,"K Wave Media, Ltd. - Ordinary Shares"
KWMWW,"K Wave Media, Ltd. - Warrant"
KXIN,"Kaixin Holdings - Ordinary Shares"
KYIV,"Kyivstar Group Ltd. - Common Shares"
KYIVW,"Kyivstar Group Ltd. - Warrant"
KYN,"Kayne Anderson Energy Infrastructure Fund, Inc."
KYTX,"Kyverna Therapeutics, Inc. - Common Stock"
KZIA,"Kazia Therapeutics Limited - American Depositary Shares"
KZR,"Kezar Life Sciences, Inc. - Common Stock"
LAB,"Standard BioTools Inc. - Common Stock"
LAC,"Lithium Americas Corp. Common Shares"
LADR,"Ladder Capital Corp Class A Common Stock"
LAES,"SEALSQ Corp - Ordinary Shares"
LAKE,"Lakeland Industries, Inc. - Common Stock"
LAMR,"Lamar Advertising Company - Class A Common Stock"
LAND,"Gladstone Land Corporation - Common Stock"
LANDM,"Gladstone Land Corporation - 5.00% Series D Cumulative Term Preferred Stock"
LANDO,"Gladstone Land Corporation - 6.00% Series B Cumulative Redeemable Preferred Stock"
LANDP,"Gladstone Land Corporation - 6.00% Series C Cumulative Redeemable Preferred Stock"
LANV,"Lanvin Group Holdings Limited Ordinary Shares"
LANV.W,"Lanvin Group Holdings Limited Redeemable Warrants, each whole warrant exercisable for one Ordinary Share at an exercise price of $11.50"
LAR,"Lithium Argentina AG Common Shares"
LARK,"Landmark Bancorp Inc. - Common Stock"
LASE,"Laser Photonics Corporation - Common Stock"
LASR,"nLIGHT, Inc. - Common Stock"
LAW,"CS Disco, Inc. Common Stock"
LAWR,"Robot Consulting Co., Ltd. - ADS"
LAYS,"STKd 100% NVDA & 100% AMD ETF"
LAZR,"Luminar Technologies, Inc.  - Class A Common Stock"
LBGJ,"Li Bang International Corporation Inc. - Ordinary Shares"
LBRDP,"Liberty Broadband Corporation - Series A Cumulative Redeemable Preferred Stock"
LBRT,"Liberty Energy Inc. Class A common stock"
LC,"LendingClub Corporation Common Stock"
LCCC,"Lakeshore Acquisition III Corp. - Ordinary Shares"
LCCCR,"Lakeshore Acquisition III Corp. - Rights"
LCCCU,"Lakeshore Acquisition III Corp. - Unit"
LCDL,"GraniteShares 2x Long LCID Daily ETF"
LCDS,"JPMorgan Fundamental Data Science Large Core ETF"
LCFY,"Locafy Limited - Ordinary Share"
LCFYW,"Locafy Limited - Warrant"
LCNB,"LCNB Corporation - Common Stock"
LCUT,"Lifetime Brands, Inc. - Common Stock"
LDEM,"iShares ESG MSCI EM Leaders ETF"
LDI,"loanDepot, Inc. Class A Common Stock"
LDP,"Cohen & Steers Limited Duration Preferred and Income Fund, Inc."
LDRX,"SGI Enhanced Market Leaders ETF"
LDSF,"First Trust Low Duration Strategic Focus ETF"
LDWY,"Lendway, Inc. - Common Stock"
LE,"Lands' End, Inc. - Common Stock"
LECO,"Lincoln Electric Holdings, Inc. - Common Shares"
LEDS,"SemiLEDS Corporation - Common Stock"
LEE,"Lee Enterprises, Incorporated - Common Stock"
LEG,"Leggett & Platt, Incorporated Common Stock"
LEGH,"Legacy Housing Corporation - Common Stock"
LEGN,"Legend Biotech Corporation - American Depositary Shares"
LEGR,"First Trust Indxx Innovative Transaction & Process ETF"
LEN.B,"Lennar Corporation Class B"
LENZ,"LENZ Therapeutics, Inc. - Common Stock"
LEO,"BNY Mellon Strategic Municipals, Inc. Common Stock"
LESL,"Leslie's, Inc. - Common Stock"
LEXI,"Alexis Practical Tactical ETF"
LEXX,"Lexaria Bioscience Corp. - Common Stock"
LEXXW,"Lexaria Bioscience Corp. - Warrant"
LFCR,"Lifecore Biomedical, Inc. - Common Stock"
LFMD,"LifeMD, Inc. - Common Stock"
LFMDP,"LifeMD, Inc. - 8.875% Series A Cumulative Perpetual Preferred Stock"
LFSC,"F/m Emerald Life Sciences Innovation ETF"
LFST,"LifeStance Health Group, Inc. - Common Stock"
LFT,"Lument Finance Trust, Inc. Common Stock"
LFT$A,"Lument Finance Trust, Inc. 7.875% Series A Cumulative Redeemable Preferred Stock"
LFUS,"Littelfuse, Inc. - Common Stock"
LFVN,"Lifevantage Corporation - Common Stock"
LFWD,"Lifeward Ltd. - Ordinary Shares"
LGCB,"Linkage Global Inc - Class A Ordinary Shares"
LGCF,"Themes US Cash Flow Champions ETF"
LGCL,"Lucas GC Limited - Ordinary Shares"
LGHL,"Lion Group Holding Ltd. - American Depositary Share"
LGI,"Lazard Global Total Return and Income Fund Common Stock"
LGIH,"LGI Homes, Inc. - Common Stock"
LGND,"Ligand Pharmaceuticals Incorporated - Common Stock"
LGO,"Largo Inc. - Common Shares"
LGRO,"Level Four Large Cap Growth Active ETF"
LGVN,"Longeveron Inc. - Class A Common stock"
LHAI,"Linkhome Holdings Inc. - Common stock"
LHSW,"Lianhe Sowell International Group Ltd - Ordinary Shares"
LI,"Li Auto Inc. - American Depositary Shares"
LICN,"Lichen International Limited - Class A Ordinary Shares"
LIDR,"AEye, Inc. - Class A Common Stock"
LIDRW,"AEye, Inc. - Warrant"
LIEN,"Chicago Atlantic BDC, Inc. - Common Stock"
LILA,"Liberty Latin America Ltd. - Class A Common Stock"
LILAK,"Liberty Latin America Ltd. - Class C Common Stock"
LIMN,"Liminatus Pharma, Inc. - Class A Common Stock"
LIMNW,"Liminatus Pharma, Inc. - Warrants"
LINC,"Lincoln Educational Services Corporation - Common Stock"
LIND,"Lindblad Expeditions Holdings Inc.  - Common Stock"
LINE,"Lineage, Inc. - Common Stock"
LINK,"Interlink Electronics, Inc. - Common Stock"
LION,"Lionsgate Studios Corp Common Shares"
LIQT,"LiqTech International, Inc. - Common Stock"
LITB,"LightInTheBox Holding Co., Ltd. American Depositary Shares, each representing twelve ordinary shares"
LITE,"Lumentum Holdings Inc. - Common Stock"
LITM,"Snow Lake Resources Ltd. - Common Shares"
LITP,"Sprott Lithium Miners ETF"
LIVE,"Live Ventures Incorporated - Common Stock"
LIVR,"Intelligent Livermore ETF"
LIXT,"Lixte Biotechnology Holdings, Inc. - Common Stock"
LIXTW,"Lixte Biotechnology Holdings, Inc. - Warrants"
LKFN,"Lakeland Financial Corporation - Common Stock"
LLYVK,"Liberty Media Corporation - Series C Liberty Live Common Stock"
LMAT,"LeMaitre Vascular, Inc. - Common Stock"
LMB,"Limbach Holdings, Inc. - Common Stock"
LMBS,"First Trust Low Duration Opportunities ETF"
LMFA,"LM Funding America, Inc. - Common Stock"
LMNR,"Limoneira Co - Common Stock"
LMTL,"Direxion Daily LMT Bull 2X ETF"
LMTS,"Direxion Daily LMT Bear 1X ETF"
LNC$D,"Lincoln National Corporation Depositary Shares Each Representing a 1/1,000th Interest in a Share of 9.000% Non"
LND,"Brasilagro Brazilian Agric Real Estate Co Sponsored ADR (Brazil)"
LNG,"Cheniere Energy, Inc. Common Stock"
LNKB,"LINKBANCORP, Inc. - Common Stock"
LNKS,"Linkers Industries Limited - Class A Ordinary Shares"
LNN,"Lindsay Corporation Common Stock"
LNSR,"LENSAR, Inc. - Common Stock"
LNZA,"LanzaTech Global, Inc. - Common Stock"
LNZAW,"LanzaTech Global, Inc. - Warrant"
LOAN,"Manhattan Bridge Capital, Inc - Common Stock"
LOB,"Live Oak Bancshares, Inc. Common Stock"
LOB$A,"Live Oak Bancshares, Inc. Depositary Shares, Each Representing a 1/40th Interest in a Share of 8.375% Fixed Rate Series A Non"
LOBO,"LOBO EV TECHNOLOGIES LTD. - Ordinary shares"
LOCL,"Local Bounti Corporation Common Stock"
LOCO,"El Pollo Loco Holdings, Inc. - Common Stock"
LOGI,"Logitech International S.A. - Registered Shares"
LOGO,"Alpha Brands Consumption Leaders ETF"
LOKV,"Live Oak Acquisition Corp. V - Class A Ordinary Shares"
LOKVU,"Live Oak Acquisition Corp. V - Units"
LOKVW,"Live Oak Acquisition Corp. V - Warrants"
LOMA,"Loma Negra Compania Industrial Argentina Sociedad Anonima ADS"
LOOP,"Loop Industries, Inc. - Common Stock"
LOPE,"Grand Canyon Education, Inc. - Common Stock"
LOT,"Lotus Technology Inc. - American Depositary Shares"
LOTWW,"Lotus Technology Inc. - Warrants"
LOVE,"The Lovesac Company - Common Stock"
LPAA,"Launch One Acquisition Corp. - Class A Ordinary Shares"
LPAAU,"Launch One Acquisition Corp. - Unit"
LPAAW,"Launch One Acquisition Corp. - Warrant"
LPBB,"Launch Two Acquisition Corp. - Class A Ordinary Shares"
LPBBU,"Launch Two Acquisition Corp. - Unit"
LPBBW,"Launch Two Acquisition Corp. - Warrant"
LPCN,"Lipocine Inc. - Common Stock"
LPG,"Dorian LPG Ltd. Common Stock"
LPL,"LG Display Co, Ltd AMERICAN DEPOSITORY SHARES"
LPLA,"LPL Financial Holdings Inc. - Common Stock"
LPRO,"Open Lending Corporation - Common Stock"
LPSN,"LivePerson, Inc. - Common Stock"
LPTH,"LightPath Technologies, Inc. - Class A Common Stock"
LPTX,"Leap Therapeutics, Inc. - Common Stock"
LPX,"Louisiana"
LQDA,"Liquidia Corporation - Common Stock"
LQDT,"Liquidity Services, Inc. - Common Stock"
LRE,"Lead Real Estate Co., Ltd - American Depositary Shares"
LRGE,"ClearBridge Large Cap Growth Select ETF"
LRHC,"La Rosa Holdings Corp. - Common Stock"
LRMR,"Larimar Therapeutics, Inc. - Common Stock"
LRN,"Stride, Inc. Common Stock"
LRND,"NYLI U.S. Large Cap R&D Leaders ETF"
LSAK,"Lesaka Technologies, Inc. - Common Stock"
LSB,"LakeShore Biopharma Co., Ltd - Ordinary Shares"
LSBK,"Lake Shore Bancorp, Inc. - Common Stock"
LSBPW,"LakeShore Biopharma Co., Ltd - Warrants"
LSE,"Leishen Energy Holding Co., Ltd. - Ordinary Shares"
LSH,"Lakeside Holding Limited - Common Stock"
LSPD,"Lightspeed Commerce Inc. Subordinate Voting Shares"
LSTA,"Lisata Therapeutics, Inc. - Common Stock"
LTBR,"Lightbridge Corporation - Common Stock"
LTC,"LTC Properties, Inc. Common Stock"
LTH,"Life Time Group Holdings, Inc. Common Stock"
LTM,"LATAM Airlines Group S.A. American Depositary Shares (each representing two thousand (2,000) shares of Common Stock)"
LTRN,"Lantern Pharma Inc. - Common Stock"
LTRX,"Lantronix, Inc. - Common Stock"
LTRYW,"Lottery.com, Inc. - Warrant"
LUCD,"Lucid Diagnostics Inc. - Common Stock"
LUCK,"Lucky Strike Entertainment Corporation Class A Common Stock"
LUCY,"Innovative Eyewear, Inc. - Common Stock"
LUCYW,"Innovative Eyewear, Inc. - Warrants"
LUNG,"Pulmonx Corporation - Common Stock"
LUXE,"LuxExperience B.V. American Depositary Shares, each representing one Ordinary Share"
LVHD,"Franklin U.S. Low Volatility High Dividend Index ETF"
LVLU,"Lulu's Fashion Lounge Holdings, Inc. - Common Stock"
LVO,"LiveOne, Inc. - Common Stock"
LVRO,"Lavoro Limited - Class A Ordinary Shares"
LVROW,"Lavoro Limited - Warrant"
LVTX,"LAVA Therapeutics N.V. - Ordinary Shares"
LVWR,"LiveWire Group, Inc. Common Stock"
LVWR.W,"LiveWire Group, Inc. Warrants, each exercisable for one share of Common Stock at an exercise price of $11.50 per share"
LWAC,"LightWave Acquisition Corp. - Class A Ordinary Shares"
LWACU,"LightWave Acquisition Corp. - Units"
LWACW,"LightWave Acquisition Corp. - Warrants"
LWAY,"Lifeway Foods, Inc. - Common Stock"
LWLG,"Lightwave Logic, Inc. - Common Stock"
LX,"LexinFintech Holdings Ltd. - American Depositary Shares"
LXEH,"Lixiang Education Holding Co., Ltd. - American Depositary Shares"
LXEO,"Lexeo Therapeutics, Inc. - Common Stock"
LXFR,"Luxfer Holdings PLC Ordinary Shares"
LXP$C,"LXP Industrial Trust 6.5% Series C Cumulative Convertible Preferred Stock"
LXRX,"Lexicon Pharmaceuticals, Inc. - Common Stock"
LXU,"LSB Industries, Inc. Common Stock"
LYEL,"Lyell Immunopharma, Inc. - Common Stock"
LYG,"Lloyds Banking Group Plc American Depositary Shares"
LYRA,"Lyra Therapeutics, Inc. - Common Stock"
LYTS,"LSI Industries Inc. - Common Stock"
LZ,"LegalZoom.com, Inc. - Common Stock"
LZB,"La"
LZM,"Lifezone Metals Limited Ordinary Shares"
LZM.W,"Lifezone Metals Limited Warrants"
LZMH,"LZ Technology Holdings Limited - Class B Ordinary Shares"
MAA$I,"Mid"
MAAS,"Maase Inc. - Class A Ordinary Shares"
MACI,"Melar Acquisition Corp. I - Class A Ordinary Shares"
MACIU,"Melar Acquisition Corp. I - Unit"
MACIW,"Melar Acquisition Corp. I - Warrant"
MAGH,"Magnitude International Ltd - Ordinary Shares"
MAGN,"Magnera Corporation Common Stock"
MAMA,"Mama's Creations, Inc. - Common Stock"
MAMK,"MaxsMaking Inc. - Class A Ordinary Shares"
MAMO,"Massimo Group - Common Stock"
MAN,"ManpowerGroup Common Stock"
MANH,"Manhattan Associates, Inc. - Common Stock"
MAPS,"WM Technology, Inc. - Class A Common Stock"
MAPSW,"WM Technology, Inc. - Warrants"
MARPS,"Marine Petroleum Trust - Units of Beneficial Interest"
MASK,"3 E Network Technology Group Ltd - Class A Ordinary Shares"
MASS,"908 Devices Inc. - Common Stock"
MAT,"Mattel, Inc. - Common Stock"
MATH,"Metalpha Technology Holding Limited - Ordinary Shares"
MATV,"Mativ Holdings, Inc. Common Stock"
MATW,"Matthews International Corporation - Class A Common Stock"
MAX,"MediaAlpha, Inc. Class A Common Stock"
MAXI,"Simplify Bitcoin Strategy PLUS Income ETF"
MAXN,"Maxeon Solar Technologies, Ltd. - Ordinary Shares"
MAYA,"Maywood Acquisition Corp. - Class A Ordinary Shares"
MAYAR,"Maywood Acquisition Corp. - Right"
MAYAU,"Maywood Acquisition Corp. - Unit"
MAYS,"J. W. Mays, Inc. - Common Stock"
MAZE,"Maze Therapeutics, Inc. - Common Stock"
MB,"MasterBeef Group - Ordinary Shares"
MBAV,"M3-Brigade Acquisition V Corp. - Class A Ordinary shares"
MBAVU,"M3-Brigade Acquisition V Corp. - Units"
MBAVW,"M3-Brigade Acquisition V Corp. - Warrant"
MBB,"iShares MBS ETF"
MBBC,"Marathon Bancorp, Inc. - Common Stock"
MBC,"MasterBrand, Inc. Common Stock"
MBCN,"Middlefield Banc Corp. - Common Stock"
MBI,"MBIA Inc. Common Stock"
MBIN,"Merchants Bancorp - Common Stock"
MBINL,"Merchants Bancorp - Depositary Shares, Each Representing a 1/40th Interest in a Share of 7.625% Fixed Rate Series E Non-Cumulative Perpetual Preferred Stock, without par value"
MBINM,"Merchants Bancorp - Depositary Shares, Each Representing a 1/40th Interest in a Share of 8.25% Fixed-Rate Reset Series D Non-Cumulative Perpetual Preferred Stock"
MBINN,"Merchants Bancorp - Depositary Shares 6.00% Fixed Rate Series C Non-Cumulative Perpetual Preferred Stock"
MBIO,"Mustang Bio, Inc. - Common Stock"
MBLY,"Mobileye Global Inc. - Class A Common Stock"
MBNKO,"Medallion Bank - Fixed-Rate Reset Non-Cumulative Perpetual Preferred Stock, Series G, par value $1.00 per share"
MBOT,"Microbot Medical Inc.  - Common Stock"
MBRX,"Moleculin Biotech, Inc. - Common Stock"
MBS,"Angel Oak Mortgage-Backed Securities ETF"
MBUU,"Malibu Boats, Inc. - Common Stock"
MBVIU,"M3-Brigade Acquisition VI Corp. - Units"
MBWM,"Mercantile Bank Corporation - Common Stock"
MBX,"MBX Biosciences, Inc. - Common Stock"
MCB,"Metropolitan Bank Holding Corp. Common Stock"
MCBS,"MetroCity Bankshares, Inc. - Common Stock"
MCDS,"JPMorgan Fundamental Data Science Mid Core ETF"
MCFT,"MasterCraft Boat Holdings, Inc. - Common Stock"
MCHI,"iShares MSCI China ETF"
MCHPP,"Microchip Technology Incorporated - Depositary Shares Each Representing a 1/20th Interest in a Share of 7.50% Series A Mandatory Convertible Preferred Stock"
MCHS,"Matthews China Discovery Active ETF"
MCHX,"Marchex, Inc. - Class B Common Stock"
MCI,"Barings Corporate Investors Common Stock"
MCN,"XAI Madison Equity Premium Income Fund Common Shares"
MCR,"MFS Charter Income Trust Common Stock"
MCRB,"Seres Therapeutics, Inc. - Common Stock"
MCRI,"Monarch Casino & Resort, Inc. - Common Stock"
MCS,"Marcus Corporation (The) Common Stock"
MCSE,"Franklin Sustainable International Equity ETF"
MCTR,"CTRL Group Limited - ordinary shares"
MCW,"Mister Car Wash, Inc. - Common Stock"
MD,"Pediatrix Medical Group, Inc. Common Stock"
MDAI,"Spectral AI, Inc. - Class A Common Stock"
MDAIW,"Spectral AI, Inc. - Warrants"
MDB,"MongoDB, Inc. - Class A Common Stock"
MDBH,"MDB Capital Holdings, LLC - Class A common"
MDCX,"Medicus Pharma Ltd. - Common Stock"
MDCXW,"Medicus Pharma Ltd. - Warrant"
MDIA,"Mediaco Holding Inc. - Class A Common Stock"
MDIV,"Multi-Asset Diversified Income Index Fund"
MDRR,"Medalist Diversified REIT, Inc. - Common Stock"
MDST,"Ultimus Managers Trust Westwood Salient Enhanced Midstream Income ETF"
MDV,"Modiv Industrial, Inc. Class C Common Stock"
MDV$A,"Modiv Industrial, Inc. 7.375% Series A Cumulative Redeemable Perpetual Preferred Stock"
MDWD,"MediWound Ltd. - Ordinary Shares"
MDXG,"MiMedx Group, Inc - Common Stock"
MDXH,"MDxHealth SA - Ordinary Shares"
MEC,"Mayville Engineering Company, Inc. Common Stock"
MED,"MEDIFAST INC Common Stock"
MEDP,"Medpace Holdings, Inc. - Common Stock"
MEDX,"Horizon Kinetics Medical ETF"
MEG,"Montrose Environmental Group, Inc. Common Stock"
MEGI,"NYLI CBRE Global Infrastructure Megatrends Term Fund Common Shares"
MEGL,"Magic Empire Global Limited - Class A Ordinary Shares"
MEI,"Methode Electronics, Inc. Common Stock"
MEIP,"MEI Pharma, Inc. - Common Stock"
MELI,"MercadoLibre, Inc. - Common Stock"
MEMS,"Matthews Emerging Markets Discovery Active ETF"
MENS,"Jyong Biotech Ltd. - Ordinary shares"
MER$K,"Bank of America Corporation Income Capital Obligation Notes initially due December 15, 2066"
MERC,"Mercer International Inc. - Common Stock"
MESA,"Mesa Air Group, Inc. - Common Stock"
MET$A,"MetLife, Inc. Preferred Series A Floating Rate"
MET$E,"MetLife, Inc. Depositary Shares"
MET$F,"MetLife, Inc. Depositary Shares, each representing a 1/1,000th interest in a share of 4.75% Non"
METCI,"Ramaco Resources, Inc. - 8.250% Senior Notes due 2030"
METCZ,"Ramaco Resources, Inc. - 8.375% Senior Notes due 2029"
METD,"Direxion Daily META Bear 1X Shares"
METU,"Direxion Daily META Bull 2X Shares"
MFA,"MFA Financial, Inc."
MFA$B,"MFA Financial, Inc. Preferred Series B"
MFA$C,"MFA Financial, Inc. 6.50% Series C Fixed"
MFAN,"MFA Financial, Inc. 8.875% Senior Notes due 2029"
MFAO,"MFA Financial, Inc. 9.000% Senior Notes due 2029"
MFC,"Manulife Financial Corporation Common Stock"
MFG,"Mizuho Financial Group, Inc. Sponosred ADR (Japan)"
MFH,"Mercurity Fintech Holding Inc. - American Ordinary Shares"
MFI,"mF International Limited - Class A Ordinary Shares"
MFIC,"MidCap Financial Investment Corporation - Closed End Fund"
MFICL,"MidCap Financial Investment Corporation - 8.00% Notes due 2028"
MFIN,"Medallion Financial Corp. - Common Stock"
MFLX,"First Trust Flexible Municipal High Income ETF"
MFM,"MFS Municipal Income Trust Common Stock"
MFSB,"MFS Active Exchange Traded Funds Trust MFS Active Core Plus Bond ETF"
MFSG,"MFS Active Exchange Traded Funds Trust MFS Active Growth ETF"
MFSI,"MFS Active Exchange Traded Funds Trust MFS Active International ETF"
MFSM,"MFS Active Exchange Traded Funds Trust MFS Active Intermediate Muni Bond ETF"
MFSV,"MFS Active Exchange Traded Funds Trust MFS Active Value ETF"
MG,"Mistras Group Inc Common Stock"
MGA,"Magna International, Inc. Common Stock"
MGF,"MFS Government Markets Income Trust Common Stock"
MGIC,"Magic Software Enterprises Ltd. - Ordinary Shares"
MGIH,"Millennium Group International Holdings Limited - Ordinary Shares"
MGNX,"MacroGenics, Inc. - Common Stock"
MGPI,"MGP Ingredients, Inc. - Common Stock"
MGR,"Affiliated Managers Group, Inc. 5.875% Junior Subordinated Notes due 2059"
MGRB,"Affiliated Managers Group, Inc. 4.750% Junior Subordinated Notes due 2060"
MGRD,"Affiliated Managers Group, Inc. 4.200% Junior Subordinated Notes due 2061"
MGRE,"Affiliated Managers Group, Inc. 6.750% Junior Subordinated Notes due 2064"
MGRM,"Monogram Technologies Inc. - Common Stock"
MGRT,"Mega Fortune Company Limited - Ordinary Shares"
MGRX,"Mangoceuticals, Inc. - Common Stock"
MGTX,"MeiraGTx Holdings plc - Ordinary Shares"
MGX,"Metagenomi, Inc. - Common Stock"
MGYR,"Magyar Bancorp, Inc. - Common Stock"
MHD,"Blackrock MuniHoldings Fund, Inc. Common Stock"
MHF,"Western Asset Municipal High Income Fund, Inc. Common Stock"
MHLA,"Maiden Holdings, Ltd. 6.625% Notes due 2046"
MHN,"Blackrock MuniHoldings New York Quality Fund, Inc. Common Stock"
MHNC,"Maiden Holdings North America, Ltd. 7.75% Notes due 2043"
MHUA,"Meihua International Medical Technologies Co., Ltd. - Ordinary Shares"
MIGI,"Mawson Infrastructure Group Inc. - Common Stock"
MILN,"Global X Millennial Consumer ETF"
MIMI,"Mint Incorporation Limited - Class A Ordinary Shares"
MIN,"MFS Intermediate Income Trust Common Stock"
MIND,"MIND Technology, Inc. - Common Stock"
MIR,"Mirion Technologies, Inc. Class A Common Stock"
MIRA,"MIRA Pharmaceuticals, Inc. - Common Stock"
MIST,"Milestone Pharmaceuticals Inc. - Common Shares"
MITK,"Mitek Systems, Inc. - Common Stock"
MITN,"AG Mortgage Investment Trust, Inc. 9.500% Senior Notes due 2029"
MITP,"AG Mortgage Investment Trust, Inc. 9.500% Senior Notes due 2029"
MITT,"AG Mortgage Investment Trust, Inc. Common Stock"
MITT$A,"AG Mortgage Investment Trust, Inc. 8.25% Preferred Series A"
MITT$B,"AG Mortgage Investment Trust, Inc. Preferred Series B"
MITT$C,"AG Mortgage Investment Trust, Inc. 8.00% Series C Fixed"
MIY,"Blackrock MuniYield Michigan Quality Fund, Inc. Common Stock"
MJID,"Majestic Ideal Holdings Ltd - Ordinary Shares"
MKAM,"MKAM ETF"
MKC.V,"McCormick & Company, Incorporated Common Stock"
MKDW,"MKDWELL Tech Inc. - Ordinary Shares"
MKDWW,"MKDWELL Tech Inc. - Warrants"
MKL,"Markel Group Inc. Common Stock"
MKLYU,"McKinley Acquisition Corporation - Units"
MKTW,"MarketWise, Inc. - Class A Common Stock"
MKZR,"MacKenzie Realty Capital, Inc. - Common Stock"
MLAB,"Mesa Laboratories, Inc. - Common Stock"
MLAC,"Mountain Lake Acquisition Corp. - Class A Ordinary Shares"
MLACR,"Mountain Lake Acquisition Corp. - Right"
MLACU,"Mountain Lake Acquisition Corp. - Units"
MLEC,"Moolec Science SA - Ordinary shares"
MLECW,"Moolec Science SA - Warrant"
MLGO,"MicroAlgo, Inc. - Ordinary Shares"
MLI,"Mueller Industries, Inc. Common Stock"
MLKN,"MillerKnoll, Inc. - Common Stock"
MLNK,"MeridianLink, Inc. Common Stock"
MLP,"Maui Land & Pineapple Company, Inc. Common Stock"
MLR,"Miller Industries, Inc. Common Stock"
MLTX,"MoonLake Immunotherapeutics - Class A Ordinary Shares"
MMD,"NYLI MacKay DefinedTerm Muni Opportunities Fund Common Shares"
MMI,"Marcus & Millichap, Inc. Common Stock"
MMID,"MFS Active Exchange Traded Funds Trust MFS Active Mid Cap ETF"
MMKT,"Texas Capital Funds Trust Texas Capital Government Money Market ETF"
MMLP,"Martin Midstream Partners L.P. - Common Units Representing Limited Partnership Interests"
MMT,"MFS Multimarket Income Trust Common Stock"
MMU,"Western Asset Managed Municipals Fund, Inc. Common Stock"
MNDO,"MIND C.T.I. Ltd. - Ordinary Shares"
MNDR,"Mobile-health Network Solutions - Class A Ordinary Shares"
MNKD,"MannKind Corporation - Common Stock"
MNMD,"Mind Medicine (MindMed) Inc. - Common Shares"
MNOV,"MediciNova, Inc. - Common Stock"
MNPR,"Monopar Therapeutics Inc. - Common Stock"
MNR,"Mach Natural Resources LP Common Units representing Limited Partner Interests"
MNRO,"Monro, Inc.  - Common Stock"
MNSB,"MainStreet Bancshares, Inc. - Common Stock"
MNSBP,"MainStreet Bancshares, Inc. - Depositary Shares"
MNTK,"Montauk Renewables, Inc. - Common Stock"
MNTN,"MNTN, Inc. Class A Common Stock"
MNTS,"Momentus Inc. - Class A Common Stock"
MNTSW,"Momentus Inc. - Warrant"
MNY,"MoneyHero Limited - Class A Ordinary Shares"
MNYWW,"MoneyHero Limited - Warrants"
MOB,"Mobilicom Limited - American Depositary Shares"
MOBBW,"Mobilicom Limited - Warrants"
MOBX,"Mobix Labs, Inc. - Class A Common Stock"
MOBXW,"Mobix Labs, Inc. - Warrants"
MODD,"Modular Medical, Inc. - common stock"
MODG,"Topgolf Callaway Brands Corp. Common Stock"
MODL,"VictoryShares WestEnd U.S. Sector ETF"
MOFG,"MidWestOne Financial Group, Inc. - Common Stock"
MOGO,"Mogo Inc. - Common Shares"
MOGU,"MOGU Inc. American Depositary Shares (each  representing 25 Class A Ordinary Shares)"
MOLN,"Molecular Partners AG - American Depositary Shares"
MOMO,"Hello Group Inc.  - American Depositary Shares"
MOOD,"Relative Sentiment Tactical Allocation ETF"
MOV,"Movado Group Inc. Common Stock"
MOVE,"Movano Inc. - Common Stock"
MP,"MP Materials Corp. Common Stock"
MPA,"Blackrock MuniYield Pennsylvania Quality Fund Common Stock"
MPAA,"Motorcar Parts of America, Inc. - Common Stock"
MPB,"Mid Penn Bancorp - Common Stock"
MPLX,"MPLX LP Common Units Representing Limited Partner Interests"
MPV,"Barings Participation Investors Common Stock"
MPX,"Marine Products Corporation Common Stock"
MQQQ,"Tradr 2X Long Innovation 100 Monthly ETF"
MQT,"Blackrock MuniYield Quality Fund II, Inc. Common Stock"
MQY,"Blackrock MuniYield Quality Fund, Inc. Common Stock"
MRAL,"GraniteShares 2x Long MARA Daily ETF"
MRAM,"Everspin Technologies, Inc. - Common Stock"
MRBK,"Meridian Corporation - Common Stock"
MRC,"MRC Global Inc. Common Stock"
MRCC,"Monroe Capital Corporation - Closed End Fund"
MREO,"Mereo BioPharma Group plc - American Depositary Shares"
MRKR,"Marker Therapeutics, Inc. - Common Stock"
MRM,"MEDIROM Healthcare Technologies Inc. - American Depositary Share"
MRNO,"Murano Global Investments PLC - Ordinary Shares"
MRNOW,"Murano Global Investments PLC - Warrants"
MRSN,"Mersana Therapeutics, Inc. - Common Stock"
MRTN,"Marten Transport, Ltd. - Common Stock"
MRVI,"Maravai LifeSciences Holdings, Inc. - Class A common stock"
MRVL,"Marvell Technology, Inc. - Common Stock"
MS$A,"Morgan Stanley Dep Shs repstg 1/1000 Pfd Ser A"
MS$E,"Morgan Stanley DEPOSITARY SHARES REP 1/1000TH SHARES FIXED/FLTG PREFERRED STOCK SERIES E"
MS$F,"Morgan Stanley Dep Shs Rpstg 1/1000th Int Prd Ser F Fxd to Flag"
MS$I,"Morgan Stanley Depository Shares Representing 1/1000th Preferred Series 1 Fixed to Floating Non (Cum)"
MS$K,"Morgan Stanley Depositary Shares, each representing 1/1,000th of a share of Fixed"
MS$L,"Morgan Stanley Depositary Shares, each representing 1/1,000th of a share of 4.875% Non"
MS$O,"Morgan Stanley Depositary Shares, each representing 1/1,000th of a share of 4.250% Non"
MS$P,"Morgan Stanley Depositary Shares, each representing 1/1,000th of a share of 6.500% Non"
MS$Q,"Morgan Stanley Depositary Shares, each representing 1/1,000th of a share of 6.625% Non"
MSAI,"MultiSensor AI Holdings, Inc. - Common Stock"
MSAIW,"MultiSensor AI Holdings, Inc. - Warrants"
MSB,"Mesabi Trust Common Stock"
MSBI,"Midland States Bancorp, Inc. - Common Stock"
MSBIP,"Midland States Bancorp, Inc. - Depositary Shares Each Representing a 1/40th Interest in a Share of 7.750% Fixed-Rate Reset Non-Cumulative Perpetual Preferred Stock, Series A"
MSC,"Studio City International Holdings Limited American depositary shares, each representing four  Class A ordinary shares"
MSD,"Morgan Stanley Emerging Markets Debt Fund, Inc. Common Stock"
MSDD,"GraniteShares 2x Short MSTR Daily ETF"
MSDL,"Morgan Stanley Direct Lending Fund Common Stock"
MSEX,"Middlesex Water Company - Common Stock"
MSFD,"Direxion Daily MSFT Bear 1X Shares"
MSFL,"GraniteShares 2x Long MSFT Daily ETF"
MSFU,"Direxion Daily MSFT Bull 2X Shares"
MSGE,"Madison Square Garden Entertainment Corp. Class A Common Stock"
MSGM,"Motorsport Games Inc. - Class A Common Stock"
MSGY,"Masonglory Limited - Ordinary Shares"
MSIF,"MSC Income Fund, Inc. Common Stock"
MSPR,"MSP Recovery, Inc. - Class A Common Stock"
MSPRW,"MSP Recovery, Inc. - Warrant"
MSPRZ,"MSP Recovery, Inc. - Warrant"
MSS,"Maison Solutions Inc. - Class A Common Stock"
MST,"Defiance Leveraged Long Income MSTR ETF"
MSTP,"GraniteShares 2x Long MSTR Daily ETF"
MSTR,"Strategy Inc - Class A Common Stock"
MSTX,"Defiance Daily Target 2x Long MSTR ETF"
MSW,"Ming Shing Group Holdings Limited - Ordinary Shares"
MT,"Arcelor Mittal NY Registry Shares NEW"
MTAL,"MAC Copper Limited Ordinary Shares"
MTB$H,"M&T Bank Corporation Perpetual Fixed"
MTB$J,"M&T Bank Corporation Depositary Shares each representing a 1/400th ownership interest in a share of Perpetual 7.500% Non"
MTC,"MMTec, Inc. - Common Shares"
MTEK,"Maris-Tech Ltd. - ordinary shares"
MTEKW,"Maris-Tech Ltd. - Warrants"
MTEN,"Mingteng International Corporation Inc. - Ordinary Shares"
MTEX,"Mannatech, Incorporated - Common Stock"
MTG,"MGIC Investment Corporation Common Stock"
MTLS,"Materialise NV - American Depositary Shares"
MTR,"Mesa Royalty Trust Common Stock"
MTRX,"Matrix Service Company - Common Stock"
MTSR,"Metsera, Inc. - Common Stock"
MTUS,"Metallus Inc. Common Shares"
MTVA,"MetaVia Inc.  - Common Stock"
MTW,"Manitowoc Company, Inc. (The) Common Stock"
MTX,"Minerals Technologies Inc. Common Stock"
MTZ,"MasTec, Inc. Common Stock"
MUA,"Blackrock MuniAssets Fund, Inc Common Stock"
MUC,"Blackrock MuniHoldings California Quality Fund, Inc.  Common Stock"
MUD,"Direxion Daily MU Bear 1X Shares"
MUE,"Blackrock MuniHoldings Quality Fund II, Inc. Common Stock"
MUFG,"Mitsubishi UFJ Financial Group, Inc. Common Stock"
MUJ,"Blackrock MuniHoldings New Jersey Quality Fund, Inc. Common Stock"
MULL,"GraniteShares 2x Long MU Daily ETF"
MULT,"Franklin Multisector Income ETF"
MURA,"Mural Oncology plc - Ordinary Shares"
MUSE,"TCW Multisector Credit Income ETF"
MUU,"Direxion Daily MU Bull 2X Shares"
MUX,"McEwen Inc. Common Stock"
MVBF,"MVB Financial Corp. - Common Stock"
MVF,"Blackrock MuniVest Fund, Inc. Common Stock"
MVIS,"MicroVision, Inc. - Common Stock"
MVLL,"GraniteShares 2x Long MRVL Daily ETF"
MVO,"MV Oil Trust Units of Beneficial Interests"
MVST,"Microvast Holdings, Inc. - Common Stock"
MVSTW,"Microvast Holdings, Inc. - Warrant"
MVT,"Blackrock MuniVest Fund II, Inc.  Common Stock"
MWYN,"Marwynn Holdings, Inc. - Common stock"
MX,"Magnachip Semiconductor Corporation Common Stock"
MXCT,"MaxCyte, Inc. - Common Stock"
MXE,"Mexico Equity and Income Fund, Inc. (The) Common Stock"
MXF,"Mexico Fund, Inc. (The) Common Stock"
MXL,"MaxLinear, Inc - Common Stock"
MYCF,"SPDR SSGA My2026 Corporate Bond ETF"
MYCG,"SPDR SSGA My2027 Corporate Bond ETF"
MYCH,"SPDR SSGA My2028 Corporate Bond ETF"
MYCI,"SPDR SSGA My2029 Corporate Bond ETF"
MYCJ,"SPDR SSGA My2030 Corporate Bond ETF"
MYCK,"SPDR SSGA My2031 Corporate Bond ETF"
MYCL,"SPDR SSGA My2032 Corporate Bond ETF"
MYCM,"SPDR SSGA My2033 Corporate Bond ETF"
MYCN,"SPDR SSGA My2034 Corporate Bond ETF"
MYD,"Blackrock MuniYield Fund, Inc.  Common Stock"
MYE,"Myers Industries, Inc. Common Stock"
MYFW,"First Western Financial, Inc. - Common Stock"
MYGN,"Myriad Genetics, Inc. - Common Stock"
MYI,"Blackrock MuniYield Quality Fund III, Inc Common Stock"
MYMF,"SPDR SSGA My2026 Municipal Bond ETF"
MYMG,"SPDR SSGA My2027 Municipal Bond ETF"
MYMH,"SPDR SSGA My2028 Municipal Bond ETF"
MYMI,"SPDR SSGA My2029 Municipal Bond ETF"
MYMJ,"SPDR SSGA My2030 Municipal Bond ETF"
MYN,"Blackrock MuniYield New York Quality Fund, Inc.Common Stock"
MYNZ,"Mainz Biomed N.V. - Ordinary Shares"
MYPS,"PLAYSTUDIOS, Inc.  - Class A Common Stock"
MYPSW,"PLAYSTUDIOS, Inc.  - Warrant"
MYSE,"Myseum, Inc. - Common Stock"
MYSEW,"Myseum, Inc. - Series A Warrant"
MYSZ,"My Size, Inc. - Common Stock"
NA,"Nano Labs Ltd - Class A Ordinary Shares"
NAAS,"NaaS Technology Inc. - American Depositary Shares"
NABL,"N"
NAC,"Nuveen California Quality Municipal Income Fund"
NAD,"Nuveen Quality Municipal Income Fund Common Stock"
NAGE,"Niagen Bioscience, Inc. - Common Stock"
NAII,"Natural Alternatives International, Inc. - Common Stock"
NAKA,"Kindly MD, Inc. - Common Stock"
NAMI,"Jinxin Technology Holding Company - American Depositary Shares"
NAMM,"Namib Minerals - Ordinary Shares"
NAMMW,"Namib Minerals - Warrants"
NAMSW,"NewAmsterdam Pharma Company N.V. - Warrant"
NAN,"Nuveen New York Quality Municipal Income Fund Common Stock"
NAOV,"NanoVibronix, Inc. - Common Stock"
NAT,"Nordic American Tankers Limited Common Stock"
NATH,"Nathan's Famous, Inc. - Common Stock"
NATO,"Themes Transatlantic Defense ETF"
NATR,"Nature's Sunshine Products, Inc. - Common Stock"
NAUT,"Nautilus Biotechnology, Inc. - Common Stock"
NAVI,"Navient Corporation - Common Stock"
NAZ,"Nuveen Arizona Quality Municipal Income Fund Common Stock"
NB,"NioCorp Developments Ltd. - Common Stock"
NBB,"Nuveen Taxable Municipal Income Fund Common Shares of Beneficial Interest"
NBBK,"NB Bancorp, Inc. - Common Stock"
NBHC,"National Bank Holdings Corporation Common Stock"
NBIS,"Nebius Group N.V. - Class A Ordinary Shares"
NBIX,"Neurocrine Biosciences, Inc. - Common Stock"
NBN,"Northeast Bank - Common Stock"
NBR,"Nabors Industries Ltd."
NBTX,"Nanobiotix S.A. - ADSs"
NBXG,"Neuberger Berman Next Generation Connectivity Fund Inc. Common Stock"
NC,"NACCO Industries, Inc. Common Stock"
NCA,"Nuveen California Municipal Value Fund"
NCDL,"Nuveen Churchill Direct Lending Corp. Common Stock"
NCEW,"New Century Logistics (BVI) Limited - Ordinary Shares"
NCI,"Neo-Concept International Group Holdings Limited - Class A Ordinary Shares"
NCIQ,"Hashdex Nasdaq Crypto Index US ETF - Hashdex Nasdaq Crypto Index US ETF"
NCMI,"National CineMedia, Inc. - Common Stock"
NCNA,"NuCana plc - American Depositary Shares"
NCPB,"Nuveen Core Plus Bond ETF"
NCPL,"Netcapital Inc. - Common Stock"
NCPLW,"Netcapital Inc. - warrants"
NCRA,"Nocera, Inc. - common stock"
NCSM,"NCS Multistage Holdings, Inc. - Common Stock"
NCT,"Intercont (Cayman) Limited - Ordinary shares"
NCTY,"The9 Limited - American Depository Shares"
NCV,"Virtus Convertible & Income Fund Common Shares of Beneficial Interest"
NCV$A,"Virtus Convertible & Income Fund 5.625% Series A Cumulative Preferred Shares"
NCZ,"Virtus Convertible & Income Fund II Common Shares of Beneficial Interest"
NCZ$A,"Virtus Convertible & Income Fund II 5.50% Series A Cumulative Preferred Shares"
NDAA,"Ned Davis Research 360 Dynamic Allocation ETF"
NDLS,"Noodles & Company - Common Stock"
NDMO,"Nuveen Dynamic Municipal Opportunities Fund Common Shares of Beneficial Interest"
NDRA,"ENDRA Life Sciences Inc. - Common Stock"
NE.A,"Noble Corporation plc Tranche 2 Warrants"
NE.W,"Noble Corporation plc Tranche 1 Warrants"
NEA,"Nuveen AMT"
NECB,"NorthEast Community Bancorp, Inc. - Common Stock"
NEE$N,"NextEra Energy, Inc. Series N Junior Subordinated Debentures due March 1, 2079"
NEE$S,"NextEra Energy, Inc. 7.299% Corporate Units"
NEE$T,"NextEra Energy, Inc. 7.234% Corporate Units"
NEE$U,"NextEra Energy, Inc. Series U Junior Subordinated Debentures due June 1, 2085"
NEGG,"Newegg Commerce, Inc. - Common Shares"
NEO,"NeoGenomics, Inc. - Common Stock"
NEOG,"Neogen Corporation - Common Stock"
NEON,"Neonode Inc. - Common Stock"
NEOV,"NeoVolta Inc. - Common Stock"
NEOVW,"NeoVolta Inc. - Warrant"
NEPH,"Nephros, Inc. - Common Stock"
NERD,"Roundhill Video Games ETF"
NERV,"Minerva Neurosciences, Inc - Common Stock"
NESR,"National Energy Services Reunited Corp - Ordinary Shares"
NET,"Cloudflare, Inc. Class A Common Stock"
NETD,"Nabors Energy Transition Corp. II - Class A Ordinary Shares"
NETDU,"Nabors Energy Transition Corp. II - Unit"
NETDW,"Nabors Energy Transition Corp. II - Warrant"
NEUE,"NeueHealth, Inc. Common Stock"
NEUP,"Neuphoria Therapeutics Inc. - Common Stock"
NEWT,"NewtekOne, Inc. - Common Stock"
NEWTG,"NewtekOne, Inc. - 8.50% Fixed Rate Senior Notes due 2029"
NEWTH,"NewtekOne, Inc. - 8.625% Fixed Rate Senior Notes due 2029"
NEWTI,"NewtekOne, Inc. - 8.00% Fixed Rate Senior Notes due 2028"
NEWTP,"NewtekOne, Inc. - Depositary Shares, Each Representing a 1/40th Interest in a Share of 8.500% Fixed Rate Reset Non-Cumulative Perpetual Preferred Stock, Series B"
NEWTZ,"NewtekOne, Inc. - 5.50% Notes Due 2026"
NEWZ,"StockSnips AI-Powered Sentiment US All Cap ETF"
NEXA,"Nexa Resources S.A. Common Shares"
NEXM,"NexMetals Mining Corp. - Common Stock"
NEXN,"Nexxen International Ltd. - Ordinary Shares"
NEXT,"NextDecade Corporation - Common Stock"
NFBK,"Northfield Bancorp, Inc. - Common Stock"
NFE,"New Fortress Energy Inc. - Class A Common Stock"
NFJ,"Virtus Dividend, Interest & Premium Strategy Fund Common Shares of Beneficial Interest"
NFTY,"First Trust India Nifty 50 Equal Weight ETF"
NFXL,"Direxion Daily NFLX Bull 2X Shares"
NFXS,"Direxion Daily NFLX Bear 1X Shares"
NGG,"National Grid Transco, PLC National Grid PLC (NEW) American Depositary Shares"
NGL,"NGL ENERGY PARTNERS LP Common Units representing Limited Partner Interests"
NGL$B,"NGL ENERGY PARTNERS LP 9.00% Class B Fixed"
NGL$C,"NGL ENERGY PARTNERS LP 9.625% Class C Fixed"
NGNE,"Neurogene Inc. - Common Stock"
NGS,"Natural Gas Services Group, Inc. Common Stock"
NGVC,"Natural Grocers by Vitamin Cottage, Inc. Common Stock"
NGVT,"Ingevity Corporation Common Stock"
NHIC,"NewHold Investment Corp III - Class A Ordinary shares"
NHICU,"NewHold Investment Corp III - Units"
NHICW,"NewHold Investment Corp III - Warrants"
NHPAP,"National Healthcare Properties, Inc. - 7.375% Series A Cumulative Redeemable Perpetual Preferred Stock"
NHPBP,"National Healthcare Properties, Inc. - 7.125% Series B Cumulative Redeemable Perpetual Preferred Stock"
NHTC,"Natural Health Trends Corp. - Commn Stock"
NIC,"Nicolet Bankshares Inc. Common Stock"
NIE,"Virtus Equity & Convertible Income Fund Common Shares of Beneficial Interest"
NIKL,"Sprott Nickel Miners ETF"
NIM,"Nuveen Select Maturities Municipal Fund Common Stock"
NINE,"Nine Energy Service, Inc. Common Stock"
NIO,"NIO Inc. American depositary shares, each  representing one Class A ordinary share"
NIOBW,"NioCorp Developments Ltd. - Warrant"
NIPG,"NIP Group Inc. - American Depositary Shares"
NISN,"NiSun Intl Enterprise Development Group Co, Ltd - Class A Common Shares"
NITO,"N2OFF, Inc. - Common Stock"
NIU,"Niu Technologies - American Depositary Shares"
NIVF,"NewGenIvf Group Limited - Class A Ordinary Shares"
NIVFW,"NewGenIvf Group Limited - Warrants"
NIXT,"Research Affiliates Deletions ETF"
NIXX,"Nixxy, Inc. - Common Stock"
NIXXW,"Nixxy, Inc. - Warrant"
NKSH,"National Bankshares, Inc. - Common Stock"
NKTR,"Nektar Therapeutics - Common Stock"
NKTX,"Nkarta, Inc. - Common Stock"
NKX,"Nuveen California AMT"
NL,"NL Industries, Inc. Common Stock"
NLOP,"Net Lease Office Properties Common Shares of Beneficial Interest"
NLSP,"NLS Pharmaceutics Ltd. - Common Shares"
NLSPW,"NLS Pharmaceutics Ltd. - Warrant"
NLY,"Annaly Capital Management Inc. Common Stock"
NLY$F,"Annaly Capital Management Inc 6.95% Series F"
NLY$G,"Annaly Capital Management Inc 6.50% Series G Fixed"
NLY$I,"Annaly Capital Management Inc 6.750% Series I Fixed"
NLY$J,"Annaly Capital Management Inc. 8.875% Series J Fixed"
NMAI,"Nuveen Multi"
NMAX,"Newsmax, Inc. Class B Common Stock"
NMCO,"Nuveen Municipal Credit Opportunities Fund Common Shares"
NMFC,"New Mountain Finance Corporation - Common Stock"
NMFCZ,"New Mountain Finance Corporation - 8.250% Notes due 2028"
NMG,"Nouveau Monde Graphite Inc. Common Shares"
NMI,"Nuveen Municipal Income Fund, Inc. Common Stock"
NMM,"Navios Maritime Partners LP Common Units Representing Limited Partner Interests"
NMPAU,"NMP Acquisition Corp. - Units"
NMR,"Nomura Holdings Inc ADR American Depositary Shares"
NMRA,"Neumora Therapeutics, Inc. - Common Stock"
NMS,"Nuveen Minnesota Quality Municipal Income Fund"
NMT,"Nuveen Massachusetts Quality Municipal Income Fund Common Stock"
NMTC,"NeuroOne Medical Technologies Corporation - Common Stock"
NMZ,"Nuveen Municipal High Income Opportunity Fund Common Stock, $0.01 par value, per share"
NN,"NextNav Inc. - Common stock"
NNAVW,"NextNav Inc. - Warrant"
NNBR,"NN, Inc. - Common Stock"
NNDM,"Nano Dimension Ltd. - American Depositary Shares"
NNE,"Nano Nuclear Energy Inc. - common stock"
NNNN,"Anbio Biotechnology - Class A Ordinary Shares"
NNOX,"NANO-X IMAGING LTD - Ordinary Shares"
NNY,"Nuveen New York Municipal Value Fund Common Stock"
NOA,"North American Construction Group Ltd. Common Shares (no par)"
NOAH,"Noah Holdings Limited American Depositary Shares"
NODK,"NI Holdings, Inc. - Common Stock"
NOEM,"CO2 Energy Transition Corp. - Common Stock"
NOEMR,"CO2 Energy Transition Corp. - Right"
NOEMU,"CO2 Energy Transition Corp. - Unit"
NOEMW,"CO2 Energy Transition Corp. - Warrant"
NOK,"Nokia Corporation Sponsored American Depositary Shares"
NOM,"Nuveen Missouri Quality Municipal Income Fund"
NOMD,"Nomad Foods Limited Ordinary Shares"
NOTE,"FiscalNote Holdings, Inc. Class A common stock"
NOTE.W,"FiscalNote Holdings, Inc. Warrants to purchase one share of Class A common stock, each at an exercise price of $11.50 per share"
NOTV,"Inotiv, Inc. - Common Stock"
NOWL,"GraniteShares 2x Long NOW Daily ETF"
NPAC,"New Providence Acquisition Corp. III - Ordinary Shares"
NPACU,"New Providence Acquisition Corp. III - Units"
NPACW,"New Providence Acquisition Corp. III - Warrants"
NPB,"Northpointe Bancshares, Inc. Common Stock"
NPCE,"Neuropace, Inc. - Common Stock"
NPCT,"Nuveen Core Plus Impact Fund Common Shares of Beneficial Interest"
NPFD,"Nuveen Variable Rate Preferred & Income Fund Common Shares"
NPFI,"Nuveen Preferred and Income ETF"
NPK,"National Presto Industries, Inc. Common Stock"
NPKI,"NPK International Inc. Common Stock"
NPV,"Nuveen Virginia Quality Municipal Income Fund Common Stock"
NPWR,"NET Power Inc. Class A Common Stock"
NPWR.W,"NET Power Inc. Redeemable warrants, each whole warrant exercisable for one share of Class A Common Stock at an exercise price of $11.50"
NQP,"Nuveen Pennsylvania Quality Municipal Income Fund Common Stock"
NRC,"National Research Corporation - Common Stock"
NRDS,"NerdWallet, Inc. - Class A Common Stock"
NRDY,"Nerdy Inc. Class A Common Stock"
NREF,"NexPoint Real Estate Finance, Inc. Common Stock"
NREF$A,"NexPoint Real Estate Finance, Inc. 8.50% Series A Cumulative Redeemable Preferred Stock"
NRES,"Xtrackers RREEF Global Natural Resources ETF"
NRGV,"Energy Vault Holdings, Inc. Common Stock"
NRIM,"Northrim BanCorp Inc - Common Stock"
NRIX,"Nurix Therapeutics, Inc. - Common stock"
NRK,"Nuveen New York AMT"
NRP,"Natural Resource Partners LP Limited Partnership"
NRSN,"NeuroSense Therapeutics Ltd. - Ordinary Shares"
NRSNW,"NeuroSense Therapeutics Ltd. - Warrant"
NRT,"North European Oil Royality Trust Common Stock"
NRUC,"National Rural Utilities Cooperative Finance Corporation 5.500% Subordinated Notes due 2064 (Subordinated Deferrable Interest Notes)"
NRXP,"NRX Pharmaceuticals, Inc. - Common Stock"
NRXPW,"NRX Pharmaceuticals, Inc. - Warrant"
NSA$A,"National Storage Affiliates Trust 6.000% Series A Cumulative Redeemable Preferred Shares of Beneficial Interest (Liquidation Preference $25.00 per share)"
NSA$B,"National Storage Affiliates Trust 6.000% Series B Cumulative Redeemable Preferred Shares of Beneficial Interest"
NSCR,"Nuveen Sustainable Core ETF"
NSI,"National Security Emerging Markets Index ETF"
NSP,"Insperity, Inc. Common Stock"
NSPR,"InspireMD Inc. - Common Stock"
NSSC,"NAPCO Security Technologies, Inc. - Common Stock"
NSTS,"NSTS Bancorp, Inc. - Common Stock"
NSYS,"Nortech Systems Incorporated - Common Stock"
NTB,"Bank of N.T. Butterfield & Son Limited (The) Voting Ordinary Shares"
NTCL,"NETCLASS TECHNOLOGY INC - Class A Ordinary Shares"
NTCT,"NetScout Systems, Inc. - Common Stock"
NTES,"NetEase, Inc. - American Depositary Shares, each representing 5 ordinary shares"
NTGR,"NETGEAR, Inc. - Common Stock"
NTHI,"NeOnc Technologies Holdings, Inc. - Common Stock"
NTIC,"Northern Technologies International Corporation - Common Stock"
NTNX,"Nutanix, Inc. - Class A Common Stock"
NTR,"Nutrien Ltd. Common Shares"
NTRA,"Natera, Inc. - Common Stock"
NTRB,"Nutriband Inc. - Common Stock"
NTRBW,"Nutriband Inc. - Warrant"
NTRP,"NextTrip, Inc. - Common Stock"
NTRSO,"Northern Trust Corporation - Depositary Shares Each Representing a 1/1,000th Interest in a Share of Series E Non-Cumulative Perpetual Preferred Stock"
NTST,"NetSTREIT Corp. Common Stock"
NTWK,"NETSOL Technologies Inc. - Common Stock"
NTWO,"Newbury Street II Acquisition Corp - Class A Ordinary Shares"
NTWOU,"Newbury Street II Acquisition Corp - Unit"
NTWOW,"Newbury Street II Acquisition Corp - Warrant"
NTZ,"Natuzzi, S.p.A."
NU,"Nu Holdings Ltd. Class A Ordinary Shares"
NUAI,"New Era Energy & Digital, Inc. - Common Stock"
NUAIW,"New Era Energy & Digital, Inc. - Warrants"
NUKK,"Nukkleus Inc. - Ordinary Shares"
NUKKW,"Nukkleus Inc. - Warrants"
NUS,"Nu Skin Enterprises, Inc. Common Stock"
NUSB,"Nuveen Ultra Short Income ETF"
NUTR,"Nusatrip Incorporated - Common Stock"
NUTX,"Nutex Health Inc. - Common Stock"
NUV,"Nuveen Municipal Value Fund, Inc. Common Stock"
NUVB,"Nuvation Bio Inc. Class A Common Stock"
NUVB.W,"Nuvation Bio Inc. Warrants"
NUW,"Nuveen AMT"
NUWE,"Nuwellis, Inc. - Common Stock"
NVA,"Nova Minerals Limited - American Depositary Shares"
NVAWW,"Nova Minerals Limited - Warrant"
NVAX,"Novavax, Inc. - Common Stock"
NVCR,"NovoCure Limited - Ordinary Shares"
NVCT,"Nuvectis Pharma, Inc. - Common Stock"
NVD,"GraniteShares 2x Short NVDA Daily ETF"
NVDD,"Direxion Daily NVDA Bear 1X Shares"
NVDG,"Leverage Shares 2X Long NVDA Daily ETF"
NVDL,"GraniteShares 2x Long NVDA Daily ETF"
NVDS,"Tradr 1.5X Short NVDA Daily ETF"
NVDU,"Direxion Daily NVDA Bull 2X Shares"
NVEC,"NVE Corporation - Common Stock"
NVFY,"Nova Lifestyle, Inc - Common Stock"
NVG,"Nuveen AMT"
NVGS,"Navigator Holdings Ltd. Ordinary Shares (Marshall Islands)"
NVNI,"Nvni Group Limited - Ordinary Shares"
NVNIW,"Nvni Group Limited - Warrants"
NVNO,"enVVeno Medical Corporation - Common Stock"
NVO,"Novo Nordisk A/S Common Stock"
NVRI,"Enviri Corporation Common Stock"
NVS,"Novartis AG Common Stock"
NVT,"nVent Electric plc Ordinary Shares"
NVTS,"Navitas Semiconductor Corporation - Common Stock"
NVVE,"Nuvve Holding Corp. - Common Stock"
NVVEW,"Nuvve Holding Corp. - Warrant"
NVX,"NOVONIX Limited - American Depository Shares"
NVYY,"GraniteShares YieldBOOST NVDA ETF"
NWBI,"Northwest Bancshares, Inc. - Common Stock"
NWFL,"Norwood Financial Corp. - Common Stock"
NWG,"NatWest Group plc American Depositary Shares, (each representing two (2) Ordinary Shares)"
NWGL,"Nature Wood Group Limited - American Depositary Shares"
NWN,"Northwest Natural Holding Company Common Stock"
NWPX,"NWPX Infrastructure, Inc. - Common Stock"
NWTG,"Newton Golf Company, Inc. - Common Stock"
NX,"Quanex Building Products Corporation Common Stock"
NXC,"Nuveen California Select Tax"
NXDR,"Nextdoor Holdings, Inc. Class A Common Stock"
NXDT,"NexPoint Diversified Real Estate Trust Common Stock"
NXDT$A,"NexPoint Diversified Real Estate Trust 5.50% Series A Cumulative Preferred Shares ($25.00 liquidation preference per share)"
NXG,"NXG NextGen Infrastructure Income Fund Common Shares of Beneficial Interest"
NXGL,"NexGel, Inc - Common Stock"
NXGLW,"NexGel, Inc - Warrant"
NXJ,"Nuveen New Jersey Qualified Municipal Fund"
NXL,"Nexalin Technology, Inc. - Common Stock"
NXLIW,"Nexalin Technology, Inc. - Warrant"
NXN,"Nuveen New York Select Tax"
NXP,"Nuveen Select Tax Free Income Portfolio Common Stock"
NXPL,"NextPlat Corp - Common Stock"
NXPLW,"NextPlat Corp - Warrants"
NXRT,"NexPoint Residential Trust, Inc. Common Stock"
NXST,"Nexstar Media Group, Inc. - Common Stock"
NXT,"Nextracker Inc. - Class A Common Stock"
NXTC,"NextCure, Inc. - Common Stock"
NXTG,"First Trust Indxx NextG ETF"
NXTT,"Next Technology Holding Inc. - Ordinary Shares"
NXXT,"NextNRG, Inc. - Common Stock"
NYAX,"Nayax Ltd. - Ordinary Shares"
NYC,"American Strategic Investment Co. Class A Common Stock"
NYMT,"New York Mortgage Trust, Inc. - Common Stock"
NYMTG,"New York Mortgage Trust, Inc. - 9.125% Senior Notes Due 2030"
NYMTH,"New York Mortgage Trust, Inc. - 9.875% Senior Notes Due 2030"
NYMTI,"New York Mortgage Trust, Inc. - 9.125% Senior Notes Due 2029"
NYMTL,"New York Mortgage Trust, Inc. - 6.875% Series F Fixed-to-Floating Rate Cumulative Redeemable Preferred Stock, $0.01 par value per share"
NYMTM,"New York Mortgage Trust, Inc. - 7.875% Series E Fixed-to-Floating Rate Cumulative Redeemable Preferred Stock"
NYMTN,"New York Mortgage Trust, Inc. - 8.00% Series D Fixed-to-Floating Rate Cumulative Redeemable Preferred Stock"
NYMTZ,"New York Mortgage Trust, Inc. - 7.000% Series G Cumulative Redeemable Preferred Stock, $0.01 par value per share"
NYXH,"Nyxoah SA - Ordinary Shares"
NZAC,"SPDR MSCI ACWI Climate Paris Aligned ETF"
NZF,"Nuveen Municipal Credit Income Fund"
NZUS,"SPDR MSCI USA Climate Paris Aligned ETF"
OABI,"OmniAb, Inc. - Common Stock"
OABIW,"OmniAb, Inc. - Warrant"
OACC,"Oaktree Acquisition Corp. III Life Sciences - Class A Ordinary Share"
OACCU,"Oaktree Acquisition Corp. III Life Sciences - Unit"
OACCW,"Oaktree Acquisition Corp. III Life Sciences - Warrant"
OAK$A,"Brookfield Oaktree Holdings, LLC 6.625% Series A Preferred Units"
OAK$B,"Brookfield Oaktree Holdings, LLC 6.550% Series B Preferred Units"
OAKU,"Oak Woods Acquisition Corporation - Class A Ordinary Shares"
OAKUR,"Oak Woods Acquisition Corporation - Right"
OAKUU,"Oak Woods Acquisition Corporation - Unit"
OAKUW,"Oak Woods Acquisition Corporation - Warrant"
OBA,"Oxley Bridge Acquisition Limited - Class A Ordinary Shares"
OBAWU,"Oxley Bridge Acquisition Limited - Unit"
OBAWW,"Oxley Bridge Acquisition Limited - Warrants"
OBDC,"Blue Owl Capital Corporation Common Stock"
OBIL,"US Treasury 12 Month Bill ETF"
OBIO,"Orchestra BioMed Holdings, Inc. - Ordinary Shares"
OBK,"Origin Bancorp, Inc. Common Stock"
OBLG,"Oblong Inc. - Common Stock"
OBT,"Orange County Bancorp, Inc. - Common Stock"
OC,"Owens Corning Inc Common Stock New"
OCC,"Optical Cable Corporation - Common Stock"
OCCI,"OFS Credit Company, Inc. - Closed End Fund"
OCCIM,"OFS Credit Company, Inc. - 7.875% Series F Term Preferred Stock"
OCCIN,"OFS Credit Company, Inc. - 5.25% Series E Term Preferred Stock Due 2026"
OCCIO,"OFS Credit Company, Inc. - 6.125% Series C Term Preferred Stock"
OCFC,"OceanFirst Financial Corp. - Common Stock"
OCFT,"OneConnect Financial Technology Co., Ltd. American Depositary Shares, each representing thirty ordinary shares"
OCG,"Oriental Culture Holding LTD - Ordinary Shares"
OCGN,"Ocugen, Inc. - Common Stock"
OCS,"Oculis Holding AG - Ordinary shares"
OCSAW,"Oculis Holding AG - Warrants"
OCSL,"Oaktree Specialty Lending Corporation - Closed End Fund"
OCTO,"Eightco Holdings Inc. - Common Stock"
ODC,"Oil"
ODDS,"Pacer BlueStar Digital Entertainment ETF"
ODP,"The ODP Corporation - Common Stock"
ODV,"Osisko Development Corp. Common Shares"
ODVWZ,"Osisko Development Corp. - Warrant"
ODYS,"Odysight.ai Inc. - Common Stock"
OEC,"Orion S.A. Common Shares"
OESX,"Orion Energy Systems, Inc. - Common Stock"
OFAL,"OFA Group - Ordinary shares"
OFG,"OFG Bancorp Common Stock"
OFIX,"Orthofix Medical Inc.  - Common Stock"
OFLX,"Omega Flex, Inc. - Common Stock"
OFS,"OFS Capital Corporation - Closed End Fund"
OFSSH,"OFS Capital Corporation - 4.95% Notes due 2028"
OFSSO,"OFS Capital Corporation - 7.50% Notes due 2028"
OGI,"Organigram Global Inc. - Common Shares"
OHI,"Omega Healthcare Investors, Inc. Common Stock"
OI,"O"
OIA,"Invesco Municipal Income Opportunities Trust Common Stock"
OIS,"Oil States International, Inc. Common Stock"
OKLL,"Defiance Daily Target 2x Long OKLO ETF"
OKLO,"Oklo Inc. Class A common stock"
OKTA,"Okta, Inc. - Class A Common Stock"
OKUR,"OnKure Therapeutics, Inc. - Class A Common Stock"
OKYO,"OKYO Pharma Limited - Ordinary Shares"
OLB,"The OLB Group, Inc. - Common Stock"
OLMA,"Olema Pharmaceuticals, Inc. - Common Stock"
OLP,"One Liberty Properties, Inc. Common Stock"
OLPX,"Olaplex Holdings, Inc. - Common Stock"
OM,"Outset Medical, Inc. - Common Stock"
OMCC,"Old Market Capital Corporation - Common Stock"
OMCL,"Omnicell, Inc. - Common Stock"
OMDA,"Omada Health, Inc. - Common Stock"
OMER,"Omeros Corporation - Common Stock"
OMEX,"Odyssey Marine Exploration, Inc. - Common Stock"
OMF,"OneMain Holdings, Inc. Common Stock"
OMH,"Ohmyhome Limited - Class A Ordinary Shares"
OMI,"Owens & Minor, Inc. Common Stock"
OMSE,"OMS Energy Technologies Inc. - Ordinary Shares"
ONBPO,"Old National Bancorp - Depositary Shares, Each Representing a 1/40th Interest in a Share of Series C Preferred Stock"
ONBPP,"Old National Bancorp - Depositary Shares, Each Representing a 1/40th Interest in a Share of Series A Preferred Stock"
ONC,"BeOne Medicines Ltd. - American Depositary Shares"
ONCHU,"1RT Acquisition Corp. - Units"
ONCO,"Onconetix, Inc.  - Common Stock"
ONCY,"Oncolytics Biotech Inc. - Common Shares"
ONEG,"OneConstruction Group Limited - Ordinary Shares"
ONEQ,"Fidelity Nasdaq Composite Index ETF"
ONEW,"OneWater Marine Inc. - Class A Common Stock"
ONFO,"Onfolio Holdings Inc. - Common Stock"
ONFOW,"Onfolio Holdings Inc. - Warrant"
ONIT,"Onity Group Inc. Common Stock"
ONL,"Orion Properties Inc. Common Stock"
ONMD,"OneMedNet Corp - Class A Common Stock"
ONMDW,"OneMedNet Corp - Warrant"
ONON,"On Holding AG Class A Ordinary Shares"
ONTF,"ON24, Inc. Common Stock"
ONTO,"Onto Innovation Inc. Common Stock"
OOMA,"Ooma, Inc. Common Stock"
OOQB,"One One Nasdaq-100 and Bitcoin ETF"
OOSB,"One One S&P 500 and Bitcoin ETF"
OP,"OceanPal Inc. - Common Stock"
OPAD,"Offerpad Solutions Inc. Class A Common Stock"
OPAL,"OPAL Fuels Inc. - Class A Common Stock"
OPBK,"OP Bancorp - Common Stock"
OPEN,"Opendoor Technologies Inc  - Common Stock"
OPFI,"OppFi Inc. Class A Common Stock"
OPFI.W,"OppFi Inc. Warrants"
OPI,"Office Properties Income Trust - Common Shares of Beneficial Interest"
OPINL,"Office Properties Income Trust - 6.375% Senior Notes due 2050"
OPK,"Opko Health, Inc. - Common Stock"
OPOF,"Old Point Financial Corporation - Common Stock"
OPP,"RiverNorth/DoubleLine Strategic Opportunity Fund, Inc. Common Stock"
OPP$A,"RiverNorth/DoubleLine Strategic Opportunity Fund, Inc. 4.375% Series A Cumulative Preferred Stock"
OPP$B,"RiverNorth/DoubleLine Strategic Opportunity Fund, Inc. 4.75% Series B Cumulative Preferred Stock"
OPPJ,"WisdomTree Japan Opportunities Fund"
OPRA,"Opera Limited - American Depositary Shares"
OPRT,"Oportun Financial Corporation - common stock"
OPRX,"OptimizeRx Corporation - Common Stock"
OPT,"Opthea Limited - American Depositary Shares"
OPTX,"Syntec Optics Holdings, Inc. - Class A Common Stock"
OPTXW,"Syntec Optics Holdings, Inc. - Warrant"
OPTZ,"Optimize Strategy Index ETF"
OPXS,"Optex Systems Holdings, Inc. - Common Stock"
OPY,"Oppenheimer Holdings, Inc. Class A Common Stock (DE)"
ORC,"Orchid Island Capital, Inc. Common Stock"
ORCX,"Defiance Daily Target 2X Long ORCL ETF"
ORGN,"Origin Materials, Inc. - Class A Common Stock"
ORGNW,"Origin Materials, Inc. - Warrant"
ORGO,"Organogenesis Holdings Inc.  - Class A"
ORI,"Old Republic International Corporation Common Stock"
ORIC,"Oric Pharmaceuticals, Inc. - Common Stock"
ORIQU,"Origin Investment Corp I - Units"
ORIS,"Oriental Rise Holdings Limited - Ordinary Shares"
ORKA,"Oruka Therapeutics, Inc. - Common Stock"
ORKT,"Orangekloud Technology Inc. - Class A Ordinary Shares"
ORMP,"Oramed Pharmaceuticals Inc. - Common Stock"
ORN,"Orion Group Holdings, Inc. Common"
ORR,"Militia Long/Short Equity ETF"
ORRF,"Orrstown Financial Services, Inc. - Common Stock"
OSBC,"Old Second Bancorp, Inc. - Common Stock"
OSPN,"OneSpan Inc. - Common Stock"
OSRH,"OSR Holdings, Inc. - Common Stock"
OSRHW,"OSR Holdings, Inc. - Warrant"
OSS,"One Stop Systems, Inc. - Common Stock"
OST,"Ostin Technology Group Co., Ltd. - Class A Ordinary Shares"
OSUR,"OraSure Technologies, Inc. - Common Stock"
OTGL,"OTG Latin America ETF"
OTLK,"Outlook Therapeutics, Inc. - Common Stock"
OTLY,"Oatly Group AB - American Depositary Shares"
OUST,"Ouster, Inc. - Common Stock"
OUSTW,"Ouster, Inc. - Warrants"
OUSTZ,"Ouster, Inc. - Warrants"
OVBC,"Ohio Valley Banc Corp. - Common Stock"
OVID,"Ovid Therapeutics Inc. - Common Stock"
OVLY,"Oak Valley Bancorp (CA) - Common Stock"
OWL,"Blue Owl Capital Inc. Class A Common Stock"
OWLT,"Owlet, Inc. Class A Common Stock"
OXBR,"Oxbridge Re Holdings Limited - Ordinary Shares"
OXBRW,"Oxbridge Re Holdings Limited - Warrant"
OXLC,"Oxford Lane Capital Corp. - Closed End Fund"
OXLCG,"Oxford Lane Capital Corp. - 7.95% Notes due 2032"
OXLCI,"Oxford Lane Capital Corp. - 8.75% Notes due 2030"
OXLCL,"Oxford Lane Capital Corp. - 6.75% Notes due 2031"
OXLCN,"Oxford Lane Capital Corp. - 7.125% Series 2029 Term Preferred Stock"
OXLCO,"Oxford Lane Capital Corp. - Preferred Stock Shares, 6.00% Series 2029"
OXLCP,"Oxford Lane Capital Corp. - 6.25% Series 2027 Term Preferred Shares"
OXLCZ,"Oxford Lane Capital Corp. - 5.00% Notes due 2027"
OXM,"Oxford Industries, Inc. Common Stock"
OXSQ,"Oxford Square Capital Corp. - Closed End Fund"
OXSQG,"Oxford Square Capital Corp. - 5.50% Notes due 2028"
OXSQH,"Oxford Square Capital Corp. - 7.75% Notes due 2030"
OXSQZ,"Oxford Square Capital Corp. - 6.25% Notes due 2026"
OXY.W,"Occidental Petroleum Corporation Warrants"
OYSE,"Oyster Enterprises II Acquisition Corp - Class A Ordinary Shares"
OYSER,"Oyster Enterprises II Acquisition Corp - Rights"
OYSEU,"Oyster Enterprises II Acquisition Corp - Units"
OZEM,"Roundhill GLP-1 & Weight Loss ETF"
OZK,"Bank OZK - Common Stock"
OZKAP,"Bank OZK - 4.625% Series A Non-Cumulative Perpetual Preferred Stock"
PAA,"Plains All American Pipeline, L.P. - Common Units representing Limited Partner Interests"
PAAS,"Pan American Silver Corp. Common Stock"
PABD,"iShares Paris-Aligned Climate Optimized MSCI World ex USA ETF"
PABU,"iShares Paris-Aligned Climate Optimized MSCI USA ETF"
PAC,"Grupo Aeroportuario Del Pacifico, S.A. B. de C.V. Grupo Aeroportuario Del Pacifico, S.A. de C.V. (each representing 10 Series B shares)"
PACB,"Pacific Biosciences of California, Inc. - Common Stock"
PACH,"Pioneer Acquisition I Corp - Class A Ordinary Shares"
PACHU,"Pioneer Acquisition I Corp - Units"
PACHW,"Pioneer Acquisition I Corp - Warrants"
PACK,"Ranpak Holdings Corp Class A Common Stock"
PACS,"PACS Group, Inc. Common Stock"
PAG,"Penske Automotive Group, Inc. Common Stock"
PAHC,"Phibro Animal Health Corporation - Class A Common Stock"
PAI,"Western Asset Investment Grade Income Fund Inc."
PAII,"Pyrophyte Acquisition Corp. II Class A Ordinary Shares"
PAII.U,"Pyrophyte Acquisition Corp. II Units, each consisting of one Class A ordinary share and one"
PAII.W,"Pyrophyte Acquisition Corp. II Warrants, each whole warrant exercisable for one Class A Ordinary Share at an exercise price of $11.50 per share"
PAL,"Proficient Auto Logistics, Inc. - Common Stock"
PALD,"Direxion Daily PANW Bear 1X Shares"
PALI,"Palisade Bio, Inc. - Common Stock"
PALU,"Direxion Daily PANW Bull 2X Shares"
PAMT,"PAMT CORP - Common Stock"
PANG,"Leverage Shares 2X Long PANW Daily ETF"
PANL,"Pangaea Logistics Solutions Ltd. - Common Stock"
PAR,"PAR Technology Corporation Common Stock"
PARR,"Par Pacific Holdings, Inc.  Common Stock"
PASG,"Passage Bio, Inc. - Common Stock"
PATN,"Pacer Nasdaq International Patent Leaders ETF"
PAVM,"PAVmed Inc. - Common Stock"
PAVS,"Paranovus Entertainment Technology Ltd. - Class A Ordinary Shares"
PAXS,"PIMCO Access Income Fund Common Shares of Beneficial Interest"
PAYS,"Paysign, Inc. - Common Stock"
PB,"Prosperity Bancshares, Inc. Common Stock"
PBA,"Pembina Pipeline Corp. Ordinary Shares (Canada)"
PBBK,"PB Bankshares, Inc. - Common Stock"
PBFS,"Pioneer Bancorp, Inc. - Common Stock"
PBHC,"Pathfinder Bancorp, Inc. - Common Stock"
PBI,"Pitney Bowes Inc. Common Stock"
PBI$B,"Pitney Bowes Inc 6.70% Notes Due 2043"
PBM,"Psyence Biomedical Ltd. - Ordinary Shares"
PBMWW,"Psyence Biomedical Ltd. - Warrant"
PBPB,"Potbelly Corporation - Common Stock"
PBQQ,"PGIM Laddered Nasdaq-100 Buffer 12 ETF"
PBR,"Petroleo Brasileiro S.A. Petrobras ADS"
PBR.A,"Petroleo Brasileiro S.A. Petrobras American Depositary Shares representing Preferred Shares"
PBT,"Permian Basin Royalty Trust Common Stock"
PBYI,"Puma Biotechnology Inc - Common Stock"
PC,"Premium Catering (Holdings) Limited - Ordinary Shares"
PCAP,"ProCap Acquisition Corp - Class A Ordinary Shares"
PCAPU,"ProCap Acquisition Corp - Unit"
PCAPW,"ProCap Acquisition Corp - Warrant"
PCB,"PCB Bancorp - Common Stock"
PCF,"High Income Securities Fund Common Stock"
PCG$X,"PG&E Corp 6.000% Series A Mandatory Convertible Preferred Stock"
PCLA,"PicoCELA Inc. - American Depositary Shares"
PCM,"PCM Fund, Inc. Common Stock"
PCMM,"BondBloxx Private Credit CLO ETF"
PCN,"Pimco Corporate & Income Strategy Fund Common Stock"
PCOR,"Procore Technologies, Inc. Common Stock"
PCQ,"PIMCO California Municipal Income Fund Common Stock"
PCRX,"Pacira BioSciences, Inc. - Common Stock"
PCSA,"Processa Pharmaceuticals, Inc. - Common Stock"
PCSC,"Perceptive Capital Solutions Corp - Class A Ordinary Shares"
PCTTU,"PureCycle Technologies, Inc. - Unit"
PCTTW,"PureCycle Technologies, Inc. - Warrant"
PCVX,"Vaxcyte, Inc. - Common Stock"
PCYO,"Pure Cycle Corporation - Common Stock"
PD,"PagerDuty, Inc. Common Stock"
PDBA,"Invesco Agriculture Commodity Strategy No K-1 ETF"
PDBC,"Invesco Optimum Yield Diversified Commodity Strategy No K-1 ETF"
PDCC,"Pearl Diver Credit Company Inc. Common Stock"
PDD,"PDD Holdings Inc. - American Depositary Shares"
PDDL,"GraniteShares 2x Long PDD Daily ETF"
PDEX,"Pro-Dex, Inc. - Common Stock"
PDFS,"PDF Solutions, Inc. - Common Stock"
PDI,"PIMCO Dynamic Income Fund Common Stock"
PDLB,"Ponce Financial Group, Inc. - Common Stock"
PDM,"Piedmont Realty Trust, Inc. Class A Common Stock"
PDO,"PIMCO Dynamic Income Opportunities Fund Common Shares of Beneficial Interest"
PDP,"Invesco Dorsey Wright Momentum ETF"
PDPA,"Pearl Diver Credit Company Inc. 8.00% Series A Preferred Stock Due 2029"
PDS,"Precision Drilling Corporation Common Stock"
PDSB,"PDS Biotechnology Corporation - Common Stock"
PDT,"John Hancock Premium Dividend Fund"
PDX,"PIMCO Dynamic Income Strategy Fund Common Shares of Beneficial Interest"
PDYN,"Palladyne AI Corp. - Common stock"
PDYNW,"Palladyne AI Corp. - Warrant"
PEB,"Pebblebrook Hotel Trust Common Shares of Beneficial Interest"
PEB$E,"Pebblebrook Hotel Trust 6.375% Series E Cumulative Redeemable Preferred Shares of Beneficial Interest"
PEB$F,"Pebblebrook Hotel Trust 6.3% Series F Cumulative Redeemable Preferred Shares of Beneficial Interest"
PEB$G,"Pebblebrook Hotel Trust 6.375% Series G Cumulative Redeemable Preferred Shares of Beneficial Interest"
PEB$H,"Pebblebrook Hotel Trust 5.700% Series H Cumulative Redeemable Preferred Shares of Beneficial Interest"
PEBK,"Peoples Bancorp of North Carolina, Inc. - Common Stock"
PEBO,"Peoples Bancorp Inc. - Common Stock"
PELI,"Pelican Acquisition Corporation - Ordinary Shares"
PELIR,"Pelican Acquisition Corporation - Right"
PELIU,"Pelican Acquisition Corporation - Unit"
PEN,"Penumbra, Inc. Common Stock"
PENG,"Penguin Solutions, Inc. - Common Stock"
PEO,"Adams Natural Resources Fund, Inc. Common Stock"
PEPG,"PepGen Inc. - Common Stock"
PEPS,"Parametric Equity Plus ETF"
PERF,"Perfect Corp. Class A Ordinary Share"
PERF.W,"Perfect Corp. Warrants, each exercisable for one Class A Ordinary Share at a price of $11.50 per share"
PERI,"Perion Network Ltd - Ordinary Shares"
PESI,"Perma-Fix Environmental Services, Inc. - Common Stock"
PETS,"PetMed Express, Inc. - Common Stock"
PETZ,"TDH Holdings, Inc. - Common Shares"
PEW,"GrabAGun Digital Holdings Inc. Common Stock"
PEW.W,"GrabAGun Digital Holdings Inc. Warrants, each whole warrant exercisable to purchase one share of Common Stock at an exercise price of $11.50 per share"
PEY,"Invesco High Yield Equity Dividend Achievers ETF"
PEZ,"Invesco Dorsey Wright Consumer Cyclicals Momentum ETF"
PFAI,"Pinnacle Food Group Limited - Class A Common Shares"
PFBC,"Preferred Bank - Common Stock"
PFD,"Flaherty & Crumrine Preferred and Income Fund Incorporated"
PFF,"iShares Preferred and Income Securities ETF"
PFGC,"Performance Food Group Company Common Stock"
PFH,"Prudential Financial, Inc. 4.125% Junior Subordinated Notes due 2060"
PFI,"Invesco Dorsey Wright Financial Momentum ETF"
PFIS,"Peoples Financial Services Corp.  - Common Stock"
PFL,"PIMCO Income Strategy Fund Shares of Beneficial Interest"
PFLT,"PennantPark Floating Rate Capital Ltd. Common Stock"
PFM,"Invesco Dividend Achievers ETF"
PFN,"PIMCO Income Strategy Fund II"
PFO,"Flaherty & Crumrine Preferred and Income Opportunity Fund Incorporated"
PFSA,"Profusa, Inc. - Common Stock"
PFSI,"PennyMac Financial Services, Inc. Common Stock"
PFX,"PhenixFIN Corporation  - Common Stock"
PFXNZ,"PhenixFIN Corporation  - 5.25% Notes due 2028"
PGAC,"Pantages Capital Acquisition Corporation - Class A Ordinary Shares"
PGACR,"Pantages Capital Acquisition Corporation - Right"
PGACU,"Pantages Capital Acquisition Corporation - Unit"
PGC,"Peapack-Gladstone Financial Corporation - Common Stock"
PGEN,"Precigen, Inc. - Common Stock"
PGJ,"Invesco Golden Dragon China ETF"
PGNY,"Progyny, Inc. - Common Stock"
PGP,"Pimco Global StocksPlus & Income Fund Common Shares of Beneficial Interest"
PGRE,"Paramount Group, Inc. Common Stock"
PGYWW,"Pagaya Technologies Ltd. - Warrants"
PGZ,"Principal Real Estate Income Fund Common Shares of Beneficial Interest"
PHAR,"Pharming Group N.V. - ADS, each representing 10 ordinary shares"
PHAT,"Phathom Pharmaceuticals, Inc. - Common Stock"
PHD,"Pioneer Floating Rate Fund, Inc."
PHG,"Koninklijke Philips N.V. NY Registry Shares"
PHH,"Park Ha Biological Technology Co., Ltd. - ordinary shares"
PHIO,"Phio Pharmaceuticals Corp. - Common Stock"
PHK,"Pimco High Income Fund"
PHLT,"Performant Healthcare, Inc. - Common Stock"
PHO,"Invesco Water Resources ETF"
PHOE,"Phoenix Asia Holdings Limited - Ordinary Shares"
PHR,"Phreesia, Inc. Common Stock"
PHUN,"Phunware, Inc. - Common Stock"
PHVS,"Pharvaris N.V. - Ordinary Shares"
PI,"Impinj, Inc. - Common Stock"
PID,"Invesco International Dividend Achievers ETF"
PIE,"Invesco Dorsey Wright Emerging Markets Momentum ETF"
PIII,"P3 Health Partners Inc. - Class A Common Stock"
PIIIW,"P3 Health Partners Inc. - Warrant"
PIM,"Putnam Master Intermediate Income Trust Common Stock"
PINE,"Alpine Income Property Trust, Inc. Common Stock"
PINS,"Pinterest, Inc. Class A Common Stock"
PIO,"Invesco Global Water ETF"
PIPR,"Piper Sandler Companies Common Stock"
PIZ,"Invesco Dorsey Wright Developed Markets Momentum ETF"
PKBK,"Parke Bancorp, Inc. - Common Stock"
PKE,"Park Aerospace Corp. Common Stock"
PKOH,"Park-Ohio Holdings Corp. - Common Stock"
PKST,"Peakstone Realty Trust Common Shares"
PKW,"Invesco BuyBack Achievers ETF"
PKX,"POSCO HOLDINGS INC. American Depositary Shares (Each representing 1/4th of a share of Common Stock)"
PL.W,"Planet Labs PBC Redeemable warrants, each whole warrant exercisable for one share of Class A common stock, each at an exercise price of $11.50 per share"
PLAB,"Photronics, Inc. - Common Stock"
PLAY,"Dave & Buster's Entertainment, Inc. - Common Stock"
PLBC,"Plumas Bancorp - Common Stock"
PLBY,"Playboy, Inc. - Common Stock"
PLCE,"Children's Place, Inc. (The) - Common Stock"
PLL,"Piedmont Lithium Inc.   - Common Stock"
PLMK,"Plum Acquisition Corp. IV - Class A Ordinary Shares"
PLMKU,"Plum Acquisition Corp. IV - Unit"
PLMKW,"Plum Acquisition Corp. IV - Warrants"
PLOW,"Douglas Dynamics, Inc. Common Stock"
PLPC,"Preformed Line Products Company - Common Stock"
PLRX,"Pliant Therapeutics, Inc. - Common Stock"
PLRZ,"Polyrizon Ltd. - Ordinary Shares"
PLSE,"Pulse Biosciences, Inc - Common Stock"
PLT,"Defiance Leveraged Long Income PLTR ETF"
PLTD,"Direxion Daily PLTR Bear 1X Shares"
PLTG,"Leverage Shares 2X Long PLTR Daily ETF"
PLTK,"Playtika Holding Corp. - Common Stock"
PLTU,"Direxion Daily PLTR Bull 2X Shares"
PLTZ,"Defiance Daily Target 2x Short PLTR ETF"
PLUR,"Pluri Inc. - Common Stock"
PLUS,"ePlus inc. - Common Stock"
PLUT,"Plutus Financial Group Limited - Ordinary Shares"
PLYM,"Plymouth Industrial REIT, Inc. Common Stock"
PMAX,"Powell Max Limited - Class A Ordinary Shares"
PMBS,"PIMCO Mortgage-Backed Securities Active Exchange-Traded Fund"
PMCB,"PharmaCyte  Biotech, Inc. - Common Stock"
PMEC,"Primech Holdings Ltd. - Ordinary Shares"
PML,"Pimco Municipal Income Fund II Common Shares of Beneficial Interest"
PMM,"Putnam Managed Municipal Income Trust Common Stock"
PMN,"ProMIS Neurosciences Inc. - Common Shares"
PMO,"Putnam Municipal Opportunities Trust Common Stock"
PMT,"PennyMac Mortgage Investment Trust Common Shares of Beneficial Interest"
PMT$A,"PennyMac Mortgage Investment Trust 8.125% Series A Fixed"
PMT$B,"PennyMac Mortgage Investment Trust 8.00% Series B Fixed"
PMT$C,"PennyMac Mortgage Investment Trust 6.75% Series C Cumulative Redeemable Preferred Shares of Beneficial Interest"
PMTR,"Perimeter Acquisition Corp. I - Class A Ordinary Shares"
PMTRU,"Perimeter Acquisition Corp. I - Unit"
PMTRW,"Perimeter Acquisition Corp. I - Warrant"
PMTS,"CPI Card Group Inc. - Common Stock"
PMTU,"PennyMac Mortgage Investment Trust 8.50% Senior Notes due 2028"
PMTV,"PennyMac Mortgage Investment Trust 9.00% Senior Notes due 2030"
PMTW,"PennyMac Mortgage Investment Trust 9.00% Senior Notes due 2030"
PMVP,"PMV Pharmaceuticals, Inc. - Common Stock"
PN,"Skycorp Solar Group Limited - Ordinary Shares"
PNBK,"Patriot National Bancorp Inc. - Common Stock"
PNFPP,"Pinnacle Financial Partners, Inc. - Depositary shares of Pinnacle Financial Partners, Inc., each representing a 1/40th Interest in a share of its 6.75% Fixed-Rate Non-Cumulative Perpetual Preferred Stock, Series B"
PNI,"Pimco New York Municipal Income Fund II Common Shares of Beneficial Interest"
PNNT,"PennantPark Investment Corporation Common Stock"
PNQI,"Invesco Nasdaq Internet ETF"
PNRG,"PrimeEnergy Resources Corporation - Common Stock"
PNTG,"The Pennant Group, Inc. - Common Stock"
POAI,"Predictive Oncology Inc. - Common Stock"
POCI,"Precision Optics Corporation, Inc. - Common stock"
PODC,"PodcastOne, Inc. - Common Stock"
POET,"POET Technologies Inc. - Common Shares"
POLA,"Polar Power, Inc. - Common Stock"
POLE,"Andretti Acquisition Corp. II - Class A Ordinary Shares"
POLEU,"Andretti Acquisition Corp. II - Unit"
POLEW,"Andretti Acquisition Corp. II - Warrant"
POST,"Post Holdings, Inc. Common Stock"
POWI,"Power Integrations, Inc. - Common Stock"
POWW,"Outdoor Holding Company - Common Stock"
POWWP,"Outdoor Holding Company - 8.75% Series A Cumulative Redeemable Perpetual Preferred Stock"
PPBI,"Pacific Premier Bancorp Inc - Common Stock"
PPBT,"Purple Biotech Ltd. - American Depositary Shares"
PPCB,"Propanc Biopharma, Inc. - Common Stock"
PPH,"VanEck Pharmaceutical ETF"
PPI,"Astoria Real Assets ETF"
PPIH,"Perma-Pipe International Holdings, Inc. - Common Stock"
PPSI,"Pioneer Power Solutions, Inc. - Common Stock"
PPT,"Putnam Premier Income Trust Common Stock"
PQAP,"PGIM Nasdaq-100 Buffer 12 ETF - April"
PQJA,"PGIM Nasdaq-100 Buffer 12 ETF - January"
PQJL,"PGIM Nasdaq-100 Buffer 12 ETF - July"
PQOC,"PGIM Nasdaq-100 Buffer 12 ETF - October"
PR,"Permian Resources Corporation Class A Common Stock"
PRA,"ProAssurance Corporation Common Stock"
PRAA,"PRA Group, Inc. - Common Stock"
PRAX,"Praxis Precision Medicines, Inc. - Common Stock"
PRCH,"Porch Group, Inc. - Common Stock"
PRCS,"Parnassus Income Funds Parnassus Core Select ETF"
PRCT,"PROCEPT BioRobotics Corporation - Common Stock"
PRE,"Prenetics Global Limited - Class A Ordinary Share"
PRENW,"Prenetics Global Limited - Warrant"
PRFX,"PainReform Ltd. - Ordinary Shares"
PRFZ,"Invesco RAFI US 1500 Small-Mid ETF"
PRG,"PROG Holdings, Inc. Common Stock"
PRGS,"Progress Software Corporation - Common Stock"
PRH,"Prudential Financial, Inc. 5.950% Junior Subordinated Notes due 2062"
PRIF$D,"Priority Income Fund, Inc. 7.00% Series D Term Preferred Stock due 2029"
PRIF$J,"Priority Income Fund, Inc. 6.000% Series J Term Preferred Stock due 2028"
PRIF$K,"Priority Income Fund, Inc. 7.000% Series K Cumulative Preferred Stock"
PRIF$L,"Priority Income Fund, Inc. 6.375% Series L Term Preferred Stock Due 2029"
PRLB,"Proto Labs, Inc. Common stock"
PRLD,"Prelude Therapeutics Incorporated - Common Stock"
PRME,"Prime Medicine, Inc. - Common Stock"
PRN,"Invesco Dorsey Wright Industrials Momentum ETF"
PRO,"PROS Holdings, Inc. Common Stock"
PROF,"Profound Medical Corp. - common stock"
PROK,"ProKidney Corp. - Class A Ordinary Shares"
PROP,"Prairie Operating Co. - Common Stock"
PROV,"Provident Financial Holdings, Inc. - Common Stock"
PRPH,"ProPhase Labs, Inc. - Common Stock"
PRPL,"Purple Innovation, Inc. - Common Stock"
PRPO,"Precipio, Inc. - Common Stock"
PRQR,"ProQR Therapeutics N.V. - Ordinary Shares"
PRS,"Prudential Financial, Inc. 5.625% Junior Subordinated Notes due 2058"
PRSO,"Peraso Inc. - Common Stock"
PRSU,"Pursuit Attractions and Hospitality, Inc. Common Stock"
PRT,"PermRock Royalty Trust Trust Units"
PRTA,"Prothena Corporation plc - Ordinary Shares"
PRTC,"PureTech Health plc - American Depositary Shares"
PRTG,"Portage Biotech Inc. - Common Stock"
PRTH,"Priority Technology Holdings, Inc. - Common Stock"
PRTS,"CarParts.com, Inc. - Common Stock"
PRVS,"Parnassus Income Funds Parnassus Value Select ETF"
PRZO,"ParaZero Technologies Ltd. - Ordinary Shares"
PSA$F,"Public Storage Depositary Shares Each Representing 1/1,000 of a 5.15% Cumulative Preferred Share of Beneficial Interest, Series F, par value $0.01 per share"
PSA$G,"Public Storage Depositary Shares, Each Representing 1/1,000 of a 5.05% Cumulative Preferred Share of Beneficial Interest, Series G"
PSA$H,"Public Storage Depositary Shares Each Representing 1/1,000 of a  5.60% Cumulative Preferred  Share of Beneficial Interest, Series H"
PSA$I,"Public Storage Depositary Shares Each Representing 1/1,000 of a 4.875% Cumulative Preferred Share of Beneficial Interest, Series I, par value $0.01 per share"
PSA$J,"Public Storage Depositary Shares Each Representing 1/1,000 of a 4.700% Cumulative Preferred Share of Beneficial Interest, Series J, par value $0.01 per share"
PSA$K,"Public Storage Depositary Shares Each Representing 1/1,000 of a 4.75% Cumulative Preferred Share of Beneficial Interest, Series K"
PSA$L,"Public Storage Depositary Shares Each Representing 1/1,000 of a 4.625% Cumulative Preferred Share of Beneficial Interest, Series L, par value $0.01 per share"
PSA$M,"Public Storage Depositary Shares Each Representing 1/1,000 of a 4.125% Cumulative Preferred Share of Beneficial Interest, Series M"
PSA$N,"Public Storage Depositary Shares Each Representing 1/1,000 of a 3.875% Cumulative Preferred Share of Beneficial Interest, Series N"
PSA$O,"Public Storage Depositary Shares Each Representing 1/1,000 of a 3.900% Cumulative Preferred Share of Beneficial Interest, Series O"
PSA$P,"Public Storage Depositary Shares Each Representing 1/1,000 of a 4.000% Cumulative Preferred Share of Bene cial Interest, Series P"
PSA$Q,"Public Storage Depositary Shares Each Representing 1/1,000 of a 3.950% Cumulative Preferred Share of Beneficial Interest, Series Q, par value $0.01 per share"
PSA$R,"Public Storage Depositary Shares Each Representing 1/1,000 of a 4.00% Cumulative Preferred Share of Bene cial Interest, Series R"
PSA$S,"Public Storage Depositary Shares Each Representing 1/1,000 of a 4.100% Cumulative Preferred Share of Beneficial Interest, Series S"
PSBD,"Palmer Square Capital BDC Inc. Common Stock"
PSC,"Principal U.S. Small-Cap ETF"
PSCC,"Invesco S&P SmallCap Consumer Staples ETF"
PSCD,"Invesco S&P SmallCap Consumer Discretionary ETF"
PSCE,"Invesco S&P SmallCap Energy ETF"
PSCF,"Invesco S&P SmallCap Financials ETF"
PSCH,"Invesco S&P SmallCap Health Care ETF"
PSCI,"Invesco S&P SmallCap Industrials ETF"
PSCM,"Invesco S&P SmallCap Materials ETF"
PSCT,"Invesco S&P SmallCap Information Technology ETF"
PSCU,"Invesco S&P SmallCap Utilities & Communication Services ETF"
PSEC,"Prospect Capital Corporation - Closed End Fund"
PSEC$A,"Prospect Capital Corporation 5.35% Series A Fixed Rate Cumulative Perpetual Preferred Stock"
PSET,"Principal Quality ETF"
PSF,"Cohen & Steers Select Preferred and Income Fund, Inc. Common Stock"
PSFE,"Paysafe Limited Common Shares"
PSFE.W,"Paysafe Limited Warrants, exercisable for one Common Share of Paysafe Limited at a price of $11.50 per share"
PSHG,"Performance Shipping Inc. - Common Shares"
PSIG,"PS International Group Ltd. - Ordinary Shares"
PSIX,"Power Solutions International, Inc. - Common Stock"
PSKY,"Paramount Skydance Corporation - Class B Common Stock"
PSL,"Invesco Dorsey Wright Consumer Staples Momentum ETF"
PSNL,"Personalis, Inc. - Common Stock"
PSNYW,"Polestar Automotive Holding UK Limited - Class C-1 ADS (ADW)"
PSQH,"PSQ Holdings, Inc. Class A Common Stock"
PSQH.W,"PSQ Holdings, Inc. Warrants, each exercisable for one share of Class A common stock at an exercise price of $11.50 per share"
PSTG,"Pure Storage, Inc. Class A Common Stock"
PSTL,"Postal Realty Trust, Inc. Class A Common Stock"
PSTR,"PeakShares Sector Rotation ETF"
PSTV,"PLUS THERAPEUTICS, Inc. - Common Stock"
PSWD,"Xtrackers Cybersecurity Select Equity ETF"
PT,"Pintec Technology Holdings Limited - American Depositary Shares"
PTA,"Cohen & Steers Tax"
PTF,"Invesco Dorsey Wright Technology Momentum ETF"
PTGX,"Protagonist Therapeutics, Inc. - Common Stock"
PTH,"Invesco Dorsey Wright Healthcare Momentum ETF"
PTHL,"Pheton Holdings Ltd - Class A Ordinary Shares"
PTIR,"GraniteShares 2x Long PLTR Daily ETF"
PTIX,"Protagenic Therapeutics, Inc. - Common Stock"
PTIXW,"Protagenic Therapeutics, Inc. - Warrant"
PTLE,"PTL LTD - Class A Ordinary Shares"
PTLO,"Portillo's Inc. - Class A Common Stock"
PTNM,"Pitanium Limited - Class A Ordinary Shares"
PTNQ,"Pacer Trendpilot 100 ETF"
PTY,"Pimco Corporate & Income Opportunity Fund"
PUBM,"PubMatic, Inc. - Class A Common Stock"
PUI,"Invesco Dorsey Wright Utilities Momentum ETF"
PUK,"Prudential Public Limited Company Common Stock"
PULM,"Pulmatrix, Inc. - Common Stock"
PUMP,"ProPetro Holding Corp. Common Stock"
PVBC,"Provident Bancorp, Inc. - Common Stock"
PVL,"Permianville Royalty Trust Trust Units"
PVLA,"Palvella Therapeutics, Inc. - Common Stock"
PWM,"Prestige Wealth Inc. - Class A Ordinary Shares"
PWP,"Perella Weinberg Partners - Class A Common Stock"
PWRD,"TCW Transform Systems ETF"
PX,"P10, Inc. Class A Common Stock"
PXI,"Invesco Dorsey Wright Energy Momentum ETF"
PXLW,"Pixelworks, Inc. - Common Stock"
PXS,"Pyxis Tankers Inc. - Common Stock"
PXSAW,"Pyxis Tankers Inc. - Warrant"
PY,"Principal Value ETF"
PYPD,"PolyPid Ltd. - Ordinary Shares"
PYPG,"Leverage Shares 2X Long PYPL Daily ETF"
PYT,"PPlus Tr GSC"
PYXS,"Pyxis Oncology, Inc. - Common Stock"
PYZ,"Invesco Dorsey Wright Basic Materials Momentum ETF"
PZZA,"Papa John's International, Inc. - Common Stock"
QABA,"First Trust NASDAQ ABA Community Bank Index Fund"
QALT,"SEI DBi Multi-Strategy Alternative ETF"
QAT,"iShares MSCI Qatar ETF"
QB,"ProShares Nasdaq-100 Dynamic Buffer ETF"
QBIG,"Invesco Top QQQ ETF"
QBTS,"D"
QBTS.W,"D"
QBUF,"Innovator Nasdaq-100 10 Buffer ETF Quarterly"
QCLN,"First Trust NASDAQ Clean Edge Green Energy Index Fund"
QCLR,"Global X NASDAQ 100 Collar 95-110 ETF"
QCMD,"Direxion Daily QCOM Bear 1X ETF"
QCML,"GraniteShares 2x Long QCOM Daily ETF"
QCMU,"Direxion Daily QCOM Bull 2X ETF"
QCRH,"QCR Holdings, Inc. - Common Stock"
QD,"Qudian Inc. American Depositary Shares, each representing one Class A Ordinary Share"
QDEL,"QuidelOrtho Corporation - Common Stock"
QDTY,"YieldMax Nasdaq 100 0DTE Covered Call Strategy ETF"
QETA,"Quetta Acquisition Corporation - Common Stock"
QETAR,"Quetta Acquisition Corporation - Right"
QETAU,"Quetta Acquisition Corporation - Unit"
QGEN,"Qiagen N.V. Common Shares"
QGRD,"Horizon Nasdaq-100 Defined Risk ETF"
QH,"Quhuo Limited - American Depository Shares"
QHDG,"Innovator Hedged Nasdaq-100 ETF"
QIPT,"Quipt Home Medical Corp. - Common Shares"
QLGN,"Qualigen Therapeutics, Inc. - Common Stock"
QMCO,"Quantum Corporation - Common Stock"
QMID,"WisdomTree U.S. MidCap Quality Growth Fund"
QMOM,"Alpha Architect U.S. Quantitative Momentum ETF"
QNCX,"Quince Therapeutics, Inc. - Common Stock"
QNRX,"Quoin Pharmaceuticals, Ltd. - American Depositary Shares"
QNST,"QuinStreet, Inc. - Common Stock"
QNTM,"Quantum Biopharma Ltd. - Class B Subordinate Voting Shares"
QNXT,"iShares Nasdaq-100 ex Top 30 ETF"
QOWZ,"Invesco Nasdaq Free Cash Flow Achievers ETF"
QPUX,"Defiance 2X Daily Long Pure Quantum ETF"
QQA,"Invesco QQQ Income Advantage ETF"
QQDN,"ProShares UltraShort Top QQQ"
QQEW,"First Trust NASDAQ-100 Equal Weighted Index Fund"
QQHG,"Invesco QQQ Hedged Advantage ETF"
QQJG,"Invesco ESG NASDAQ Next Gen 100 ETF"
QQLV,"Invesco QQQ Low Volatility ETF"
QQMG,"Invesco ESG NASDAQ 100 ETF"
QQQ,"Invesco QQQ Trust, Series 1"
QQQA,"ProShares Nasdaq-100 Dorsey Wright Momentum ETF"
QQQE,"Direxion NASDAQ-100 Equal Weighted Index Shares"
QQQG,"Pacer Nasdaq 100 Top 50 Cash Cows Growth Leaders ETF"
QQQH,"NEOS Nasdaq-100 Hedged Equity Income ETF"
QQQI,"NEOS Nasdaq 100 High Income ETF"
QQQJ,"Invesco NASDAQ Next Gen 100 ETF"
QQQM,"Invesco NASDAQ 100 ETF"
QQQP,"Tradr 2X Long Innovation 100 Quarterly ETF"
QQQS,"Invesco NASDAQ Future Gen 200 ETF"
QQQT,"Defiance Nasdaq 100 Income Target ETF"
QQQX,"Nuveen NASDAQ 100 Dynamic Overwrite Fund - Closed End Fund"
QQQY,"Defiance Nasdaq 100 Target 30 Income ETF"
QQUP,"ProShares Ultra Top QQQ"
QQWZ,"Pacer Cash COWZ 100-Nasdaq 100 Rotator ETF"
QQXL,"ProShares Ultra QQQ Top 30"
QQXT,"First Trust NASDAQ-100 Ex-Technology Sector Index Fund"
QRHC,"Quest Resource Holding Corporation - Common Stock"
QRMI,"Global X NASDAQ 100 Risk Managed Income ETF"
QSEA,"Quartzsea Acquisition Corporation - Ordinary Shares"
QSEAR,"Quartzsea Acquisition Corporation - Rights"
QSEAU,"Quartzsea Acquisition Corporation - Units"
QSG,"QuantaSing Group Limited - American Depositary Shares"
QSI,"Quantum-Si Incorporated - Class A Common Stock"
QSIAW,"Quantum-Si Incorporated - Warrant"
QSIX,"Pacer Metaurus Nasdaq 100 Dividend Multiplier 600 ETF"
QSML,"WisdomTree U.S. SmallCap Quality Growth Fund"
QSR,"Restaurant Brands International Inc. Common Shares"
QTEC,"First Trust NASDAQ-100-Technology Sector Index Fund"
QTOP,"iShares Nasdaq Top 30 Stocks ETF"
QTR,"Global X NASDAQ 100 Tail Risk ETF"
QTRX,"Quanterix Corporation - Common Stock"
QTTB,"Q32 Bio Inc. - Common Stock"
QTUM,"Defiance Quantum ETF"
QUAD,"Quad Graphics, Inc Class A Common Stock"
QUIK,"QuickLogic Corporation - Common Stock"
QUMSU,"Quantumsphere Acquisition Corp. - Units"
QVAL,"Alpha Architect U.S. Quantitative Value ETF"
QVCC,"QVC, Inc. 6.250% Senior Secured Notes due 2068"
QVCD,"QVC, Inc. 6.375% Senior Secured Notes due 2067"
QVCGA,"QVC Group, Inc. - Series A Common Stock"
QVCGP,"QVC Group, Inc. - 8.0% Fixed Rate Cumulative Redeemable Preferred Stock"
QXO,"QXO, Inc. Common Stock"
QXO$B,"QXO, Inc.  Depositary Shares, each representing a 1/20th interest in a share of 5.50% Series B Mandatory Convertible Preferred Stock"
QXQ,"SGI Enhanced Nasdaq-100 ETF"
QYLD,"Global X NASDAQ 100 Covered Call ETF"
QYLG,"Global X Nasdaq 100 Covered Call & Growth ETF"
RA,"Brookfield Real Assets Income Fund Inc. Common Stock"
RAA,"SMI 3Fourteen REAL Asset Allocation ETF"
RAAQ,"Real Asset Acquisition Corp. - Class A Ordinary Share"
RAAQU,"Real Asset Acquisition Corp. - Unit"
RAAQW,"Real Asset Acquisition Corp. - Warrants"
RAC,"Rithm Acquisition Corp. Class A Ordinary Shares"
RAC.U,"Rithm Acquisition Corp. Units (each consists of one Class A Ordinary Share and one"
RAC.W,"Rithm Acquisition Corp. Redeemable warrants, each whole warrant exercisable for one Class A ordinary share at an exercise price of $11.50"
RACE,"Ferrari N.V. Common Shares"
RADX,"Radiopharm Theranostics Limited - American Depositary Shares"
RAIL,"Freightcar America, Inc. - Common Stock"
RAIN,"Rain Enhancement Technologies Holdco, Inc. - Class A Common Stock"
RAINW,"Rain Enhancement Technologies Holdco, Inc. - Warrants"
RAMP,"LiveRamp Holdings, Inc. Common Stock"
RAND,"Rand Capital Corporation - Closed End Fund"
RANG,"Range Capital Acquisition Corp. - Ordinary Shares"
RANGR,"Range Capital Acquisition Corp. - Rights"
RANGU,"Range Capital Acquisition Corp. - Units"
RANI,"Rani Therapeutics Holdings, Inc. - Class A Common Stock"
RAPP,"Rapport Therapeutics, Inc. - Common Stock"
RAPT,"RAPT Therapeutics, Inc. - Common Stock"
RAVE,"Rave Restaurant Group, Inc. - Common Stock"
RAY,"Raytech Holding Limited - ordinary shares"
RAYA,"Erayak Power Solution Group Inc. - Class A Ordinary Shares"
RBA,"RB Global, Inc. Common Stock"
RBB,"RBB Bancorp - Common Stock"
RBBN,"Ribbon Communications Inc.  - Common Stock"
RBC,"RBC Bearings Incorporated Common Stock"
RBCAA,"Republic Bancorp, Inc. - Class A Common Stock"
RBIL,"F/m Ultrashort Treasury Inflation-Protected Security (TIPS) ETF"
RBKB,"Rhinebeck Bancorp, Inc. - Common Stock"
RBLX,"Roblox Corporation Class A Common Stock"
RBNE,"Robin Energy Ltd. - Common Stock"
RBOT,"Vicarious Surgical Inc. Class A Common Stock"
RBOT.W,"Vicarious Surgical Inc. Warrants, each whole warrant exercisable for one share of Class A Common Stock at an exercise price of $11.50 per share"
RBRK,"Rubrik, Inc. Class A Common Stock"
RC,"Ready Capital Corporation Common Stock"
RC$C,"Ready Capital Corporation 6.25% Series C Cumulative Convertible Preferred Stock"
RC$E,"Ready Capital Corporation 6.50% Series E Cumulative Redeemable Preferred Stock"
RCAT,"Red Cat Holdings, Inc. - Common Stock"
RCB,"Ready Capital Corporation 6.20% Senior Notes due 2026"
RCC,"Ready Capital Corporation 5.75% Senior Notes due 2026"
RCD,"Ready Capital Corporation 9.00% Senior Notes due 2029"
RCEL,"Avita Medical, Inc. - Common Stock"
RCGE,"RockCreek Global Equality ETF"
RCI,"Rogers Communication, Inc. Common Stock"
RCKT,"Rocket Pharmaceuticals, Inc. - Common Stock"
RCKTW,"Rocket Pharmaceuticals, Inc. - Warrant"
RCKY,"Rocky Brands, Inc. - Common Stock"
RCMT,"RCM Technologies, Inc. - Common Stock"
RCON,"Recon Technology, Ltd. - Class A Ordinary Shares"
RCS,"PIMCO Strategic Income Fund, Inc."
RCT,"RedCloud Holdings plc - Ordinary Shares"
RCUS,"Arcus Biosciences, Inc. Common Stock"
RDAC,"Rising Dragon Acquisition Corp. - Ordinary Shares"
RDACR,"Rising Dragon Acquisition Corp. - Rights"
RDACU,"Rising Dragon Acquisition Corp. - Unit"
RDAG,"Republic Digital Acquisition Company - Class A Ordinary Shares"
RDAGU,"Republic Digital Acquisition Company - Unit"
RDAGW,"Republic Digital Acquisition Company - Warrants"
RDCM,"Radcom Ltd. - Ordinary Shares"
RDDT,"Reddit, Inc. Class A Common Stock"
RDGT,"Ridgetech, Inc. - Ordinary Shares"
RDHL,"Redhill Biopharma Ltd. - American Depositary Shares"
RDI,"Reading International Inc - Class A Non-voting Common Stock"
RDIB,"Reading International Inc - Class B Voting Common Stock"
RDNT,"RadNet, Inc. - Common Stock"
RDNW,"RideNow Group, Inc. - Class B Common Stock"
RDTL,"GraniteShares 2x Long RDDT Daily ETF"
RDTY,"YieldMax R2000 0DTE Covered Strategy ETF"
RDVT,"Red Violet, Inc. - Common Stock"
RDVY,"First Trust Rising Dividend Achievers ETF"
RDW,"Redwire Corporation Common Stock"
RDWR,"Radware Ltd. - Ordinary Shares"
RDY,"Dr. Reddy's Laboratories Ltd Common Stock"
RDZN,"Roadzen, Inc. - Ordinary Shares"
RDZNW,"Roadzen, Inc. - Warrants"
REAI,"Intelligent Real Estate ETF"
REAL,"The RealReal, Inc. - Common Stock"
REAX,"The Real Brokerage, Inc. - Common Shares"
REBN,"Reborn Coffee, Inc. - Common Stock"
RECT,"Rectitude Holdings Ltd - Ordinary Shares"
REE,"REE Automotive Ltd. - Class A Ordinary Shares"
REFI,"Chicago Atlantic Real Estate Finance, Inc. - Common Stock"
REFR,"Research Frontiers Incorporated - Common Stock"
REGCO,"Regency Centers Corporation - 5.875% Series B Cumulative Redeemable Preferred Stock"
REGCP,"Regency Centers Corporation - 6.25% Series A Cumulative Redeemable Preferred Stock"
REIT,"ALPS Active REIT ETF"
REKR,"Rekor Systems, Inc. - Common Stock"
RELI,"Reliance Global Group, Inc. - Common Stock"
RELIW,"Reliance Global Group, Inc. - Series A Warrants"
RELL,"Richardson Electronics, Ltd. - Common Stock"
RELX,"RELX PLC PLC American Depositary Shares (Each representing One Ordinary Share)"
REMG,"Emerging Markets Active ETF"
RENB,"Renovaro Inc. - Common Stock"
RENT,"Rent the Runway, Inc. - Class A Common Stock"
REPL,"Replimune Group, Inc. - Common Stock"
RERE,"ATRenew Inc. American Depositary Shares (every three of which representing two Class A ordinary shares)"
RES,"RPC, Inc. Common Stock"
RETO,"ReTo Eco-Solutions, Inc. - Class A Shares"
REVB,"Revelation Biosciences, Inc. - Common Stock"
REVBW,"Revelation Biosciences, Inc. - Warrant"
REX,"REX American Resources Corporation"
REXR$B,"Rexford Industrial Realty, Inc. 5.875% Series B Cumulative Redeemable Preferred Stock"
REXR$C,"Rexford Industrial Realty, Inc. 5.625% Series C Cumulative Redeemable Preferred Stock, par value $0.01 per share"
REZI,"Resideo Technologies, Inc. Common Stock"
RF$C,"Regions Financial Corporation Depositary Shares, each Representing a 1/40th Interest in a  Share of 5.700% Fixed"
RF$E,"Regions Financial Corporation Depositary Shares, Each Representing a 1/40th Interest in a Share of 4.45% Non"
RF$F,"Regions Financial Corporation Depositary Shares Each Representing a 1/40th Interest in a Share of Non"
RFAI,"RF Acquisition Corp II - Ordinary Shares"
RFAIR,"RF Acquisition Corp II - Right"
RFAIU,"RF Acquisition Corp II - Unit"
RFDI,"First Trust RiverFront Dynamic Developed International ETF"
RFEM,"First Trust RiverFront Dynamic Emerging Markets ETF"
RFEU,"First Trust RiverFront Dynamic Europe ETF"
RFI,"Cohen & Steers Total Return Realty Fund, Inc. Common Stock"
RFIL,"RF Industries, Ltd. - Common Stock"
RFL,"Rafael Holdings, Inc. Class B Common Stock"
RFL.W,"Rafael Holdings, Inc. Warrants to Purchase Shares of Class B Common Stock"
RFM,"RiverNorth Flexible Municipal Income Fund, Inc. Common Stock"
RFMZ,"RiverNorth Flexible Municipal Income Fund II, Inc. Common Stock"
RGA,"Reinsurance Group of America, Incorporated Common Stock"
RGCO,"RGC Resources Inc. - Common Stock"
RGLD,"Royal Gold, Inc. - Common Stock"
RGLO,"Global Equity Active ETF"
RGNX,"REGENXBIO Inc. - Common Stock"
RGP,"Resources Connection, Inc. - Common Stock"
RGR,"Sturm, Ruger & Company, Inc. Common Stock"
RGS,"Regis Corporation - Common Stock"
RGT,"Royce Global Trust, Inc. Common Stock"
RGTI,"Rigetti Computing, Inc.  - Common stock"
RGTIW,"Rigetti Computing, Inc.  - Redeemable warrants, each whole warrant exercisable for one Class A ordinary share at an exercise price of $11.50"
RGTX,"Defiance Daily Target 2X Long RGTI ETF"
RHLD,"Resolute Holdings Management - Common Stock"
RHP,"Ryman Hospitality Properties, Inc. (REIT)"
RIBB,"Ribbon Acquisition Corp - Class A Ordinary Shares"
RIBBR,"Ribbon Acquisition Corp - Rights"
RIBBU,"Ribbon Acquisition Corp - Unit"
RICK,"RCI Hospitality Holdings, Inc. - Common Stock"
RIFR,"Global Infrastructure Active ETF"
RIGL,"Rigel Pharmaceuticals, Inc. - Common Stock"
RILY,"B. Riley Financial, Inc. - Common Stock"
RILYG,"B. Riley Financial, Inc. - 5.00% Senior Notes due 2026"
RILYK,"B. Riley Financial, Inc. - 5.50% Senior Notes Due 2026"
RILYL,"B. Riley Financial, Inc. - Depositary Shares, each representing a 1/1000th fractional interest in a share of Series B Cumulative Perpetual Preferred Stock"
RILYN,"B. Riley Financial, Inc. - 6.50% Senior Notes Due 2026"
RILYP,"B. Riley Financial, Inc. - Depositary Shares, each representing a 1/1000th fractional interest in a share of Series A Cumulative Perpetual Preferred Stock"
RILYT,"B. Riley Financial, Inc. - 6.00% Senior Notes Due 2028"
RILYZ,"B. Riley Financial, Inc. - 5.25% Senior Notes due 2028"
RIME,"Algorhythm Holdings, Inc. - Common Stock"
RING,"iShares MSCI Global Gold Miners ETF"
RINT,"International Developed Equity Active ETF"
RIO,"Rio Tinto Plc Common Stock"
RITM,"Rithm Capital Corp. Common Stock"
RITM$A,"Rithm Capital Corp. 7.50% Series A Fixed"
RITM$B,"Rithm Capital Corp. 7.125% Series B Fixed"
RITM$C,"Rithm Capital Corp. 6.375% Series C Fixed"
RITM$D,"Rithm Capital Corp. 7.00% Fixed"
RITR,"Reitar Logtech Holdings Limited - Ordinary shares"
RIV,"RiverNorth Opportunities Fund, Inc. Common Stock"
RIV$A,"RiverNorth Opportunities Fund, Inc. 6.00% Series A Perpetual Preferred Stock"
RIV.R,"RiverNorth Opportunities Fund, Inc. Rights (expiring October 6, 2025) Rights"
RIVN,"Rivian Automotive, Inc. - Class A Common Stock"
RJF$B,"Raymond James Financial, Inc. Depositary Shares, each representing a 1/40th interest in a share of 6.375% Fixed"
RKDA,"Arcadia Biosciences, Inc. - Common Stock"
RKLB,"Rocket Lab Corporation - Common Stock"
RKLX,"Defiance Daily Target 2X Long RKLB ETF"
RKT,"Rocket Companies, Inc. Class A Common Stock"
RLAY,"Relay Therapeutics, Inc. - Common Stock"
RLI,"RLI Corp. Common Stock (DE)"
RLJ,"RLJ Lodging Trust Common Shares of Beneficial Interest $0.01 par value"
RLJ$A,"RLJ Lodging Trust $1.95 Series A Cumulative Convertible  Preferred Shares"
RLMD,"Relmada Therapeutics, Inc. - Common Stock"
RLTY,"Cohen & Steers Real Estate Opportunities and Income Fund Common Shares of Beneficial Interest"
RLYB,"Rallybio Corporation - Common Stock"
RM,"Regional Management Corp. Common Stock"
RMAX,"RE/MAX Holdings, Inc. Class A Common Stock"
RMBI,"Richmond Mutual Bancorporation, Inc. - Common Stock"
RMCF,"Rocky Mountain Chocolate Factory, Inc. - Common Stock"
RMCO,"Royalty Management Holding Corporation - Class A Common Stock"
RMCOW,"Royalty Management Holding Corporation - Warrant"
RMI,"RiverNorth Opportunistic Municipal Income Fund, Inc. Common Stock"
RMM,"RiverNorth Managed Duration Municipal Income Fund, Inc. Common Stock"
RMMZ,"RiverNorth Managed Duration Municipal Income Fund II, Inc. Common Stock"
RMNI,"Rimini Street, Inc. - Common Stock"
RMR,"The RMR Group Inc. - Class A Common Stock"
RMSG,"Real Messenger Corporation - Ordinary Shares"
RMSGW,"Real Messenger Corporation - Warrants"
RMT,"Royce Micro"
RMTI,"Rockwell Medical, Inc. - Common Stock"
RNAC,"Cartesian Therapeutics, Inc. - Common Stock"
RNAZ,"TransCode Therapeutics, Inc. - Common Stock"
RNEM,"Emerging Markets Equity Select ETF"
RNGR,"Ranger Energy Services, Inc. Class A Common Stock"
RNIN,"Bushido Capital US SMID Cap Equity ETF"
RNP,"Cohen & Steers REIT and Preferred and Income Fund, Inc. Common Shares"
RNR,"RenaissanceRe Holdings Ltd. Common Stock"
RNR$F,"RenaissanceRe Holdings Ltd. Depositary Shares, each Representing a 1/1,000th Interest in a 5.750% Series F Preference Share"
RNR$G,"RenaissanceRe Holdings Ltd. Depositary Shares, each representing a 1/1,000th interest in a share of 4.20% Series G Preference Shares"
RNRG,"Global X Renewable Energy Producers ETF"
RNTX,"Rein Therapeutics, Inc. - Common Stock"
RNWWW,"ReNew Energy Global plc - Warrant"
RNXT,"RenovoRx, Inc. - Common Stock"
ROBT,"First Trust Nasdaq Artificial Intelligence and Robotics ETF"
ROCK,"Gibraltar Industries, Inc. - Common Stock"
ROE,"Astoria US Equal Weight Quality Kings ETF"
ROG,"Rogers Corporation Common Stock"
ROIV,"Roivant Sciences Ltd. - Common Shares"
ROKU,"Roku, Inc. - Class A Common Stock"
ROMA,"Roma Green Finance Limited - Ordinary Shares"
ROOT,"Root, Inc. - Common Stock"
RPAY,"Repay Holdings Corporation - Class A Common Stock"
RPD,"Rapid7, Inc. - Common Stock"
RPID,"Rapid Micro Biosystems, Inc. - Class A Common Stock"
RPM,"RPM International Inc. Common Stock"
RPRX,"Royalty Pharma plc - Class A Ordinary Shares"
RPT,"Rithm Property Trust Inc. Common stock"
RPT$C,"Rithm Property Trust Inc. 9.875% Series C Fixed"
RPTX,"Repare Therapeutics Inc. - Common Shares"
RQI,"Cohen & Steers Quality Income Realty Fund Inc Common Shares"
RR,"Richtech Robotics Inc. - Class B Common Stock"
RRBI,"Red River Bancshares, Inc. - Common Stock"
RRGB,"Red Robin Gourmet Burgers, Inc. - Common Stock"
RRR,"Red Rock Resorts, Inc. - Class A Common Stock"
RS,"Reliance, Inc. Common Stock"
RSF,"RiverNorth Capital and Income Fund Common Stock"
RSKD,"Riskified Ltd. Class A Ordinary Shares"
RSSS,"Research Solutions, Inc - Common Stock"
RSVR,"Reservoir Media, Inc.. - Common Stock"
RSVRW,"Reservoir Media, Inc.. - Warrant"
RTAC,"Renatus Tactical Acquisition Corp I - Class A Ordinary Shares"
RTACU,"Renatus Tactical Acquisition Corp I - Unit"
RTACW,"Renatus Tactical Acquisition Corp I - Warrant"
RTH,"VanEck Retail ETF"
RTO,"Rentokil Initial plc American Depositary Shares (each representing five (5) Ordinary Shares)"
RTXG,"Leverage Shares 2X Long RTX Daily ETF"
RUBI,"Rubico Inc. - Common Stock"
RUMBW,"Rumble Inc. - Warrant"
RUNN,"Running Oak Efficient Growth ETF"
RUSC,"US Small Cap Equity Active ETF"
RVLV,"Revolve Group, Inc. Class A Common Stock"
RVMDW,"Revolution Medicines, Inc. - Warrant"
RVNL,"GraniteShares 2x Long RIVN Daily ETF"
RVPH,"Reviva Pharmaceuticals Holdings, Inc. - Common Stock"
RVPHW,"Reviva Pharmaceuticals Holdings, Inc. - Warrants"
RVSB,"Riverview Bancorp Inc - Common Stock"
RVSN,"Rail Vision Ltd. - Ordinary Shares"
RVSNW,"Rail Vision Ltd. - Warrant"
RVT,"Royce Small"
RVYL,"Ryvyl Inc. - Common Stock"
RWAY,"Runway Growth Finance Corp. - Common Stock"
RWAYL,"Runway Growth Finance Corp. - 7.50% Notes due 2027"
RWAYZ,"Runway Growth Finance Corp. - 8.00% Notes due 2027"
RWT,"Redwood Trust, Inc. Common Stock"
RWT$A,"Redwood Trust, Inc. 10.00% Series A Fixed"
RWTN,"Redwood Trust, Inc. 9.125% Senior Notes Due 2029"
RWTO,"Redwood Trust, Inc. 9.00% Senior Notes Due 2029"
RWTP,"Redwood Trust, Inc. 9.125% Senior Notes Due 2030"
RXST,"RxSight, Inc. - Common Stock"
RXT,"Rackspace Technology, Inc. - Common Stock"
RY,"Royal Bank Of Canada Common Stock"
RYAAY,"Ryanair Holdings plc - American Depositary Shares, each representing five Ordinary Shares"
RYAM,"Rayonier Advanced Materials Inc. Common Stock"
RYAN,"Ryan Specialty Holdings, Inc. Class A Common Stock"
RYET,"Ruanyun Edai Technology Inc. - Ordinary shares"
RYI,"Ryerson Holding Corporation Common Stock"
RYOJ,"rYojbaba Co., Ltd. - Common Shares"
RZB,"Reinsurance Group of America, Incorporated 5.75% Fixed"
RZC,"Reinsurance Group of America, Incorporated 7.125% Fixed"
RZLT,"Rezolute, Inc. - Common Stock (NV)"
RZLV,"Rezolve AI PLC - Ordinary Shares"
RZLVW,"Rezolve AI PLC - Warrants"
S,"SentinelOne, Inc. Class A Common Stock"
SABA,"Saba Capital Income & Opportunities Fund II Shares of Beneficial Interest"
SABR,"Sabre Corporation - Common Stock"
SABS,"SAB Biotherapeutics, Inc. - Common Stock"
SABSW,"SAB Biotherapeutics, Inc. - Warrant"
SAFE,"Safehold Inc. New Common Stock"
SAFT,"Safety Insurance Group, Inc. - Common Stock"
SAFX,"XCF Global, Inc. - Class A Common Stock"
SAGT,"SAGTEC GLOBAL LIMITED - Ordinary shares"
SAIH,"SAIHEAT Limited - Class A Ordinary Shares"
SAIHW,"SAIHEAT Limited - Warrant"
SAIL,"SailPoint, Inc. - Common Stock"
SAJ,"Saratoga Investment Corp 8.00% Notes due 2027"
SAMG,"Silvercrest Asset Management Group Inc. - Common Stock"
SAN,"Banco Santander, S.A. Sponsored ADR (Spain)"
SANA,"Sana Biotechnology, Inc. - Common Stock"
SANG,"Sangoma Technologies Corporation - Common Shares"
SAP,"SAP  SE ADS"
SAR,"Saratoga Investment Corp New"
SARK,"Tradr 1X Short Innovation Daily ETF"
SAT,"Saratoga Investment Corp 6.00% Notes due 2027"
SATL,"Satellogic Inc. - Class A Common Stock"
SATLW,"Satellogic Inc. - Warrant"
SATS,"EchoStar Corporation - Common stock"
SAVA,"Cassava Sciences, Inc. - Common Stock"
SAY,"Saratoga Investment Corp 8.125% Notes due 2027"
SAZ,"Saratoga Investment Corp 8.50% Notes due 2028"
SB,"Safe Bulkers, Inc Common Stock ($0.001 par value)"
SB$C,"Safe Bulkers, Inc Cumulative Redeemable Perpetual Preferred Series C (Marshall Islands)"
SB$D,"Safe Bulkers, Inc Perpetual Preferred Series D (Marshall Islands)"
SBC,"SBC Medical Group Holdings Incorporated - Common Stock"
SBCWW,"SBC Medical Group Holdings Incorporated - Warrants"
SBDS,"Solo Brands, Inc. Class A Common Stock"
SBFG,"SB Financial Group, Inc. - Common Stock"
SBFM,"Sunshine Biopharma Inc. - Common stock"
SBFMW,"Sunshine Biopharma Inc. - Warrant"
SBGI,"Sinclair, Inc. - Class A Common Stock"
SBH,"Sally Beauty Holdings, Inc. (Name to be changed from Sally Holdings, Inc.) Common Stock"
SBI,"Western Asset Intermediate Muni Fund Inc Common Stock"
SBLK,"Star Bulk Carriers Corp. - Common Shares"
SBLX,"StableX Technologies, Inc. - Common Stock"
SBR,"Sabine Royalty Trust Common Stock"
SBS,"Companhia de saneamento Basico Do Estado De Sao Paulo"
SBSI,"Southside Bancshares, Inc. Common Stock"
SBXD,"SilverBox Corp IV Class A Ordinary Shares"
SBXD.U,"SilverBox Corp IV Units, each consisting of one Class A ordinary share and one"
SBXD.W,"SilverBox Corp IV Redeemable warrants, each whole warrant exercisable for one Class A Ordinary Share at an exercise price of $11.50"
SCAG,"Scage Future - American Depositary Shares"
SCAGW,"Scage Future - Warrants"
SCCO,"Southern Copper Corporation Common Stock"
SCD,"LMP Capital and Income Fund Inc. Common Stock"
SCDS,"JPMorgan Fundamental Data Science Small Core ETF"
SCE$G,"SCE Trust II Trust Preferred Securities"
SCE$J,"Southern California Edison Company 5.375% Fixed"
SCE$K,"Southern California Edison Company 5.45% Fixed"
SCE$L,"SCE TRUST VI"
SCE$M,"SCE Trust VII 7.50% Trust Preference Securities"
SCE$N,"SCE Trust VIII 6.95% Trust Preference Securities"
SCHL,"Scholastic Corporation - Common Stock"
SCHW$D,"The Charles Schwab Corporation Depositary Shares each representing 1/40th interest in a share of 5.95% Non"
SCHW$J,"The Charles Schwab Corporation Depositary Shares, Each Representing a 1/40th Interest in a Share of 4.450% Non"
SCI,"Service Corporation International Common Stock"
SCKT,"Socket Mobile, Inc. - Common Stock"
SCL,"Stepan Company Common Stock"
SCLX,"Scilex Holding Company - Common Stock"
SCLXW,"Scilex Holding Company - Warrant"
SCM,"Stellus Capital Investment Corporation Common Stock"
SCNI,"Scinai Immunotherapeutics Ltd. - American Depositary Shares"
SCNX,"Scienture Holdings, Inc. - Common Stock"
SCOR,"comScore, Inc. - Common Stock"
SCPH,"scPharmaceuticals Inc. - Common Stock"
SCS,"Steelcase Inc. Common Stock"
SCSC,"ScanSource, Inc. - Common Stock"
SCVL,"Shoe Carnival, Inc. - Common Stock"
SCWO,"374Water Inc. - common stock"
SCYX,"SCYNEXIS, Inc. - Common Stock"
SCZ,"iShares MSCI EAFE Small-Cap ETF"
SD,"SandRidge Energy, Inc. Common Stock"
SDA,"SunCar Technology Group Inc. - Ordinary Shares"
SDAWW,"SunCar Technology Group Inc. - Warrant"
SDG,"iShares MSCI Global Sustainable Development Goals ETF"
SDGR,"Schrodinger, Inc. - Common Stock"
SDHC,"Smith Douglas Homes Corp. Class A Common Stock"
SDHI,"Siddhi Acquisition Corp - Class A Common stock"
SDHIR,"Siddhi Acquisition Corp - Right"
SDHIU,"Siddhi Acquisition Corp - Unit"
SDHY,"PGIM Short Duration High Yield Opportunities Fund Common Shares"
SDM,"Smart Digital Group Limited - Ordinary Shares"
SDOT,"Sadot Group Inc. - Common Stock"
SDRL,"Seadrill Limited Common Shares"
SDSI,"American Century Short Duration Strategic Income ETF"
SDST,"Stardust Power Inc. - Common Stock"
SDSTW,"Stardust Power Inc. - Warrant"
SDTY,"YieldMax S&P 500 0DTE Covered Call Strategy ETF"
SDVY,"First Trust SMID Cap Rising Dividend Achievers ETF"
SE,"Sea Limited American Depositary Shares, each representing one Class A Ordinary Share"
SEAL$A,"Seapeak LLC 9.00% Series A Cumulative Redeemable Perpetual Preferred Units"
SEAL$B,"Seapeak LLC 8.50% Series B Fixed"
SEAT,"Vivid Seats Inc. - Class A common stock"
SEATW,"Vivid Seats Inc. - Warrant"
SEED,"Origin Agritech Limited - Ordinary Shares"
SEEM,"SEI Select Emerging Markets Equity ETF"
SEER,"Seer, Inc. - Class A Common Stock"
SEG,"Seaport Entertainment Group Inc. Common Stock"
SEGG,"Lottery.com, Inc. - Common Stock"
SEIC,"SEI Investments Company - Common Stock"
SEIE,"SEI Select International Equity ETF"
SEIS,"SEI Select Small Cap ETF"
SELF,"Global Self Storage, Inc. - Common Stock"
SELX,"Semilux International Ltd. - Ordinary Shares"
SEM,"Select Medical Holdings Corporation Common Stock"
SEMR,"SEMrush Holdings, Inc. Class A Common Stock"
SENEA,"Seneca Foods Corp. - Class A Common Stock"
SENEB,"Seneca Foods Corp. - Class B Common Stock"
SEPN,"Septerna, Inc. - Common Stock"
SERA,"Sera Prognostics, Inc. - Class A Common Stock"
SERV,"Serve Robotics Inc. - Common Stock"
SES,"SES AI Corporation Class A Common Stock"
SES.W,"SES AI Corporation Warrants, each whole warrant exercisable for one share of Class A Common Stock at an exercise price of $11.50 per share"
SETM,"Sprott Critical Materials ETF"
SEVN,"Seven Hills Realty Trust  - Common Stock"
SF,"Stifel Financial Corporation Common Stock"
SF$B,"Stifel Financial Corporation Depositary Shares, Each Representing 1/1,000th  Interest in a Share of 6.25% Non"
SF$C,"Stifel Financial Corporation Depositary Shares, Each Representing 1/1,000th Interest in a Share of 6.125% Non Cumulative Preferred Stock, Series C"
SF$D,"Stifel Financial Corporation Depositary Shares, Each Representing 1/1,000th Interest in a Share of 4.50% Non"
SFB,"Stifel Financial Corporation 5.20% Senior Notes due 2047"
SFBC,"Sound Financial Bancorp, Inc. - Common Stock"
SFHG,"Samfine Creation Holdings Group Limited - Class A Ordinary Share"
SFIX,"Stitch Fix, Inc. - Class A Common Stock"
SFL,"SFL Corporation Ltd"
SFLO,"VictoryShares Small Cap Free Cash Flow ETF"
SFM,"Sprouts Farmers Market, Inc. - Common Stock"
SFST,"Southern First Bancshares, Inc. - Common Stock"
SFWL,"Shengfeng Development Limited - Class A Ordinary Shares"
SG,"Sweetgreen, Inc. Class A Common Stock"
SGA,"Saga Communications, Inc. - Class A Common Stock"
SGBX,"Safe & Green Holdings Corp. - Common Stock"
SGC,"Superior Group of Companies, Inc. - Common Stock"
SGD,"Safe and Green Development Corporation - Common Stock"
SGHT,"Sight Sciences, Inc. - Common Stock"
SGI,"Somnigroup International Inc. Common Stock"
SGLY,"Singularity Future Technology Ltd. - Common Stock"
SGML,"Sigma Lithium Corporation - common shares"
SGMO,"Sangamo Therapeutics, Inc. - Common Stock"
SGMT,"Sagimet Biosciences Inc. - Series A Common Stock"
SGRP,"SPAR Group, Inc. - Common Stock"
SGU,"Star Group L.P. Common Stock"
SHBI,"Shore Bancshares, Inc. - Common Stock"
SHCO,"Soho House & Co Inc. Class A Common Stock"
SHEL,"Shell PLC American Depositary Shares (each representing two (2) Ordinary Shares)"
SHEN,"Shenandoah Telecommunications Co - Common Stock"
SHFS,"SHF Holdings, Inc. - Class A Common Stock"
SHFSW,"SHF Holdings, Inc. - Warrants"
SHG,"Shinhan Financial Group Co Ltd American Depositary Shares"
SHIM,"Shimmick Corporation - Common Stock"
SHIP,"Seanergy Maritime Holdings Corp. - Common Stock"
SHLS,"Shoals Technologies Group, Inc. - Class A Common Stock"
SHMD,"SCHMID Group N.V. - Class A Ordinary Shares"
SHMDW,"SCHMID Group N.V. - Warrants"
SHO,"Sunstone Hotel Investors, Inc. Sunstone Hotel Investors, Inc. Common Shares"
SHO$H,"Sunstone Hotel Investors, Inc. 6.125% Series H Cumulative Redeemable Preferred Stock"
SHO$I,"Sunstone Hotel Investors, Inc. 5.70% Series I Cumulative Redeemable Preferred Stock"
SHOC,"EA Series Trust Strive U.S. Semiconductor ETF"
SHOP,"Shopify Inc. - Class A Subordinate Voting Shares"
SHOT,"Safety Shot, Inc. - Common Stock"
SHOTW,"Safety Shot, Inc. - Warrant"
SHPD,"Direxion Daily SHOP Bear 1X ETF"
SHPH,"Shuttle Pharmaceuticals Holdings, Inc. - common stock"
SHPU,"Direxion Daily SHOP Bull 2X ETF"
SHRY,"First Trust Bloomberg Shareholder Yield ETF"
SHV,"iShares Short Treasury Bond ETF"
SHY,"iShares 1-3 Year Treasury Bond ETF"
SI,"Shoulder Innovations, Inc. Common Stock"
SIBN,"SI-BONE, Inc. - Common Stock"
SID,"Companhia Siderurgica Nacional S.A. Common Stock"
SIDU,"Sidus Space, Inc. - Class A Common Stock"
SIEB,"Siebert Financial Corp. - Common Stock"
SIFY,"Sify Technologies Limited - American Depository Shares"
SIGA,"SIGA Technologies Inc. - Common Stock"
SIGIP,"Selective Insurance Group, Inc. - Depositary Shares, each representing a 1/1,000th interest in a share of 4.60% Non-Cumulative Preferred Stock, Series B"
SILA,"Sila Realty Trust, Inc. Common Stock"
SILC,"Silicom Ltd - Ordinary Shares"
SILO,"Silo Pharma, Inc. - Common Stock"
SIMA,"SIM Acquisition Corp. I - Class A Ordinary Shares"
SIMAU,"SIM Acquisition Corp. I - Unit"
SIMAW,"SIM Acquisition Corp. I - Warrant"
SINT,"SiNtx Technologies, Inc. - Common Stock"
SION,"Sionna Therapeutics, Inc. - Common Stock"
SISI,"Shineco, Inc. - Common Stock"
SITC,"SITE Centers Corp. Common Stock"
SIXG,"Defiance Connective Technologies ETF"
SJ,"Scienjoy Holding Corporation - Class A Ordinary Shares"
SJCP,"SanJac Alpha Core Plus Bond ETF"
SJLD,"SanJac Alpha Low Duration ETF"
SJT,"San Juan Basin Royalty Trust Common Stock"
SKBL,"Skyline Builders Group Holding Limited - Class A Ordinary Shares"
SKIL,"Skillsoft Corp. Class A Common Stock"
SKIN,"The Beauty Health Company - Class A Common Stock"
SKK,"SKK Holdings Limited - Ordinary Shares"
SKLZ,"Skillz Inc. Class A Common Stock"
SKOR,"FlexShares Credit-Scored US Corporate Bond Index Fund"
SKRE,"Tuttle Capital Daily 2X Inverse Regional Banks ETF"
SKWD,"Skyward Specialty Insurance Group, Inc. - Common Stock"
SKYE,"Skye Bioscience, Inc. - Common Stock"
SKYH,"Sky Harbour Group Corporation Class A Common Stock"
SKYH.W,"Sky Harbour Group Corporation Warrants, each whole warrant exercisable for one share of Class A common stock at an exercise price of $11.50 per share"
SKYQ,"Sky Quarry Inc. - Common Stock"
SKYT,"SkyWater Technology, Inc. - Common Stock"
SKYU,"ProShares Ultra Cloud Computing"
SKYX,"SKYX Platforms Corp. - Common Stock"
SKYY,"First Trust Cloud Computing ETF"
SLDB,"Solid Biosciences Inc. - Common Stock"
SLDE,"Slide Insurance Holdings, Inc. - Common Stock"
SLDP,"Solid Power, Inc. - Class A Common Stock"
SLDPW,"Solid Power, Inc. - Warrant"
SLE,"Super League Enterprise, Inc. - Common Stock"
SLF,"Sun Life Financial Inc. Common Stock"
SLG$I,"SL Green Realty Corporation Preferred Series I"
SLGL,"Sol-Gel Technologies Ltd. - Ordinary Shares"
SLMBP,"SLM Corporation - Floating Rate Non-Cumulative Preferred Stock, Series B"
SLN,"Silence Therapeutics Plc - American Depository Share"
SLNG,"Stabilis Solutions, Inc. - Common Stock"
SLNH,"Soluna Holdings, Inc. - Common Stock"
SLNHP,"Soluna Holdings, Inc. - 9.0% Series A Cumulative Perpetual Preferred Stock"
SLNZ,"TCW Senior Loan ETF"
SLP,"Simulations Plus, Inc. - Common Stock"
SLQD,"iShares 0-5 Year Investment Grade Corporate Bond ETF"
SLQT,"SelectQuote, Inc. Common Stock"
SLRC,"SLR Investment Corp. - Closed End Fund"
SLRX,"Salarius Pharmaceuticals, Inc. - Common Stock"
SLS,"SELLAS Life Sciences Group, Inc.  - Common Stock"
SLSN,"Solesence, Inc. - Common stock"
SLVM,"Sylvamo Corporation Common Stock"
SLVO,"ETRACS Silver Shares Covered Call ETNs due April 21, 2033"
SLVR,"Sprott Silver Miners & Physical Silver ETF"
SLXN,"Silexion Therapeutics Corp - Ordinary Shares"
SLXNW,"Silexion Therapeutics Corp - Warrant"
SMBC,"Southern Missouri Bancorp, Inc. - Common Stock"
SMBK,"SmartFinancial, Inc. Common Stock"
SMC,"Summit Midstream Corporation Common Stock"
SMCC,"Defiance Leveraged Long + Income SMCI ETF"
SMCF,"Themes US Small Cap Cash Flow Champions ETF"
SMCL,"GraniteShares 2x Long SMCI Daily ETF"
SMCO,"Hilton Small-MidCap Opportunity ETF"
SMCX,"Defiance Daily Target 2X Long SMCI ETF"
SMCZ,"Defiance Daily Target 2X Short SMCI ETF"
SMFG,"Sumitomo Mitsui Financial Group Inc Unsponsored American Depositary Shares (Japan)"
SMH,"VanEck Semiconductor ETF"
SMHI,"SEACOR Marine Holdings Inc. Common Stock"
SMHX,"VanEck Fabless Semiconductor ETF"
SMID,"Smith-Midland Corporation - Common Stock"
SMLR,"Semler Scientific, Inc. - Common Stock"
SMMT,"Summit Therapeutics Inc.  - Common Stock"
SMP,"Standard Motor Products, Inc. Common Stock"
SMR,"NuScale Power Corporation Class A Common Stock"
SMRI,"Bushido Capital US Equity ETF"
SMRT,"SmartRent, Inc. Class A Common Stock"
SMSI,"Smith Micro Software, Inc. - Common Stock"
SMST,"Defiance Daily Target 2x Short MSTR ETF"
SMTC,"Semtech Corporation - Common Stock"
SMTI,"Sanara MedTech Inc. - Common Stock"
SMTK,"SmartKem, Inc. - Common Stock"
SMWB,"Similarweb Ltd. Ordinary Shares"
SMX,"SMX (Security Matters) Public Limited Company - Class A Ordinary Shares"
SMXT,"Solarmax Technology Inc. - Common Stock"
SMXWW,"SMX (Security Matters) Public Limited Company - Warrant"
SN,"SharkNinja, Inc. Ordinary Shares"
SNAL,"Snail, Inc. - Class A Common Stock"
SNAP,"Snap Inc. Class A Common Stock"
SNBR,"Sleep Number Corporation - Common Stock"
SNCR,"Synchronoss Technologies, Inc. - Common Stock"
SNCY,"Sun Country Airlines Holdings, Inc. - Common Stock"
SND,"Smart Sand, Inc. - Common Stock"
SNDA,"Sonida Senior Living, Inc. Common Stock"
SNDK,"Sandisk Corporation - Common Stock"
SNDL,"SNDL Inc. - Common Shares"
SNDX,"Syndax Pharmaceuticals, Inc. - Common Stock"
SNES,"SenesTech, Inc. - Common Stock"
SNFCA,"Security National Financial Corporation - Class A Common Stock"
SNGX,"Soligenix, Inc. - Common Stock"
SNN,"Smith & Nephew SNATS, Inc. Common Stock"
SNOA,"Sonoma Pharmaceuticals, Inc. - Common Stock"
SNOW,"Snowflake Inc. Common Stock"
SNSE,"Sensei Biotherapeutics, Inc. - Common Stock"
SNSR,"Global X Internet of Things ETF"
SNT,"Senstar Technologies Corporation - Common Shares"
SNTG,"Sentage Holdings Inc. - Class A Ordinary Shares"
SNTI,"Senti Biosciences, Inc.  - Common Stock"
SNV,"Synovus Financial Corp. Common Stock"
SNV$D,"Synovus Financial Corp. Fixed"
SNV$E,"Synovus Financial Corp. 5.875% Fixed"
SNWV,"SANUWAVE Health, Inc. - Common Stock"
SNX,"TD SYNNEX Corporation Common Stock"
SNY,"Sanofi - American Depositary Shares"
SNYR,"Synergy CHC Corp. - Common Stock"
SOBO,"South Bow Corporation Common Shares"
SOBR,"SOBR Safe, Inc. - Common Stock"
SOC,"Sable Offshore Corp. Common Stock"
SOCAU,"Solarius Capital Acquisition Corp. - Units"
SOCL,"Global X Social Media ETF"
SOFI,"SoFi Technologies, Inc.  - Common Stock"
SOFX,"Defiance Daily Target 2X Long SOFI ETF"
SOGP,"Sound Group Inc. - American Depositary Shares"
SOHO,"Sotherly Hotels Inc. - Common Stock"
SOHOB,"Sotherly Hotels Inc. - 8.0% Series B Cumulative Redeemable Perpetual Preferred Stock"
SOHON,"Sotherly Hotels Inc. - 8.25% Series D Cumulative Redeemable Perpetual Preferred Stock"
SOHOO,"Sotherly Hotels Inc. - 7.875% Series C Cumulative Redeemable Perpetual Preferred Stock"
SOHU,"Sohu.com Limited  - American Depositary Shares"
SOJC,"Southern Company (The) Series 2017B 5.25% Junior Subordinated Notes due December 1, 2077"
SOJD,"Southern Company (The) Series 2020A 4.95% Junior Subordinated Notes due January 30, 2080"
SOJE,"Southern Company (The) Series 2020C 4.20% Junior Subordinated Notes due October 15, 2060"
SOJF,"Southern Company (The) Series 2025A 6.50% Junior Subordinated Notes due March 15, 2085"
SOL,"Emeren Group Ltd American Depositary Shares, each representing 10 shares"
SOLT,"2x Solana ETF"
SOLZ,"Solana ETF"
SOND,"Sonder Holdings Inc. - Class A Common Stock"
SONDW,"Sonder Holdings Inc. - Warrants"
SONM,"Sonim Technologies, Inc. - Common Stock"
SONN,"Sonnet BioTherapeutics Holdings, Inc. - Common Stock"
SONO,"Sonos, Inc. - Common Stock"
SONY,"Sony Group Corporation American Depositary Shares"
SOPA,"Society Pass Incorporated - Common Stock"
SOPH,"SOPHiA GENETICS SA - Ordinary Shares"
SOR,"Source Capital, Inc. Cmn Shs of BI"
SORA,"AsiaStrategy - Ordinary Shares"
SOS,"SOS Limited Class A Ordinary Shares"
SOTK,"Sono-Tek Corporation - Common Stock"
SOUL,"Soulpower Acquisition Corporation Class A Ordinary Shares"
SOUL.R,"Soulpower Acquisition Corporation Rights, each right entitling the holder to receive one"
SOUL.U,"Soulpower Acquisition Corporation Units, each consisting of one Class A ordinary share and one right"
SOUNW,"SoundHound AI, Inc. - Warrant"
SOUX,"Defiance Daily Target 2X Long SOUN ETF"
SOWG,"Sow Good Inc. - Common Stock"
SOXQ,"Invesco PHLX Semiconductor ETF"
SOXX,"iShares Semiconductor ETF"
SPAI,"Safe Pro Group Inc. - Common Stock"
SPAM,"Themes Cybersecurity ETF"
SPAQ,"Horizon Kinetics SPAC Active ETF"
SPB,"Spectrum Brands Holdings, Inc. Common Stock"
SPBC,"Simplify US Equity PLUS Bitcoin Strategy ETF"
SPC,"CrossingBridge Pre-Merger SPAC ETF"
SPCB,"SuperCom, Ltd. - Ordinary Shares"
SPCE,"Virgin Galactic Holdings, Inc. Common Stock"
SPCX,"SPAC and New Issue ETF"
SPCY,"STKd 100% SMCI & 100% NVDA ETF"
SPE,"Special Opportunities Fund, Inc Common Stock"
SPE$C,"Special Opportunities Fund Inc. 2.75% Convertible Preferred Stock, Series C"
SPEGU,"Silver Pegasus Acquisition Corp - Unit"
SPFI,"South Plains Financial, Inc. - Common Stock"
SPG$J,"Simon Property Group, Inc. Simon Property Group 8 3/8% Series J Cumulative Redeemable Preferred Stock"
SPH,"Suburban Propane Partners, L.P. Common Stock"
SPHL,"Springview Holdings Ltd - Ordinary shares"
SPIR,"Spire Global, Inc. Class A Common Stock"
SPKL,"Spark I Acquisition Corp. - Class A Ordinary Share"
SPKLU,"Spark I Acquisition Corp. - Unit"
SPKLW,"Spark I Acquisition Corp. - Warrant"
SPMA,"Sound Point Meridian Capital, Inc. 8.00% Series A Preferred Shares Due 2029"
SPMC,"Sound Point Meridian Capital, Inc. Common Stock"
SPME,"Sound Point Meridian Capital, Inc. 7.875% Series B Preferred Shares due 2030"
SPNT$B,"SiriusPoint Ltd. 8.00% Resettable Fixed Rate Preference Shares, Series B, $25.00 liquidation preference per share"
SPOK,"Spok Holdings, Inc. - Common Stock"
SPOT,"Spotify Technology S.A. Ordinary Shares"
SPPL,"SIMPPLE LTD. - Ordinary Shares"
SPRC,"SciSparc Ltd. - Ordinary Shares"
SPRO,"Spero Therapeutics, Inc. - Common Stock"
SPRU,"Spruce Power Holding Corporation Class A Common Stock"
SPRX,"Spear Alpha ETF"
SPRY,"ARS Pharmaceuticals, Inc. - Common Stock"
SPT,"Sprout Social, Inc - Class A Common Stock"
SPTN,"SpartanNash Company - Common Stock"
SPWH,"Sportsman's Warehouse Holdings, Inc. - Common Stock"
SPWR,"Complete Solaria, Inc. - Common Stock"
SPWRW,"Complete Solaria, Inc. - Warrant"
SPXD,"Xtrackers S&P 500 Diversified Sector Weight ETF"
SPXX,"Nuveen S&P 500 Dynamic Overwrite Fund"
SPYQ,"Tradr 2X Long SPY Quarterly ETF"
SQFT,"Presidio Property Trust, Inc. - Class A Common Stock"
SQFTP,"Presidio Property Trust, Inc. - 9.375% Series D Cumulative Redeemable Perpetual Preferred Stock, $0.01 par value per share"
SQFTW,"Presidio Property Trust, Inc. - Series A Common Stock Purchase Warrants"
SQLV,"Royce Quant Small-Cap Quality Value ETF"
SQM,"Sociedad Quimica y Minera S.A. Common Stock"
SQNS,"Sequans Communications S.A. American Depositary Shares (each representing one hundred (100) Ordinary Shares)"
SQQQ,"ProShares UltraPro Short QQQ"
SR$A,"Spire Inc. Depositary Shares, each representing a 1/1,000th interest in a share of 5.90% Series A Cumulative Redeemable Perpetual Preferred Stock"
SRBK,"SR Bancorp, Inc. - Common stock"
SRCE,"1st Source Corporation - Common Stock"
SRDX,"Surmodics, Inc. - Common Stock"
SREA,"DBA Sempra 5.750% Junior Subordinated Notes due 2079"
SRET,"Global X SuperDividend REIT ETF"
SRFM,"Surf Air Mobility Inc. Common Stock"
SRG,"Seritage Growth Properties Class A Common Stock"
SRG$A,"Seritage Growth Properties 7.00% Series A Cumulative Redeemable Preferred Shares of Beneficial Interest"
SRI,"Stoneridge, Inc. Common Stock"
SRL,"Scully Royalty Ltd."
SRTA,"Strata Critical Medical, Inc. - Class A Common Stock"
SRTAW,"Strata Critical Medical, Inc. - Warrants"
SRTS,"Sensus Healthcare, Inc. - Common Stock"
SRV,"NXG Cushing Midstream Energy Fund Common Shares of Beneficial Interest"
SRZN,"Surrozen, Inc. - Common Stock"
SRZNW,"Surrozen, Inc. - Warrant"
SSBI,"Summit State Bank - Common Stock"
SSEAU,"Starry Sea Acquisition Corp - Unit"
SSII,"SS Innovations International Inc. - Common Stock"
SSKN,"Strata Skin Sciences, Inc. - Common Stock"
SSNC,"SS&C Technologies Holdings, Inc. - Common Stock"
SSP,"E.W. Scripps Company (The) - Class A Common Stock"
SSSS,"SuRo Capital Corp. - Closed End Fund"
SSSSL,"SuRo Capital Corp. - 6.00% Notes due 2026"
SST,"System1, Inc. Class A Common Stock"
SSTI,"SoundThinking, Inc. - Common Stock"
SSTK,"Shutterstock, Inc. Common Stock"
SSYS,"Stratasys, Ltd. - Common Stock"
STAA,"STAAR Surgical Company - Common Stock"
STAI,"ScanTech AI Systems Inc. - Common stock"
STAK,"STAK Inc. - Class A Ordinary Shares"
STBA,"S&T Bancorp, Inc. - Common Stock"
STC,"Stewart Information Services Corporation Common Stock"
STEC,"Santech Holdings Limited - American Depositary Shares"
STEL,"Stellar Bancorp, Inc. Common Stock"
STEM,"Stem, Inc. Class A Common Stock"
STEW,"SRH Total Return Fund, Inc. Common Stock"
STFS,"Star Fashion Culture Holdings Limited - Class A Ordinary Shares"
STG,"Sunlands Technology Group American Depositary Shares, representing Class A ordinary shares"
STGW,"Stagwell Inc. - Class A Common Stock"
STHO,"Star Holdings - Shares of Beneficial Interest"
STI,"Solidion Technology, Inc. - Common Stock"
STIM,"Neuronetics, Inc. - Common Stock"
STK,"Columbia Seligman Premium Technology Growth Fund Inc"
STKH,"Steakholder Foods Ltd. - American Depositary Shares"
STKL,"SunOpta, Inc. - Common Stock"
STKS,"The ONE Group Hospitality, Inc. - Common Stock"
STLA,"Stellantis N.V. Common Shares"
STM,"STMicroelectronics N.V. Common Stock"
STN,"Stantec Inc Common Stock"
STNC,"Hennessy Sustainable ETF"
STOK,"Stoke Therapeutics, Inc. - Common Stock"
STRA,"Strategic Education, Inc. - Common Stock"
STRC,"Strategy Inc - Variable Rate Series A Perpetual Stretch Preferred Stock"
STRD,"Strategy Inc - 10.00% Series A Perpetual Stride Preferred Stock"
STRF,"Strategy Inc - 10.00% Series A Perpetual Strife Preferred Stock"
STRK,"Strategy Inc - 8.00% Series A Perpetual Strike Preferred Stock"
STRL,"Sterling Infrastructure, Inc. - Common Stock"
STRO,"Sutro Biopharma, Inc. - Common Stock"
STRS,"Stratus Properties Inc. - Common Stock"
STRT,"STRATTEC SECURITY CORPORATION - Common Stock"
STRV,"EA Series Trust Strive 500 ETF"
STRZ,"Starz Entertainment Corp. - Common Shares"
STSS,"Sharps Technology Inc. - Common Stock"
STSSW,"Sharps Technology Inc. - Warrant"
STT$G,"State Street Corporation Depositary shares, each representing a 1/4,000th ownership interest in a share of Fixed"
STTK,"Shattuck Labs, Inc. - Common Stock"
STXD,"EA Series Trust Strive 1000 Dividend Growth ETF"
STXE,"EA Series Trust Strive Emerging Markets Ex"
STXG,"EA Series Trust Strive 1000 Growth ETF"
STXI,"EA Series Trust Strive International Developed Markets ETF"
STXK,"EA Series Trust Strive Small"
STXM,"EA Series Trust Strive Mid"
STXT,"EA Series Trust Strive Total Return Bond ETF"
STXV,"EA Series Trust Strive 1000 Value ETF"
SU,"Suncor Energy  Inc. Common Stock"
SUGP,"SU Group Holdings Limited - Ordinary Shares"
SUI,"Sun Communities, Inc. Common Stock"
SUIG,"Sui Group Holdings Limited - Common Stock"
SUNE,"SUNation Energy, Inc. - Common Stock"
SUNS,"Sunrise Realty Trust, Inc. - Common Stock"
SUPP,"TCW Transform Supply Chain ETF"
SUPV,"Grupo Supervielle S.A. American Depositary Shares each Representing five Class B shares"
SUPX,"Super X AI Technology Limited - Ordinary Shares"
SURG,"SurgePays, Inc. - Common Stock"
SUSB,"iShares ESG Aware 1-5 Year USD Corporate Bond ETF"
SUSC,"iShares ESG Aware USD Corporate Bond ETF"
SUSL,"iShares ESG MSCI USA Leaders ETF"
SUUN,"PowerBank Corporation - Common Stock"
SUZ,"Suzano S.A. American Depositary Shares (each representing One Ordinary Share)"
SVA,"Sinovac Biotech, Ltd. - Ordinary Shares (Antigua/Barbudo)"
SVC,"Service Properties Trust - Shares of Beneficial Interest"
SVCC,"Stellar V Capital Corp. - Class A Ordinary Shares"
SVCCU,"Stellar V Capital Corp. - Unit"
SVCCW,"Stellar V Capital Corp. - Warrant"
SVCO,"Silvaco Group, Inc. - Common Stock"
SVII,"Spring Valley Acquisition Corp. II - Class A Ordinary Shares"
SVIIR,"Spring Valley Acquisition Corp. II - Rights"
SVIIU,"Spring Valley Acquisition Corp. II - Units"
SVIIW,"Spring Valley Acquisition Corp. II - Warrant"
SVRA,"Savara, Inc. - Common Stock"
SVRE,"SaverOne 2014 Ltd. - American Depositary Shares"
SVREW,"SaverOne 2014 Ltd. - Warrant"
SVV,"Savers Value Village, Inc. Common Stock"
SWAG,"Stran & Company, Inc. - Common Stock"
SWAGW,"Stran & Company, Inc. - Warrant"
SWBI,"Smith & Wesson Brands, Inc. - Common Stock"
SWIM,"Latham Group, Inc. - Common Stock"
SWIN,"Solowin Holdings - Class A Ordinary Share"
SWKH,"SWK Holdings Corporation - Common Stock"
SWKHL,"SWK Holdings Corporation - 9.00% Senior Notes due 2027"
SWP,"SWP Growth & Income ETF"
SWVL,"Swvl Holdings Corp - Ordinary Shares"
SWVLW,"Swvl Holdings Corp - Warrant"
SWX,"Southwest Gas Holdings, Inc. Common Stock (DE)"
SWZ,"Total Return Securities Fund Common Stock"
SXC,"SunCoke Energy, Inc. Common Stock"
SXTC,"China SXT Pharmaceuticals, Inc. - Common Stock"
SXTP,"60 Degrees Pharmaceuticals, Inc. - Common Stock"
SXTPW,"60 Degrees Pharmaceuticals, Inc. - Warrant"
SY,"So-Young International Inc. - American Depository Shares"
SYBT,"Stock Yards Bancorp, Inc. - Common Stock"
SYBX,"Synlogic, Inc. - Common Stock"
SYF$A,"Synchrony Financial Depositary Shares, each Representing a 1/40th Interest in a Share of 5.625% Fixed Rate Non"
SYF$B,"Synchrony Financial Depositary Shares Each Representing a 1/40th Interest in a Share of 8.250% Fixed Rate Reset Non"
SYM,"Symbotic Inc. - Class A Common Stock"
SYPR,"Sypris Solutions, Inc. - Common Stock"
SYRE,"Spyre Therapeutics, Inc. - Common Stock"
SYTA,"Siyata Mobile, Inc. - Common Shares"
SYTAW,"Siyata Mobile, Inc. - Warrant"
SZZL,"Sizzle Acquisition Corp. II - Class A ordinary shares"
SZZLR,"Sizzle Acquisition Corp. II - Right"
SZZLU,"Sizzle Acquisition Corp. II - Unit"
T$A,"AT&T Inc. Depositary Shares, each representing a 1/1,000th interest in a share of 5.000% Perpetual Preferred Stock, Series A"
T$C,"AT&T Inc. Depositary Shares, each representing a 1/1,000th interest in a share of 4.750% Perpetual Preferred Stock, Series C"
TACH,"Titan Acquisition Corp. - Class A Ordinary Shares"
TACHU,"Titan Acquisition Corp. - Units"
TACHW,"Titan Acquisition Corp. - Warrants"
TACO,"Berto Acquisition Corp. - Ordinary Shares"
TACOU,"Berto Acquisition Corp. - unit"
TACOW,"Berto Acquisition Corp. - Warrant"
TACT,"TransAct Technologies Incorporated - Common Stock"
TAIT,"Taitron Components Incorporated - Class A Common Stock"
TAK,"Takeda Pharmaceutical Company Limited American Depositary Shares (each representing 1/2 of a share of Common Stock)"
TAL,"TAL Education Group American Depositary Shares"
TALK,"Talkspace, Inc. - Common Stock"
TALKW,"Talkspace, Inc. - Warrant"
TALO,"Talos Energy, Inc. Common Stock"
TANH,"Tantech Holdings Ltd. - Common Shares"
TAOP,"Taoping Inc. - Ordinary Shares"
TAOX,"Tao Synergies Inc. - Common Stock"
TAP.A,"Molson Coors Beverage Company Class A Common Stock"
TARA,"Protara Therapeutics, Inc.  - Common Stock"
TARK,"Tradr 2X Long Innovation ETF"
TASK,"TaskUs, Inc. - Class A Common Stock"
TATT,"TAT Technologies Ltd. - Ordinary Shares"
TAVI,"Tavia Acquisition Corp. - Ordinary Shares"
TAVIR,"Tavia Acquisition Corp. - Right"
TAVIU,"Tavia Acquisition Corp. - Unit"
TAX,"Cambria Tax Aware ETF"
TAXE,"Intermediate Municipal Income ETF"
TAXI,"Northern Trust Intermediate Tax-Exempt Bond ETF"
TAXS,"Northern Trust Short-Term Tax-Exempt Bond ETF"
TAXT,"Northern Trust Tax-Exempt Bond ETF"
TAYD,"Taylor Devices, Inc. - Common Stock"
TBB,"AT&T Inc. 5.350% Global Notes due 2066"
TBCH,"Turtle Beach Corporation - Common Stock"
TBH,"Brag House Holdings, Inc. - Common Stock"
TBHC,"The Brand House Collective, Inc - Common Stock"
TBI,"TrueBlue, Inc. Common Stock"
TBIL,"US Treasury 3 Month Bill ETF"
TBLA,"Taboola.com Ltd. - Ordinary Shares"
TBLAW,"Taboola.com Ltd. - Warrant"
TBLD,"Thornburg Income Builder Opportunities Trust - Closed End Fund"
TBLU,"Tortoise Capital Series Trust Tortoise Global Water Fund"
TBMC,"Trailblazer Merger Corporation I - Class A Common Stock"
TBMCR,"Trailblazer Merger Corporation I - Rights"
TBN,"Tamboran Resources Corporation Common stock"
TBPH,"Theravance Biopharma, Inc. - Ordinary Shares"
TBRG,"TruBridge, Inc. - Common Stock"
TC,"Token Cat Limited - American Depositary Shares"
TCAI,"Tortoise Capital Series Trust Tortoise AI Infrastructure ETF"
TCBIO,"Texas Capital Bancshares, Inc. - Depositary Shares 5.75% Fixed Rate Non-Cumulative Perpetual Preferred Stock Series B"
TCBK,"TriCo Bancshares - Common Stock"
TCBS,"Texas Community Bancshares, Inc. - Common Stock"
TCBX,"Third Coast Bancshares, Inc. - Common Stock"
TCHI,"iShares MSCI China Multisector Tech ETF"
TCI,"Transcontinental Realty Investors, Inc. Common Stock"
TCMD,"Tactile Systems Technology, Inc. - Common Stock"
TCOM,"Trip.com Group Limited - American Depositary Shares"
TCPC,"BlackRock TCP Capital Corp. - Closed End Fund"
TCRT,"Alaunos Therapeutics, Inc. - Common Stock"
TCRX,"TScan Therapeutics, Inc. - Common Stock"
TCX,"Tucows Inc. - Common Stock"
TD,"Toronto Dominion Bank (The) Common Stock"
TDAC,"Translational Development Acquisition Corp. - Ordinary Shares"
TDACU,"Translational Development Acquisition Corp. - Units"
TDACW,"Translational Development Acquisition Corp. - Warrants"
TDC,"Teradata Corporation Common Stock"
TDF,"Templeton Dragon Fund, Inc. Common Stock"
TDI,"Touchstone Dynamic International ETF"
TDIC,"Dreamland Limited - Class A Ordinary Shares"
TDIV,"First Trust NASDAQ Technology Dividend Index Fund"
TDOC,"Teladoc Health, Inc. Common Stock"
TDS$U,"Telephone and Data Systems, Inc. Depositary Shares, Each Representing a 1/1,000th Interest in a 6.625% Series UU Cumulative Redeemable Perpetual Preferred Stock"
TDS$V,"Telephone and Data Systems, Inc. Depositary Shares, Each Representing a 1/1,000th Interest in a 6.000% Series VV Cumulative Redeemable Perpetual Preferred Stock"
TDSB,"ETC Cabana Target Beta ETF"
TDSC,"ETC Cabana Target Drawdown 10 ETF"
TDTH,"Trident Digital Tech Holdings Ltd - American Depository Shares"
TDUP,"ThredUp Inc. - Class A Common Stock"
TE,"T1 Energy Inc. Common Stock"
TE.W,"T1 Energy Inc. Warrants, each whole warrant exercisable to purchase one Common Stock at an exercise price of $11.50 per share"
TEAD,"Teads Holding Co. - Common Stock"
TEAF,"Tortoise Sustainable and Social Impact Term Fund Common shares of beneficial interest"
TEAM,"Atlassian Corporation  - Class A Common Stock"
TECK,"Teck Resources Ltd Ordinary Shares"
TECTP,"Tectonic Financial, Inc. - 9.00% Fixed-to-Floating Rate Series B Non-Cumulative Perpetual Preferred Stock"
TECX,"Tectonic Therapeutic, Inc. - Common Stock"
TEF,"Telefonica SA Common Stock"
TEI,"Templeton Emerging Markets Income Fund, Inc. Common Stock"
TEKX,"SPDR Galaxy Transformative Tech Accelerators ETF"
TEKY,"Lazard Next Gen Technologies ETF"
TELA,"TELA Bio, Inc. - Common stock"
TELO,"Telomir Pharmaceuticals, Inc. - Common Stock"
TEM,"Tempus AI, Inc. - Class A Common Stock"
TEN,"Tsakos Energy Navigation Ltd Common Shares"
TEN$E,"Tsakos Energy Navigation Ltd Series E Fixed"
TEN$F,"Tsakos Energy Navigation Ltd Series F Fixed"
TENX,"Tenax Therapeutics, Inc. - Common Stock"
TERN,"Terns Pharmaceuticals, Inc. - Common Stock"
TEVA,"Teva Pharmaceutical Industries Limited American Depositary Shares"
TEXN,"iShares Texas Equity ETF"
TFC$I,"Truist Financial Corporation Depositary Shares"
TFC$O,"Truist Financial Corporation Depositary Shares, Each Representing a 1/1,000th Interest in a Share of Series O Non"
TFC$R,"Truist Financial Corporation Depositary Shares, each representing 1/1,000th interest in a share of Series R Non"
TFIN,"Triumph Financial, Inc. Common Stock"
TFIN$,"Triumph Financial, Inc. Depositary Shares, Each Representing a 1/40th Interest in a Share of 7.125% Series C Fixed"
TFNS,"T. Rowe Price Financials ETF"
TFPM,"Triple Flag Precious Metals Corp. Common Shares"
TFSA,"Terra Income Fund 6, LLC 7.00% Notes due 2026"
TG,"Tredegar Corporation Common Stock"
TGE,"The Generation Essentials Group Class A Ordinary Shares"
TGHL,"The GrowHub Limited - Class A Ordinary Shares"
TGL,"Treasure Global Inc. - Common Stock"
TH,"Target Hospitality Corp. - Common Stock"
THAR,"Tharimmune, Inc. - Common Stock"
THC,"Tenet Healthcare Corporation Common Stock"
THCH,"TH International Limited - Ordinary shares"
THFF,"First Financial Corporation  - Common Stock"
THH,"TryHard Holdings Limited - Ordinary Shares"
THIR,"THOR Financial Technologies Trust THOR Index Rotation ETF"
THLV,"THOR Equal Weight Low Volatility ETF"
THMZ,"Lazard Equity Megatrends ETF"
THQ,"abrdn Healthcare Opportunities Fund Shares of Beneficial Interest"
THR,"Thermon Group Holdings, Inc. Common Stock"
THRM,"Gentherm Inc - Common Stock"
THRY,"Thryv Holdings, Inc. - Common Stock"
THS,"Treehouse Foods, Inc. Common Stock"
THTX,"Theratechnologies Inc. - Common Shares"
THW,"abrdn World Healthcare Fund Shares of Beneficial Interest"
TIGR,"UP Fintech Holding Limited - American Depositary Shares representing fifteen Class A Ordinary Shares"
TIL,"Instil Bio, Inc. - Common Stock"
TILE,"Interface, Inc. - Common Stock"
TIPT,"Tiptree Inc. - Common Stock"
TIRX,"TIAN RUIXIANG Holdings Ltd - Class A Ordinary Shares"
TISI,"Team, Inc. Common Stock"
TITN,"Titan Machinery Inc. - Common Stock"
TIVC,"Tivic Health Systems, Inc. - Common stock"
TIXT,"TELUS International (Cda) Inc. Subordinate Voting Shares"
TK,"Teekay Corporation Ltd. Common Stock"
TKLF,"Tokyo Lifestyle Co., Ltd. - American Depositary Shares"
TKNO,"Alpha Teknova, Inc. - Common Stock"
TLF,"Tandy Leather Factory, Inc. - common stock"
TLIH,"Ten-League International Holdings Limited - Ordinary Shares"
TLK,"PT Telekomunikasi Indonesia, Tbk"
TLN,"Talen Energy Corporation - Common Stock"
TLPH,"Talphera, Inc. - Common Stock"
TLRY,"Tilray Brands, Inc. - Common Stock"
TLS,"Telos Corporation - Common Stock"
TLSA,"Tiziana Life Sciences Ltd - Common Shares"
TLSI,"TriSalus Life Sciences, Inc. - Common Stock"
TLSIW,"TriSalus Life Sciences, Inc. - Warrant"
TLT,"iShares 20+ Year Treasury Bond ETF"
TLYS,"Tilly's, Inc. Common Stock"
TM,"Toyota Motor Corporation Common Stock"
TMB,"Thornburg Multi Sector Bond ETF"
TMCI,"Treace Medical Concepts, Inc. - Common Stock"
TMCWW,"TMC the metals company Inc. - Warrant"
TME,"Tencent Music Entertainment Group American Depositary Shares, each representing two Class A Ordinary Shares"
TMED,"T. Rowe Price Health Care ETF"
TMET,"iShares Transition-Enabling Metals ETF"
TMHC,"Taylor Morrison Home Corporation Common Stock"
TMUSI,"T-Mobile US, Inc. - 5.500% Senior Notes due June 2070"
TMUSL,"T-Mobile US, Inc. - 6.250% Senior Notes due 2069"
TMUSZ,"T-Mobile US, Inc. - 5.500% Senior Notes due March 2070"
TNC,"Tennant Company Common Stock"
TNDM,"Tandem Diabetes Care, Inc. - Common Stock"
TNFA,"TNF Pharmaceuticals, Inc.  - Common Stock"
TNGX,"Tango Therapeutics, Inc. - Common Stock"
TNGY,"Tortoise Capital Series Trust Tortoise Energy Fund"
TNK,"Teekay Tankers Ltd."
TNMG,"TNL Mediagene - Ordinary Shares"
TNON,"Tenon Medical, Inc. - Common Stock"
TNONW,"Tenon Medical, Inc. - Warrant"
TNXP,"Tonix Pharmaceuticals Holding Corp. - Common Stock"
TNYA,"Tenaya Therapeutics, Inc. - Common Stock"
TOI,"The Oncology Institute, Inc. - Common Stock"
TOIIW,"The Oncology Institute, Inc. - Warrant"
TOL,"Toll Brothers, Inc. Common Stock"
TOMZ,"TOMI Environmental Solutions, Inc. - Common Stock"
TOP,"TOP Financial Group Limited - Class A Ordinary Shares"
TORO,"Toro Corp. - Common stock"
TOST,"Toast, Inc. Class A Common Stock"
TOUR,"Tuniu Corporation - American Depositary Shares"
TOYO,"TOYO Co., Ltd - Ordinary Shares"
TPB,"Turning Point Brands, Inc. Common Stock"
TPCS,"TechPrecision Corporation - Common stock"
TPG,"TPG Inc. - Class A Common Stock"
TPGXL,"TPG Inc. - 6.950% Fixed-Rate Junior Subordinated Notes due 2064"
TPLS,"Thornburg Core Plus Bond ETF"
TPST,"Tempest Therapeutics, Inc. - Common Stock"
TPTA,"Terra Property Trust, Inc. 6.00% Notes due 2026"
TPVG,"TriplePoint Venture Growth BDC Corp. Common Stock"
TPYP,"Tortoise Capital Series Trust Tortoise North American Pipeline Fund"
TPZ,"Tortoise Essential Energy Fund"
TQQQ,"ProShares UltraPro QQQ"
TQQY,"GraniteShares YieldBOOST QQQ ETF"
TRAK,"ReposiTrak, Inc. Common Stock"
TRAW,"Traws Pharma, Inc. - Common Stock"
TRC,"Tejon Ranch Co Common Stock"
TRDA,"Entrada Therapeutics, Inc. - Common Stock"
TREE,"LendingTree, Inc. - Common Stock"
TREX,"Trex Company, Inc. Common Stock"
TRI,"Thomson Reuters Corp - Common Shares"
TRIB,"Trinity Biotech plc - American Depositary Shares"
TRIN,"Trinity Capital Inc. - Common Stock"
TRINI,"Trinity Capital Inc. - 7.875% Notes Due 2029"
TRINZ,"Trinity Capital Inc. - 7.875% Notes due 2029"
TRIP,"TripAdvisor, Inc. - Common Stock"
TRML,"Tourmaline Bio, Inc.  - Common Stock"
TRNO,"Terreno Realty Corporation Common Stock"
TRNR,"Interactive Strength Inc. - Common Stock"
TRNS,"Transcat, Inc. - Common Stock"
TRON,"Tron Inc. - Common Stock"
TROO,"TROOPS, Inc.  - Ordinary Shares"
TROX,"Tronox Holdings plc Ordinary Shares (UK)"
TRP,"TC Energy Corporation Common Stock"
TRS,"TriMas Corporation - Common Stock"
TRSG,"Tungray Technologies Inc - Class A Ordinary Shares"
TRST,"TrustCo Bank Corp NY - Common Stock"
TRTN$A,"Triton International Limited 8.50% Series A Cumulative Redeemable Perpetual  Preference Shares"
TRTN$B,"Triton International Limited 8.00% Series B Cumulative Redeemable Perpetual Preference Shares"
TRTN$C,"Triton International Limited 7.375% Series C Cumulative Redeemable Perpetual Preference Shares"
TRTN$D,"Triton International Limited 6.875% Series D Cumulative Redeemable Perpetual Preference Shares"
TRTN$E,"Triton International Limited 5.75% Series E Cumulative Redeemable Perpetual Preference Shares"
TRTN$F,"Triton International Limited 7.625% Series F Cumulative Redeemable Perpetual Preference Shares"
TRTX,"TPG RE Finance Trust, Inc. Common Stock"
TRTX$C,"TPG RE Finance Trust, Inc. 6.25% Series C Cumulative Redeemable Preferred Stock, $0.001 par value per share"
TRU,"TransUnion Common Stock"
TRUD,"VanEck Consumer Discretionary TruSector ETF"
TRUE,"TrueCar, Inc. - Common Stock"
TRUG,"TruGolf Holdings, Inc. - Class A Common Stock"
TRUP,"Trupanion, Inc. - Common Stock"
TRUT,"VanEck Technology TruSector ETF"
TRVG,"trivago N.V. - American Depositary Shares"
TRVI,"Trevi Therapeutics, Inc. - Common Stock"
TS,"Tenaris S.A. American Depositary Shares"
TSAT,"Telesat Corporation - Class A Common Shares and Class B Variable Voting Shares"
TSBK,"Timberland Bancorp, Inc. - Common Stock"
TSDD,"GraniteShares 2x Short TSLA Daily ETF"
TSE,"Trinseo PLC Ordinary Shares"
TSEL,"Touchstone Sands Capital US Select Growth ETF"
TSHA,"Taysha Gene Therapies, Inc. - Common Stock"
TSI,"TCW Strategic Income Fund, Inc. Common Stock"
TSL,"GraniteShares 1.25x Long TSLA Daily ETF"
TSLG,"Leverage Shares 2X Long TSLA Daily ETF"
TSLL,"Direxion Daily TSLA Bull 2X Shares"
TSLQ,"Tradr 2X Short TSLA Daily ETF"
TSLR,"GraniteShares 2x Long TSLA Daily ETF"
TSLS,"Direxion Daily TSLA Bear 1X Shares"
TSLX,"Sixth Street Specialty Lending, Inc. Common Stock"
TSM,"Taiwan Semiconductor Manufacturing Company Ltd."
TSMG,"Leverage Shares 2X Long TSM Daily ETF"
TSMU,"GraniteShares 2x Long TSM Daily ETF"
TSMX,"Direxion Daily TSM Bull 2X Shares"
TSMZ,"Direxion Daily TSM Bear 1X Shares"
TSPY,"TappAlpha SPY Growth & Daily Income ETF"
TSQ,"Townsquare Media, Inc. Class A Common Stock"
TSSI,"TSS, Inc. - Common Stock"
TSYY,"GraniteShares YieldBOOST TSLA ETF"
TTD,"The Trade Desk, Inc. - Class A Common Stock"
TTE,"TotalEnergies SE"
TTEC,"TTEC Holdings, Inc. - Common Stock"
TTEQ,"T. Rowe Price Technology ETF"
TTGT,"TechTarget, Inc. - Common Stock"
TTI,"Tetra Technologies, Inc. Common Stock"
TTMI,"TTM Technologies, Inc. - Common Stock"
TTNP,"Titan Pharmaceuticals, Inc. - Common Stock"
TTSH,"Tile Shop Holdings, Inc. - Common Stock"
TU,"Telus Corporation Ordinary Shares"
TUG,"STF Tactical Growth ETF"
TUGN,"STF Tactical Growth & Income ETF"
TUR,"iShares MSCI Turkey ETF"
TURB,"Turbo Energy, S.A. - American Depositary Shares"
TURF,"T. Rowe Price Natural Resources ETF"
TURN,"180 Degree Capital Corp. - Closed End Fund"
TUSK,"Mammoth Energy Services, Inc. - Common Stock"
TUYA,"Tuya Inc. American Depositary Shares, each representing one Class A Ordinary Share"
TV,"Grupo Televisa S.A.B. Common Stock"
TVA,"Texas Ventures Acquisition III Corp - Class A Ordinary Share"
TVACU,"Texas Ventures Acquisition III Corp - Unit"
TVACW,"Texas Ventures Acquisition III Corp - Warrants"
TVAI,"Thayer Ventures Acquisition Corporation II - Class A Ordinary Shares"
TVAIR,"Thayer Ventures Acquisition Corporation II - Rights"
TVAIU,"Thayer Ventures Acquisition Corporation II - Unit"
TVC,"Tennessee Valley Authority Common Stock"
TVE,"Tennessee Valley Authority"
TVGN,"Tevogen Bio Holdings Inc. - Common Stock"
TVGNW,"Tevogen Bio Holdings Inc. - Warrant"
TVRD,"Tvardi Therapeutics, Inc. - Common Stock"
TW,"Tradeweb Markets Inc. - Class A Common Stock"
TWFG,"TWFG, Inc. - Common Stock"
TWG,"Top Wealth Group Holding Limited - Class A Ordinary Shares"
TWI,"Titan International, Inc. (DE) Common Stock"
TWIN,"Twin Disc, Incorporated - Common Stock"
TWLO,"Twilio Inc. Class A Common Stock"
TWN,"Taiwan Fund, Inc. (The) Common Stock"
TWNP,"Twin Hospitality Group Inc. - Class A Common Stock"
TWO,"Two Harbors Investment Corp"
TWO$A,"Two Harbors Investments Corp 8.125% Series A Fixed"
TWO$B,"Two Harbors Investments Corp 7.625% Series B Fixed"
TWO$C,"Two Harbors Investments Corp 7.25% Series C Fixed"
TWOD,"Two Harbors Investments Corp 9.375% Senior Notes due 2030"
TWST,"Twist Bioscience Corporation - Common Stock"
TXG,"10x Genomics, Inc. - Common Stock"
TXMD,"TherapeuticsMD, Inc. - Common Stock"
TXNM,"TXNM Energy, Inc. Common Stock"
TXO,"TXO Partners, L.P. Common Units Representing Limited Partner Interests"
TXRH,"Texas Roadhouse, Inc. - Common Stock"
TXSS,"Texas Capital Texas Small Cap Equity Index ETF"
TXUE,"Thornburg International Equity ETF"
TXUG,"Thornburg International Growth Fund ETF"
TY,"Tri Continental Corporation Common Stock"
TY$,"Tri Continental Corporation Preferred Stock"
TYG,"Tortoise Energy Infrastructure Corporation Common Stock"
TYGO,"Tigo Energy, Inc. - Common Stock"
TYRA,"Tyra Biosciences, Inc. - Common Stock"
TZOO,"Travelzoo - Common Stock"
TZUP,"Thumzup Media Corporation - Common Stock"
U,"Unity Software Inc. Common Stock"
UAE,"iShares MSCI UAE ETF"
UAN,"CVR Partners, LP Common Units representing Limited Partner Interests"
UBCP,"United Bancorp, Inc. - Common Stock"
UBFO,"United Security Bancshares - Common Stock"
UBND,"VictoryShares Core Plus Intermediate Bond ETF"
UBRL,"GraniteShares 2x Long UBER Daily ETF"
UBS,"UBS Group AG Registered Ordinary Shares"
UBXG,"U-BX Technology Ltd. - Ordinary Shares"
UCAR,"U Power Limited - Class A Ordinary Shares"
UCL,"uCloudlink Group Inc. - American Depositary Shares"
UCRD,"VictoryShares Corporate Bond ETF"
UCTT,"Ultra Clean Holdings, Inc. - Common Stock"
UCYB,"ProShares Ultra Nasdaq Cybersecurity"
UDMY,"Udemy, Inc. - Common Stock"
UEIC,"Universal Electronics Inc. - Common Stock"
UEVM,"VictoryShares Emerging Markets Value Momentum ETF"
UFCS,"United Fire Group, Inc - Common Stock"
UFG,"Uni-Fuels Holdings Limited - Class A Ordinary Shares"
UFI,"Unifi, Inc. New Common Stock"
UFIV,"US Treasury 5 Year Note ETF"
UFO,"Procure Space ETF"
UFPT,"UFP Technologies, Inc. - Common Stock"
UG,"United-Guardian, Inc. - Common Stock"
UGRO,"urban-gro, Inc. - Common Stock"
UHAL,"U"
UHAL.B,"U"
UHG,"United Homes Group, Inc - Class A Common Stock"
UHGWW,"United Homes Group, Inc - Warrant"
UHT,"Universal Health Realty Income Trust Common Stock"
UI,"Ubiquiti Inc. Common Stock"
UIS,"Unisys Corporation New Common Stock"
UITB,"VictoryShares Core Intermediate Bond ETF"
UIVM,"VictoryShares International Value Momentum ETF"
UK,"Ucommune International Ltd  - Ordinary Shares"
UKOMW,"Ucommune International Ltd  - Warrant expiring 11/17/2025"
UL,"Unilever PLC Common Stock"
ULBI,"Ultralife Corporation - Common Stock"
ULCC,"Frontier Group Holdings, Inc. - Common Stock"
ULH,"Universal Logistics Holdings, Inc. - Common Stock"
ULS,"UL Solutions Inc. Class A Common Stock"
ULVM,"VictoryShares US Value Momentum ETF"
ULY,"Urgent.ly Inc. - Common Stock"
UMBFO,"UMB Financial Corporation - Depositary Shares Each Representing a 1/400th Interest in a Share of 7.750% Fixed-Rate Reset Non-Cumulative Perpetual Preferred Stock, Series B"
UMC,"United Microelectronics Corporation (NEW) Common Stock"
UMH,"UMH Properties, Inc. Common Stock"
UMH$D,"UMH Properties, Inc. 6.375% Series D Cumulative Redeemable Preferred Stock, Liquidation Preference $25 per share"
UMMA,"Wahed Dow Jones Islamic World ETF"
UNB,"Union Bankshares, Inc. - Common Stock"
UNCY,"Unicycive Therapeutics, Inc. - Common Stock"
UNHG,"Leverage Shares 2X Long UNH Daily ETF"
UNIT,"Uniti Group Inc. - Common Stock"
UNIY,"WisdomTree Voya Yield Enhanced USD Universal Bond Fund"
UNM,"Unum Group Common Stock"
UNMA,"Unum Group 6.250% Junior Subordinated Notes due 2058"
UNTY,"Unity Bancorp, Inc. - Common Stock"
UOKA,"MDJM LTD - Ordinary Shares"
UONE,"Urban One, Inc.  - Class A Common Stock"
UONEK,"Urban One, Inc.  - Class D Common Stock"
UP,"Wheels Up Experience Inc. Class A Common Stock"
UPB,"Upstream Bio, Inc. - Common Stock"
UPBD,"Upbound Group, Inc. - Common Stock"
UPC,"Universe Pharmaceuticals Inc - Ordinary Shares"
UPGR,"Xtrackers US Green Infrastructure Select Equity ETF"
UPLD,"Upland Software, Inc. - Common Stock"
UPXI,"Upexi, Inc. - Common Stock"
URBN,"Urban Outfitters, Inc. - Common Stock"
URGN,"UroGen Pharma Ltd. - Ordinary Shares"
URNJ,"Sprott Junior Uranium Miners ETF"
UROY,"Uranium Royalty Corp. - Common Stock"
USA,"Liberty All"
USAF,"Atlas America Fund"
USARW,"USA Rare Earth, Inc. - Warrant"
USAU,"U.S. Gold Corp. - Common Stock"
USB$A,"U.S. Bancorp Depositary Shares, Each representing a 1/100th interest in a share of Series A Non"
USB$H,"U.S. Bancorp Depositary Shares repstg 1/1000th Pfd Ser B"
USB$P,"U.S. Bancorp Depositary Shares each representing a 1/1,000th interest in a share of Series K Non"
USB$Q,"U.S. Bancorp Depositary Shares, Each Representing a 1/1,000th Interest in a Share of Series L Non"
USB$R,"U.S. Bancorp Depositary Shares, Each Representing a 1/1,000th Interest in a Share of Series M Non"
USB$S,"U.S. Bancorp Depositary Shares, each representing a 1/1,000th interest in a share of Series O Non"
USCB,"USCB Financial Holdings, Inc.  - Class A Common Stock"
USCL,"iShares Climate Conscious & Transition MSCI USA ETF"
USDX,"SGI Enhanced Core ETF"
USEA,"United Maritime Corporation - Common Stock"
USEG,"U.S. Energy Corp. - Common Stock"
USFD,"US Foods Holding Corp. Common Stock"
USFI,"BrandywineGLOBAL - U.S. Fixed Income ETF"
USGO,"U.S. GoldMining Inc. - Common stock"
USGOW,"U.S. GoldMining Inc. - Warrant"
USIG,"iShares Broad USD Investment Grade Corporate Bond ETF"
USIN,"WisdomTree 7-10 Year Laddered Treasury Fund"
USIO,"Usio, Inc. - Common Stock"
USMC,"Principal U.S. Mega-Cap ETF"
USNA,"USANA Health Sciences, Inc. Common Stock"
USOI,"ETRACS Crude Oil Shares Covered Call ETNs due April 24, 2037"
USOY,"Defiance Oil Enhanced Options Income ETF"
USPH,"U.S. Physical Therapy, Inc. Common Stock"
USRD,"Themes US R&D Champions ETF"
USSH,"WisdomTree 1-3 Year Laddered Treasury Fund"
USTB,"VictoryShares Short-Term Bond ETF"
USVM,"VictoryShares US Small Mid Cap Value Momentum ETF"
USVN,"US Treasury 7 Year Note ETF"
USXF,"iShares ESG Advanced MSCI USA ETF"
UTEN,"US Treasury 10 Year Note ETF"
UTF,"Cohen & Steers Infrastructure Fund, Inc Common Stock"
UTF.R,"Cohen & Steers Infrastructure Fund, Inc Rights (expiring October 16, 2025) Rights"
UTHR,"United Therapeutics Corporation - Common Stock"
UTHY,"US Treasury 30 Year Bond ETF"
UTI,"Universal Technical Institute Inc Common Stock"
UTL,"UNITIL Corporation Common Stock"
UTMD,"Utah Medical Products, Inc. - Common Stock"
UTRE,"US Treasury 3 Year Note ETF"
UTSI,"UTStarcom Holdings Corp - Ordinary Shares"
UTWO,"US Treasury 2 Year Note ETF"
UTWY,"US Treasury 20 Year Bond ETF"
UTZ,"Utz Brands Inc Class A Common Stock"
UVE,"UNIVERSAL INSURANCE HOLDINGS INC Common Stock"
UVSP,"Univest Financial Corporation - Common Stock"
UVV,"Universal Corporation Common Stock"
UWMC.W,"UWM Holdings Corporation Warrant"
UXIN,"Uxin Limited - American Depositary Shares"
UYLD,"Angel Oak UltraShort Income ETF"
UYSC,"UY Scuti Acquisition Corp. - Ordinary Shares"
UYSCR,"UY Scuti Acquisition Corp. - Rights"
UYSCU,"UY Scuti Acquisition Corp. - Units"
UZD,"Array Digital Infrastructure, Inc. 6.250% Senior Notes due 2069"
UZE,"Array Digital Infrastructure, Inc. 5.500% Senior Notes due 2070"
UZF,"Array Digital Infrastructure, Inc. 5.500% Senior Notes due 2070"
VABK,"Virginia National Bankshares Corporation - Common Stock"
VACH,"Voyager Acquisition Corp - Class A Ordinary Shares"
VACHU,"Voyager Acquisition Corp - Unit"
VACHW,"Voyager Acquisition Corp - Warrants"
VAL.W,"Valaris Limited Warrants"
VALE,"VALE S.A.  American Depositary Shares Each Representing one common share"
VALN,"Valneva SE - American Depositary Shares"
VALU,"Value Line, Inc. - Common Stock"
VANI,"Vivani Medical, Inc.  - Common Stock"
VATE,"INNOVATE Corp. Common Stock"
VBF,"Invesco Bond Fund Common Stock"
VBIL,"Vanguard 0-3 Month Treasury Bill ETF"
VBIX,"Viewbix Inc. - Common Stock"
VBNK,"VersaBank - Common Shares"
VBTX,"Veritex Holdings, Inc. - Common Stock"
VCEL,"Vericel Corporation - Common Stock"
VCIC,"Vine Hill Capital Investment Corp. - Class A Ordinary Shares"
VCICU,"Vine Hill Capital Investment Corp. - Unit"
VCICW,"Vine Hill Capital Investment Corp. - Warrant"
VCIG,"VCI Global Limited - Ordinary Share"
VCIT,"Vanguard Intermediate-Term Corporate Bond ETF"
VCLT,"Vanguard Long-Term Corporate Bond ETF"
VCRB,"Vanguard Core Bond ETF"
VCSH,"Vanguard Short-Term Corporate Bond ETF"
VCV,"Invesco California Value Municipal Income Trust Common Stock"
VECO,"Veeco Instruments Inc. - Common Stock"
VEEA,"Veea Inc. - Common Stock"
VEEAW,"Veea Inc. - Warrant"
VEEE,"Twin Vee PowerCats Co. - Common Stock"
VEEV,"Veeva Systems Inc. Class A Common Stock"
VEL,"Velocity Financial, Inc. Common Stock"
VELO,"Velo3D, Inc. - Common stock"
VERA,"Vera Therapeutics, Inc. - Class A Common Stock"
VERB,"Verb Technology Company, Inc. - Common Stock"
VERI,"Veritone, Inc. - Common Stock"
VERO,"Venus Concept Inc.  - Common Stock"
VERU,"Veru Inc. - Common Stock"
VET,"Vermilion Energy Inc. Common (Canada)"
VFF,"Village Farms International, Inc. - Common Shares"
VFLO,"VictoryShares Free Cash Flow ETF"
VFSWW,"VinFast Auto Ltd. - Warrant"
VG,"Venture Global, Inc. Class A common stock"
VGAS,"Verde Clean Fuels, Inc. - Class A Common Stock"
VGASW,"Verde Clean Fuels, Inc. - Warrant"
VGI,"Virtus Global Multi"
VGIT,"Vanguard Intermediate-Term Treasury ETF"
VGLT,"Vanguard Long-Term Treasury ETF"
VGM,"Invesco Trust for Investment Grade Municipals Common Stock (DE)"
VGSH,"Vanguard Short-Term Treasury ETF"
VGSR,"Vert Global Sustainable Real Estate ETF"
VGUS,"Vanguard Ultra-Short Treasury ETF"
VHI,"Valhi, Inc. Common Stock"
VIASP,"Via Renewables, Inc. - 8.75% Series A Fixed-to-Floating Rate Cumulative Redeemable Perpetual Preferred Stock"
VIGI,"Vanguard International Dividend Appreciation ETF"
VIK,"Viking Holdings Ltd Ordinary Shares"
VINP,"Vinci Compass Investments Ltd. - Class A Common Shares"
VIOT,"Viomi Technology Co., Ltd - American Depositary Shares"
VIR,"Vir Biotechnology, Inc. - Common Stock"
VIRC,"Virco Manufacturing Corporation - Common Stock"
VITL,"Vital Farms, Inc. - Common Stock"
VIV,"Telefonica Brasil S.A. American Depositary Shares (Each representing One Common Share)"
VIVK,"Vivakor, Inc. - Common Stock"
VIVS,"VivoSim Labs, Inc. - Common Stock"
VIXI,"Defiance Enhanced Long Vol ETF"
VKQ,"Invesco Municipal Trust Common Stock"
VLGEA,"Village Super Market, Inc. - Class A Common Stock"
VLN,"Valens Semiconductor Ltd. Ordinary Shares"
VLN.W,"Valens Semiconductor Ltd. Warrants, each warrant to purchase one"
VLRS,"Controladora Vuela Compania de Aviacion, S.A.B. de C.V. American Depositary Shares, each representing ten (10) Ordinary Participation Certificates"
VLT,"Invesco High Income Trust II"
VLY,"Valley National Bancorp - Common Stock"
VLYPN,"Valley National Bancorp - 8.250% Fixed-Rate Reset Non-Cumulative Perpetual Preferred Stock, Series C"
VLYPO,"Valley National Bancorp - 5.5% Fixed to Floating Rate Series B Non-Cumulative Perpetual Preferred Stock"
VLYPP,"Valley National Bancorp - 6.25% Fixed-to-Floating Rate Series A Non-Cumulative Perpetual Preferred Stock"
VMAR,"Vision Marine Technologies Inc. - Common Shares"
VMBS,"Vanguard Mortgage-Backed Securities ETF"
VMD,"Viemed Healthcare, Inc. - Common Shares"
VMEO,"Vimeo, Inc. - Common Stock"
VMO,"Invesco Municipal Opportunity Trust Common Stock"
VNCE,"Vince Holding Corp. Common Stock"
VNDA,"Vanda Pharmaceuticals Inc. - Common Stock"
VNME,"Vendome Acquisition Corporation I - Class A Ordinary Shares"
VNMEU,"Vendome Acquisition Corporation I - Unit"
VNMEW,"Vendome Acquisition Corporation I - Warrant"
VNO$L,"Vornado Realty Trust Pfd Ser L %"
VNO$M,"Vornado Realty Trust 5.25% Series M Cumulative Redeemable Preferred Shares of Beneficial Interest, liquidation preference $25.00 per share, no par value per share"
VNO$N,"Vornado Realty Trust 5.25% Series N Cumulative Redeemable Preferred Shares of Beneficial Interest, liquidation preference $25.00 per share"
VNO$O,"Vornado Realty Trust 4.45% Series O Cumulative Redeemable Preferred Shares, Liquidation Preference $25.00 Per Share"
VNOM,"Viper Energy, Inc.  - Class A Common Stock"
VNQI,"Vanguard Global ex-U.S. Real Estate ETF"
VNT,"Vontier Corporation Common Stock"
VOC,"VOC Energy Trust Units of Beneficial Interest"
VOD,"Vodafone Group Plc - American Depositary Shares each representing ten Ordinary Shares"
VOLT,"Tema Electrification ETF"
VONE,"Vanguard Russell 1000 ETF"
VONG,"Vanguard Russell 1000 Growth ETF"
VONV,"Vanguard Russell 1000 Value ETF"
VOR,"Vor Biopharma Inc. - Common Stock"
VOTE,"TCW Transform 500 ETF"
VOXR,"Vox Royalty Corp. - common stock"
VOYA$B,"Voya Financial, Inc. Depositary Shares, each representing a 1/40th interest in a share of 5.35% Fixed"
VOYG,"Voyager Technologies, Inc. Class A Common Stock"
VPG,"Vishay Precision Group, Inc. Common Stock"
VPLS,"Vanguard Core Plus Bond ETF"
VPV,"Invesco Pennsylvania Value Municipal Income Trust Common Stock (DE)"
VRA,"Vera Bradley, Inc. - Common Stock"
VRAR,"The Glimpse Group, Inc. - Common Stock"
VRAX,"Virax Biolabs Group Limited - Ordinary Shares"
VRCA,"Verrica Pharmaceuticals Inc. - Common Stock"
VRDN,"Viridian Therapeutics, Inc.  - Common Stock"
VRE,"Veris Residential, Inc. Common Stock"
VREX,"Varex Imaging Corporation - Common Stock"
VRIG,"Invesco Variable Rate Investment Grade ETF"
VRM,"Vroom, Inc. - Common Stock"
VRME,"VerifyMe, Inc. - Common Stock"
VRNA,"Verona Pharma plc - American Depositary Shares"
VRNT,"Verint Systems Inc. - Common Stock"
VRT,"Vertiv Holdings, LLC Class A Common Stock"
VRTL,"GraniteShares 2x Long VRT Daily ETF"
VRTS,"Virtus Investment Partners, Inc. Common Stock"
VS,"Versus Systems Inc. - Common Stock"
VSA,"TCTM Kids IT Education Inc. - American Depositary Shares"
VSDA,"VictoryShares Dividend Accelerator ETF"
VSEE,"VSee Health, Inc. - Common Stock"
VSEEW,"VSee Health, Inc. - Warrant"
VSH,"Vishay Intertechnology, Inc. Common Stock"
VSME,"VS Media Holdings Limited - Class A Ordinary Shares"
VSMV,"VictoryShares US Multi-Factor Minimum Volatility ETF"
VSSYW,"Versus Systems Inc. - Class A Warrants"
VSTA,"Vasta Platform Limited - Class A Ordinary Shares"
VSTL,"Defiance Daily Target 2X Long VST ETF"
VSTM,"Verastem, Inc. - Common Stock"
VSTS,"Vestis Corporation Common Stock"
VTC,"Vanguard Total Corporate Bond ETF"
VTEX,"VTEX Class A Common Shares"
VTGN,"Vistagen Therapeutics, Inc. - Common Stock"
VTHR,"Vanguard Russell 3000 ETF"
VTIP,"Vanguard Short-Term Inflation-Protected Securities Index Fund ETF Shares"
VTLE,"Vital Energy, Inc. Common Stock, par value $0.01 per share"
VTN,"Invesco Trust for Investment Grade New York Municipals Common Stock"
VTOL,"Bristow Group, Inc. Common Stock"
VTS,"Vitesse Energy, Inc. Common Stock"
VTSI,"VirTra, Inc. - Common Stock"
VTVT,"vTv Therapeutics Inc. - Class A Common Stock"
VTWG,"Vanguard Russell 2000 Growth ETF"
VTWO,"Vanguard Russell 2000 ETF"
VTWV,"Vanguard Russell 2000 Value ETF"
VTYX,"Ventyx Biosciences, Inc. - Common Stock"
VUZI,"Vuzix Corporation  - Common Stock"
VVOS,"Vivos Therapeutics, Inc. - Common Stock"
VVPR,"VivoPower International PLC - Ordinary Shares"
VVR,"Invesco Senior Income Trust Common Stock (DE)"
VVX,"V2X, Inc. Common Stock"
VWAV,"VisionWave Holdings, Inc. - Common Stock"
VWAVW,"VisionWave Holdings, Inc. - Warrant"
VWOB,"Vanguard Emerging Markets Government Bond ETF"
VXUS,"Vanguard Total International Stock ETF"
VYGR,"Voyager Therapeutics, Inc. - Common Stock"
VYMI,"Vanguard International High Dividend Yield ETF"
VYNE,"VYNE Therapeutics Inc. - Common Stock"
VYX,"NCR Voyix Corporation Common Stock"
WABC,"Westamerica Bancorporation - Common Stock"
WABF,"Western Asset Bond ETF"
WAFDP,"WaFd, Inc. - Depositary Shares"
WAFU,"Wah Fu Education Group Limited - Ordinary Shares"
WAI,"Top KingWin Ltd - Class A Ordinary Shares"
WAL$A,"Western Alliance Bancorporation Depositary Shares, Each Representing a 1/400th Interest in a Share of 4.250% Fixed"
WALD,"Waldencast plc - Class A Ordinary Share"
WALDW,"Waldencast plc - Warrant"
WASH,"Washington Trust Bancorp, Inc. - Common Stock"
WATT,"Energous Corporation - Common Stock"
WAVE,"Eco Wave Power Global AB (publ) - American Depositary Shares"
WBS$F,"Webster Financial Corporation Depositary Shares, Each Representing 1/1,000th Interest in a Share of 5.25% Series F Non"
WBS$G,"Webster Financial Corporation Depositary Shares, each representing a 1/40th interest in a share of 6.50% Series G non"
WBUY,"WEBUY GLOBAL LTD. - Class A Ordinary Shares"
WBX,"Wallbox N.V. Class A Ordinary Shares"
WCBR,"WisdomTree Cybersecurity Fund"
WCC,"WESCO International, Inc. Common Stock"
WCLD,"WisdomTree Cloud Computing Fund"
WCN,"Waste Connections, Inc. Common Shares"
WCT,"Wellchange Holdings Company Limited - Class A Ordinary shares"
WDH,"Waterdrop Inc. American Depositary Shares (each representing the right to receive 10 Class A Ordinary Shares)"
WDI,"Western Asset Diversified Income Fund Common Shares of Beneficial Interest"
WDS,"Woodside Energy Group Limited American Depositary Shares, each representing one Ordinary Share"
WEA,"Western Asset Bond Fund Share of Beneficial Interest"
WEAV,"Weave Communications, Inc. Common Stock"
WEEI,"Westwood Salient Enhanced Energy Income ETF"
WEN,"Wendy's Company (The) - Common Stock"
WENN,"Wen Acquisition Corp - Class A Ordinary Shares"
WENNU,"Wen Acquisition Corp - Unit"
WENNW,"Wen Acquisition Corp - Warrant"
WERN,"Werner Enterprises, Inc. - Common Stock"
WES,"Western Midstream Partners, LP Common Units Representing Limited Partner Interests"
WEST,"Westrock Coffee Company - Common Stock"
WETH,"Wetouch Technology Inc. - Common Stock"
WETO,"Webus International Limited - Ordinary Shares"
WEYS,"Weyco Group, Inc. - Common Stock"
WF,"Woori Financial Group Inc. American Depositary Shares (each representing three (3) shares of Common Stock)"
WFC$A,"Wells Fargo & Company Depositary Shares, each representing a 1/1,000th interest in a share of Non"
WFC$C,"Wells Fargo & Company Depositary Shares, each representing a 1/1,000th interest in a share of Non"
WFC$D,"Wells Fargo & Company Depositary Shares, each representing a 1/1,000th interest in  a share of Non"
WFC$L,"Wells Fargo & Company 7.50% Non"
WFC$Y,"Wells Fargo & Company Depositary Shares, each representing a 1/1,000th interest in a share of Non"
WFC$Z,"Wells Fargo & Company Depositary Shares, each representing a 1/1,000th interest in a share of Non"
WFCF,"Where Food Comes From, Inc. - Common Stock"
WFF,"WF Holding Limited - Ordinary Shares"
WGMI,"CoinShares Bitcoin Mining ETF"
WGO,"Winnebago Industries, Inc. Common Stock"
WGRX,"Wellgistics Health, Inc. - Common Stock"
WGSWW,"GeneDx Holdings Corp. - Warrant"
WH,"Wyndham Hotels & Resorts, Inc. Common Stock"
WHF,"WhiteHorse Finance, Inc. - Closed End Fund"
WHFCL,"WhiteHorse Finance, Inc. - 7.875% Notes due 2028"
WHG,"Westwood Holdings Group Inc Common Stock"
WHLR,"Wheeler Real Estate Investment Trust, Inc. - Common Stock"
WHLRD,"Wheeler Real Estate Investment Trust, Inc. - Series D Cumulative Preferred Stock"
WHLRL,"Wheeler Real Estate Investment Trust, Inc. - 7.00% Senior Subordinated Convertible Notes Due 2031"
WHLRP,"Wheeler Real Estate Investment Trust, Inc. - Series B Preferred Stock"
WHWK,"Whitehawk Therapeutics, Inc. - Common Stock"
WIA,"Western Asset Inflation"
WILC,"G. Willi-Food International,  Ltd. - Ordinary Shares"
WIMI,"WiMi Hologram Cloud Inc. - Class B Ordinary Shares"
WINA,"Winmark Corporation - Common Stock"
WINN,"Harbor ETF Trust Harbor Long"
WISE,"Themes Generative Artificial Intelligence ETF"
WIT,"Wipro Limited Common Stock"
WIW,"Western Asset Inflation"
WKC,"World Kinect Corporation Common Stock"
WKEY,"WISeKey International Holding Ltd - American Depositary Shares"
WKHS,"Workhorse Group, Inc. - Common Stock"
WKSP,"Worksport, Ltd. - Common Stock"
WLAC,"Willow Lane Acquisition Corp. - Class A Ordinary Shares"
WLACU,"Willow Lane Acquisition Corp. - Unit"
WLACW,"Willow Lane Acquisition Corp. - Warrants"
WLDN,"Willdan Group, Inc. - Common Stock"
WLDS,"Wearable Devices Ltd. - Ordinary Share"
WLDSW,"Wearable Devices Ltd. - Warrant"
WLFC,"Willis Lease Finance Corporation - Common Stock"
WLKP,"Westlake Chemical Partners LP Common Units representing limited partner interests"
WLTG,"ETF Opportunities Trust WealthTrust DBS Long Term Growth ETF"
WLY,"John Wiley & Sons, Inc. Common Stock"
WLYB,"John Wiley & Sons, Inc. Common Stock"
WMG,"Warner Music Group Corp. - Class A Common Stock"
WMK,"Weis Markets, Inc. Common Stock"
WMS,"Advanced Drainage Systems, Inc. Common Stock"
WNC,"Wabash National Corporation Common Stock"
WNEB,"Western New England Bancorp, Inc. - Common Stock"
WNW,"Meiwu Technology Company Limited - Ordinary Shares"
WOK,"WORK Medical Technology Group LTD - Class A Ordinary Shares"
WOLF,"Wolfspeed, Inc. Common Stock"
WOOD,"iShares Global Timber & Forestry ETF"
WOOF,"Petco Health and Wellness Company, Inc. - Class A Common Stock"
WORX,"SCWorx Corp. - Common Stock"
WOW,"WideOpenWest, Inc. Common Stock"
WPC,"W. P. Carey Inc. REIT"
WPM,"Wheaton Precious Metals Corp Common Shares (Canada)"
WPRT,"Westport Fuel Systems Inc - Common Shares"
WRAP,"Wrap Technologies, Inc. - Common Stock"
WRB$E,"W.R. Berkley Corporation 5.70% Subordinated Debentures due 2058"
WRB$F,"W.R. Berkley Corporation 5.10% Subordinated Debentures due 2059"
WRB$G,"W.R. Berkley Corporation 4.25% Subordinated Debentures due 2060"
WRB$H,"W.R. Berkley Corporation 4.125% Subordinated Debentures due 2061"
WRLD,"World Acceptance Corporation - Common Stock"
WRND,"NYLI Global Equity R&D Leaders ETF"
WS,"Worthington Steel, Inc. Common Shares"
WSBCP,"WesBanco, Inc. - Depositary Shares, Each Representing a 1/40th Interest in a Share of 6.75% Fixed-Rate Reset Non-Cumulative Perpetual Preferred Stock, Series A"
WSBF,"Waterstone Financial, Inc. - Common Stock"
WSBK,"Winchester Bancorp, Inc. - Common Stock"
WSML,"iShares MSCI World Small-Cap ETF"
WSO,"Watsco, Inc. Common Stock"
WSO.B,"Watsco, Inc. Class B Common Stock"
WSR,"Whitestone REIT Common Shares"
WT,"WisdomTree, Inc. Common Stock"
WTBA,"West Bancorporation - Common Stock"
WTBN,"WisdomTree Bianco Total Return Fund"
WTF,"Waton Financial Limited - Ordinary Shares"
WTFCN,"Wintrust Financial Corporation - Depositary Shares, Each Representing a 1/1,000th Interest in a Share of 7.875% Fixed-Rate Reset Non-Cumulative Perpetual Preferred Stock, Series F, no par value, with a liquidation preference of $25,000 per share"
WTG,"Wintergreen Acquisition Corp. - Ordinary Shares"
WTGUR,"Wintergreen Acquisition Corp. - Rights"
WTGUU,"Wintergreen Acquisition Corp. - Unit"
WTI,"W&T Offshore, Inc. Common Stock"
WTIP,"WisdomTree Inflation Plus Fund"
WTMU,"WisdomTree Core Laddered Municipal Fund"
WTMY,"WisdomTree High Income Laddered Municipal Fund"
WTO,"UTime Limited - Ordinary Shares"
WTRG,"Essential Utilities, Inc. Common Stock"
WTTR,"Select Water Solutions, Inc. Class A common stock"
WULF,"TeraWulf Inc. - Common Stock"
WVE,"Wave Life Sciences Ltd. - Ordinary Shares"
WVVI,"Willamette Valley Vineyards, Inc. - Common Stock"
WVVIP,"Willamette Valley Vineyards, Inc. - Series A Redeemable Preferred Stock"
WW,"WW International, Inc.  - Common Stock"
WWD,"Woodward, Inc. - Common Stock"
WXM,"WF International Limited - Ordinary Shares"
WYFI,"WhiteFiber, Inc. - Ordinary Shares"
WYHG,"Wing Yip Food Holdings Group Limited - American Depositary Shares"
XAGE,"Longevity Health Holdings, Inc. - Common Stock"
XAGEW,"Longevity Health Holdings, Inc. - Warrant"
XAIR,"Beyond Air, Inc. - Common Stock"
XAIX,"Xtrackers Artificial Intelligence and Big Data ETF"
XBIL,"US Treasury 6 Month Bill ETF"
XBIO,"Xenetic Biosciences, Inc. - Common Stock"
XBIT,"XBiotech Inc. - Common Stock"
XBP,"XBP Global Holdings, Inc. - Common Stock"
XBPEW,"XBP Global Holdings, Inc. - Warrant"
XBTY,"GraniteShares YieldBOOST Bitcoin ETF"
XCH,"XCHG Limited - ADS"
XCNY,"SPDR S&P Emerging Markets ex-China ETF"
XCUR,"Exicure, Inc. - Common Stock"
XELB,"Xcel Brands, Inc - Common Stock"
XERS,"Xeris Biopharma Holdings, Inc. - Common Stock"
XFIX,"F/m Opportunistic Income ETF"
XFLT,"XAI Octagon Floating Rate & Alternative Income Trust Common Shares of Beneficial Interest"
XFLT$A,"XAI Octagon Floating Rate & Alternative Income Trust 6.50% Series 2026 Term Preferred Shares, (Liquidation Preference $25.00)"
XFOR,"X4 Pharmaceuticals, Inc. - Common Stock"
XGN,"Exagen Inc. - Common Stock"
XHG,"XChange TEC.INC - American Depositary Shares"
XHLD,"TEN Holdings, Inc. - Common Stock"
XHR,"Xenia Hotels & Resorts, Inc. Common Stock"
XIFR,"XPLR Infrastructure, LP Common Units representing limited partner interests"
XLO,"Xilio Therapeutics, Inc. - Common Stock"
XMAG,"Defiance Large Cap ex-Mag 7 ETF"
XNCR,"Xencor, Inc. - Common Stock"
XNET,"Xunlei Limited - American Depositary Shares"
XOMA,"XOMA Royalty Corporation - Common Stock"
XOMAO,"XOMA Royalty Corporation - Depositary Shares Rep Series B 8.375% Cumulative Preferred Stock"
XOMAP,"XOMA Royalty Corporation - 8.625% Series A Cumulative Perpetual Preferred Stock"
XOMX,"Direxion Daily XOM Bull 2X Shares"
XOMZ,"Direxion Daily XOM Bear 1X Shares"
XOS,"Xos, Inc. - Common Stock"
XOSWW,"Xos, Inc. - Warrants"
XOVR,"ERShares Private-Public Crossover ETF"
XPEL,"XPEL, Inc. - Common Stock"
XPER,"Xperi Inc. Common Stock"
XPEV,"XPeng Inc. American depositary shares, each representing two Class A ordinary shares"
XPO,"XPO, Inc. Common Stock"
XPOF,"Xponential Fitness, Inc. Class A Common Stock"
XPON,"Expion360 Inc. - Common Stock"
XPRO,"Expro Group Holdings N.V. Common Stock"
XRPI,"Volatility Shares Trust XRP ETF"
XRPT,"Volatility Shares Trust XRP 2X ETF"
XRTX,"XORTX Therapeutics Inc. - Common Stock"
XRX,"Xerox Holdings Corporation - Common Stock"
XT,"iShares Exponential Technologies ETF"
XTIA,"XTI Aerospace, Inc. Common Stock  - Common Stock"
XTKG,"X3 Holdings Co., Ltd. - Ordinary Shares"
XTLB,"XTL Biopharmaceuticals Ltd. - American Depositary Shares"
XWEL,"XWELL, Inc. - Common Stock"
XXII,"22nd Century Group, Inc - Common Stock"
XYF,"X Financial American Depositary Shares, each representing six Class A Ordinary Shares"
XYZ,"Block, Inc. Class A Common Stock,"
XYZG,"Leverage Shares 2X Long XYZ Daily ETF"
YAAS,"Youxin Technology Ltd - Class A Ordinary shares"
YALA,"Yalla Group Limited American Depositary Shares, each representing one Class A Ordinary Share"
YB,"Yuanbao Inc. - American Depositary Shares"
YDES,"YD Bio Limited - Ordinary Shares"
YDESW,"YD Bio Limited - Warrants"
YELP,"Yelp Inc. Common Stock"
YEXT,"Yext, Inc. Common Stock"
YGMZ,"MingZhu Logistics Holdings Limited - Ordinary Shares"
YHC,"LQR House Inc. - Common Stock"
YHGJ,"Yunhong Green CTI Ltd. - Common Stock"
YHNA,"YHN Acquisition I Limited - Ordinary Shares"
YHNAR,"YHN Acquisition I Limited - Right"
YHNAU,"YHN Acquisition I Limited - Unit"
YI,"111, Inc. - American Depositary Shares"
YIBO,"Planet Image International Limited - Class A Ordinary Shares"
YJ,"Yunji Inc. - American Depository Shares"
YLDE,"Franklin ClearBridge Enhanced Income ETF"
YMAB,"Y-mAbs Therapeutics, Inc. - Common Stock"
YMAT,"J-Star Holding Co., Ltd. - Ordinary Shares"
YMM,"Full Truck Alliance Co. Ltd. American Depositary Shares (each representing 20 Class A Ordinary Shares)"
YMT,"Yimutian Inc. - American Depositary Shares; each representing 25 Class A ordinary shares"
YNOT,"Horizon Digital Frontier ETF"
YOKE,"YOKE Core ETF"
YORK,"Yorkville Acquisition Corp. - Class A Ordinary Share"
YORKU,"Yorkville Acquisition Corp. - Unit"
YORKW,"Yorkville Acquisition Corp. - Warrant"
YORW,"The York Water Company - Common Stock"
YOSH,"Yoshiharu Global Co. - Class A Common Stock"
YOUL,"Youlife Group Inc. - American Depositary Shares"
YPF,"YPF Sociedad Anonima Common Stock"
YQ,"17 Education & Technology Group Inc. - American Depositary Shares"
YQQQ,"YieldMax Short N100 Option Income Strategy ETF"
YRD,"Yiren Digital Ltd. American Depositary Shares, each representing two ordinary shares"
YSG,"Yatsen Holding Limited American Depositary Shares, each representing twenty (20) Class A Ordinary Shares"
YSPY,"GraniteShares YieldBOOST SPY ETF"
YSXT,"YSX Tech. Co., Ltd  - Class A Ordinary Shares"
YTRA,"Yatra Online, Inc. - Ordinary Shares"
YUMC,"Yum China Holdings, Inc. Common Stock"
YXT,"YXT.COM GROUP HOLDING LIMITED - American Depository Shares"
YYAI,"Connexa Sports Technologies Inc. - Common Stock"
YYGH,"YY Group Holding Limited - Class A Ordinary Shares"
Z,"Zillow Group, Inc. - Class C Capital Stock"
ZAP,"Global X U.S. Electrification ETF"
ZAZZT,"Tick Pilot Test Stock Class A Common Stock"
ZBAI,"ATIF Holdings Limited - Ordinary Shares"
ZBAO,"Zhibao Technology Inc. - Class A Ordinary Shares"
ZBIO,"Zenas BioPharma, Inc. - Common Stock"
ZBZZT,"Test Pilot Test Stock Class B Common Stock"
ZCMD,"Zhongchao Inc. - Class A Ordinary Shares"
ZCZZT,"Tick Pilot Test Stock Class C"
ZD,"Ziff Davis, Inc. - Common Stock"
ZDAI,"Primega Group Holdings Limited - Ordinary Shares"
ZENA,"ZenaTech, Inc. - Common Stock"
ZENV,"Zenvia Inc. - Class A Common Stock"
ZEO,"Zeo Energy Corporation - Class A Common Stock"
ZEOWW,"Zeo Energy Corporation - Warrants"
ZEPP,"Zepp Health Corporation American depositary shares, each representing sixteen Class A ordinary shares"
ZEUS,"Olympic Steel, Inc. - Common Stock"
ZFZZT,"Nasdaq ETF Test Stock Nasdaq ETF Test Stock"
ZG,"Zillow Group, Inc. - Class A Common Stock"
ZH,"Zhihu Inc. American Depositary Shares, each representing three (3) Class A Ordinary Shares"
ZIM,"ZIM Integrated Shipping Services Ltd. Ordinary Shares"
ZIMV,"ZimVie Inc. - Common Stock"
ZIONP,"Zions Bancorporation N.A. - Depositary Shares each representing a 1/40th ownership interest in a share of Series A Floating-Rate Non-Cumulative Perpetual Preferred Stock"
ZIP,"ZipRecruiter, Inc. Class A Common Stock"
ZIPP,"STKd 100% UBER & 100% TSLA ETF"
ZJK,"ZJK Industrial Co., Ltd. - Ordinary Shares"
ZJYL,"JIN MEDICAL INTERNATIONAL LTD. - Ordinary Shares"
ZJZZT,"NASDAQ TEST STOCK"
ZKH,"ZKH Group Limited American Depositary Shares, each representing thirty"
ZKIN,"ZK International Group Co., Ltd - Ordinary Share"
ZM,"Zoom Communications, Inc. - Class A Common Stock"
ZNB,"Zeta Network Group - Class A Ordinary Shares"
ZNTL,"Zentalis Pharmaceuticals, Inc. - common stock"
ZOOZ,"ZOOZ Power Ltd. - Ordinary Shares"
ZOOZW,"ZOOZ Power Ltd. - Warrant"
ZS,"Zscaler, Inc. - Common Stock"
ZSPC,"zSpace, Inc. - Common stock"
ZTEK,"Zentek Ltd. - common stock"
ZTEN,"F/m 10-Year Investment Grade Corporate Bond ETF"
ZTO,"ZTO Express (Cayman) Inc. American Depositary Shares, each representing one Class A ordinary share."
ZTOP,"F/m High Yield 100 ETF"
ZTR,"Virtus Total Return Fund Inc."
ZTRE,"F/m 3-Year Investment Grade Corporate Bond ETF"
ZTWO,"F/m 2-Year Investment Grade Corporate Bond ETF"
ZUMZ,"Zumiez Inc. - Common Stock"
ZURA,"Zura Bio Limited - Class A Ordinary shares"
ZVIA,"Zevia PBC Class A Common Stock"
ZVRA,"Zevra Therapeutics, Inc.  - Common Stock"
ZVZZT,"NASDAQ TEST STOCK"
ZWZZT,"NASDAQ TEST STOCK"
ZXYZ.A,"Nasdaq Symbology Test Common Stock"
ZXZZT,"NASDAQ TEST STOCK"
ZYBT,"Zhengye Biotechnology Holding Limited - Ordinary Shares"
ZYME,"Zymeworks Inc. - Common Stock"
ZYXI,"Zynex, Inc. - Common Stock"
ZZZ,"Cyber Hornet S&P 500 and Bitcoin 75/25 Strategy ETF"
